dataset,n_samples,n_features,run,criterion,prophet_root_improvement,extra_root_improvement,prophet_minus_extra,prophet_ge_extra
GAMETES_Epistasis_2_Way_20atts_0.1H_EDM_1_1,1600,20,1,gini,1.637200841339336,1.637200841339336,0.0,1
GAMETES_Epistasis_2_Way_20atts_0.4H_EDM_1_1,1600,20,1,gini,1.4208581983517377,1.4208581983517377,0.0,1
GAMETES_Epistasis_3_Way_20atts_0.2H_EDM_1_1,1600,20,1,gini,2.9847984952668583,2.631925253322777,0.35287324194408143,1
GAMETES_Heterogeneity_20atts_1600_Het_0.4_0.2_50_EDM_2_001,1600,20,1,gini,2.4201361326575466,2.4201361326575466,0.0,1
GAMETES_Heterogeneity_20atts_1600_Het_0.4_0.2_75_EDM_2_001,1600,20,1,gini,2.9551743826513075,2.9551743826513075,0.0,1
Hill_Valley_with_noise,1212,100,1,gini,3.200725558808813,2.5142758942380254,0.6864496645707874,1
Hill_Valley_without_noise,1212,100,1,gini,1.626068249081868,1.4625164121361465,0.16355183694572162,1
adult,48842,14,1,gini,2348.679124578328,2257.9311646456613,90.74795993266662,1
agaricus_lepiota,8145,22,1,gini,1385.2506568966612,1385.2506568966612,0.0,1
allbp,3772,29,1,gini,34.00801022366455,34.00801022366455,0.0,1
allhyper,3771,29,1,gini,6.528649040373022,5.848529693125883,0.680119347247139,1
allhypo,3770,29,1,gini,28.267463965839852,16.143157809962076,12.124306155877775,1
allrep,3772,29,1,gini,38.393101943808006,38.393101943808006,0.0,1
analcatdata_aids,50,4,1,gini,1.5957446808510625,0.5102040816326543,1.0855405992184082,1
analcatdata_asbestos,83,3,1,gini,13.838948777566408,12.907881526104426,0.9310672514619824,1
analcatdata_authorship,841,70,1,gini,155.62560726870765,140.67229797550834,14.953309293199311,1
analcatdata_bankruptcy,50,6,1,gini,1.7857142857142847,1.5957446808510625,0.18996960486322223,1
analcatdata_boxing1,120,3,1,gini,3.67499999999999,3.2507936507936535,0.4242063492063366,1
analcatdata_boxing2,132,3,1,gini,17.580808080808083,17.580808080808083,0.0,1
analcatdata_creditscore,100,6,1,gini,25.92,4.112307692307695,21.807692307692307,1
analcatdata_cyyoung8092,97,10,1,gini,8.545933562428406,6.868093362678096,1.6778401997503103,1
analcatdata_cyyoung9302,92,10,1,gini,8.152173913043477,6.776191870394769,1.3759820426487082,1
analcatdata_dmft,797,4,1,gini,3.279971124274084,2.9945495463688587,0.2854215779052254,1
analcatdata_fraud,42,11,1,gini,5.14329004329004,5.14329004329004,0.0,1
analcatdata_germangss,400,5,1,gini,5.841924398625432,0.751879699248093,5.090044699377339,1
analcatdata_happiness,60,3,1,gini,5.138888888888898,2.105263157894747,3.0336257309941512,1
analcatdata_japansolvent,52,9,1,gini,8.861538461538458,6.782051282051281,2.0794871794871774,1
analcatdata_lawsuit,264,4,1,gini,11.06160214756644,2.095943539350529,8.96565860821591,1
ann_thyroid,7200,21,1,gini,255.2551910995776,168.83301427669647,86.42217682288111,1
appendicitis,106,7,1,gini,12.418780166739799,11.479245283018862,0.9395348837209365,1
backache,180,32,1,gini,4.133783039158178,4.133783039158178,0.0,1
balance_scale,625,4,1,gini,32.80559999999997,32.80559999999997,0.0,1
biomed,209,8,1,gini,20.32979505504491,20.21502955249086,0.11476550255405016,1
breast_cancer,286,9,1,gini,13.04298130900414,13.04298130900414,0.0,1
bupa,345,5,1,gini,0.838404164299078,0.5220087630603132,0.31639540123876486,1
calendarDOW,399,32,1,gini,18.253367933107143,13.39267993215364,4.860688000953502,1
car_evaluation,1728,6,1,gini,122.90682870370358,122.90682870370358,0.0,1
cars,392,8,1,gini,39.01738492351251,29.273505515502784,9.743879408009725,1
chess,3196,36,1,gini,326.24282842067146,326.24282842067146,0.0,1
churn,5000,20,1,gini,99.88848301211338,81.51753363698458,18.370949375128802,1
clean1,476,168,1,gini,171.18349634935942,58.67396432257112,112.50953202678829,1
cloud,108,7,1,gini,3.448506571087224,1.4195156695156754,2.0289909015715484,1
coil2000,9822,85,1,gini,28.773408351357034,18.29983945822039,10.473568893136644,1
collins,485,23,1,gini,38.873860760800596,38.322105520896514,0.5517552399040824,1
confidence,72,3,1,gini,11.388416988416989,10.88544891640867,0.5029680720083185,1
corral,160,6,1,gini,19.365964802011316,19.365964802011316,0.0,1
dermatology,366,34,1,gini,87.88629921137606,87.88629921137606,0.0,1
dis,3772,29,1,gini,0.8414401733836243,0.837391736745623,0.0040484366380013626,1
dna,3186,180,1,gini,519.7806193540839,519.7806193540839,0.0,1
ecoli,327,7,1,gini,47.31267746464724,47.26899150664242,0.043685958004815006,1
flags,178,43,1,gini,13.282707091843694,8.872410126727765,4.410296965115929,1
glass2,163,9,1,gini,10.49599056410593,8.59495901707485,1.9010315470310815,1
haberman,306,3,1,gini,3.4833813245577883,2.949285576818056,0.5340957477397321,1
hayes_roth,160,4,1,gini,13.797023809523822,13.797023809523822,0.0,1
hepatitis,155,19,1,gini,11.187096774193552,9.012731499828277,2.1743652743652753,1
hypothyroid,3163,25,1,gini,31.746170597928085,31.235581452686432,0.5105891452416529,1
ionosphere,351,34,1,gini,59.47660586835843,35.02088965347751,24.455716214880923,1
iris,150,4,1,gini,50.000000000000014,48.51485148514852,1.4851485148514953,1
irish,500,5,1,gini,142.81721637426898,105.84177777777776,36.975438596491216,1
kr_vs_kp,3196,36,1,gini,326.24282842067146,326.24282842067146,0.0,1
krkopt,28056,6,1,gini,564.7788119712131,244.86915039747055,319.9096615737426,1
labor,57,16,1,gini,10.823735810113519,7.842463301109916,2.9812725090036025,1
led24,3200,24,1,gini,204.24303117390923,204.24303117390923,0.0,1
led7,3200,7,1,gini,195.4506383026394,195.4506383026394,0.0,1
letter,20000,16,1,gini,396.61788370327076,386.77476244845593,9.843121254814832,1
lupus,87,3,1,gini,11.229652850342504,10.222413793103449,1.0072390572390546,1
lymphography,148,18,1,gini,14.876001278440302,14.876001278440302,0.0,1
magic,19020,10,1,gini,1084.1305657706503,672.3818698619248,411.7486959087255,1
mfeat_factors,2000,216,1,gini,134.08682917611463,134.07581231420897,0.011016861905659425,1
mfeat_fourier,2000,76,1,gini,157.17075892857156,147.67771284259595,9.493046085975607,1
mfeat_karhunen,2000,64,1,gini,94.99409916616548,89.6667496794783,5.327349486687183,1
mfeat_morphological,2000,6,1,gini,193.84632100891076,191.15044247787614,2.695878531034623,1
mfeat_pixel,2000,240,1,gini,140.2101226252438,140.2101226252438,0.0,1
mfeat_zernike,2000,47,1,gini,100.10989010988997,98.86261481336723,1.2472752965227443,1
mofn_3_7_10,1324,10,1,gini,38.5736536744803,38.5736536744803,0.0,1
molecular_biology_promoters,106,57,1,gini,18.928571428571427,12.24358302776323,6.684988400808198,1
monk1,556,6,1,gini,30.44761904761907,9.712230215827347,20.735388831791724,1
monk2,601,6,1,gini,2.4939130490630532,2.4939130490630532,0.0,1
monk3,554,6,1,gini,106.9468288399344,28.973473763002076,77.97335507693232,1
movement_libras,360,90,1,gini,14.847457627118644,14.789915966386559,0.057541660732084665,1
mushroom,8124,22,1,gini,2006.4767235055606,1944.1428149398607,62.33390856569986,1
mux6,128,6,1,gini,4.0,4.0,0.0,1
new_thyroid,215,5,1,gini,17.498393210823863,16.70274004144602,0.795653169377843,1
nursery,12958,8,1,gini,4217.4957967931805,1095.5502629455723,3121.945533847608,1
optdigits,5620,64,1,gini,313.6684155616076,306.7887606940835,6.879654867524096,1
page_blocks,5473,10,1,gini,363.5710318612802,207.71447277417812,155.85655908710206,1
parity5,32,5,1,gini,0.0,0.0,0.0,1
parity5+5,1124,10,1,gini,0.08630872419092839,0.08630872419092839,0.0,1
pendigits,10992,16,1,gini,741.2860819813143,737.2502979878586,4.035783993455652,1
penguins,333,7,1,gini,96.27750621152477,66.7311778035704,29.546328407954363,1
phoneme,5404,5,1,gini,139.52165078791344,63.78655946882512,75.73509131908833,1
postoperative_patient_data,88,8,1,gini,0.9639928698752129,0.7305194805194795,0.23347338935573347,1
prnn_crabs,200,7,1,gini,11.78996442154336,8.771348035151721,3.0186163863916384,1
prnn_synth,250,2,1,gini,12.061403508771946,4.338783706253594,7.722619802518352,1
profb,672,9,1,gini,5.598343685300142,3.0574027363753906,2.540940948924751,1
ring,7400,20,1,gini,311.9086247745845,276.7276545722957,35.18097020228879,1
saheart,462,9,1,gini,17.586580086580113,15.696892162563813,1.8896879240163003,1
satimage,6435,36,1,gini,849.7953645408476,829.8584922345455,19.93687230630212,1
schizo,340,14,1,gini,7.270570893451719,7.251951077460717,0.018619815991002042,1
segmentation,2310,19,1,gini,327.66902119071665,326.50529500756465,1.1637261831519936,1
shuttle,58000,9,1,gini,5738.334368440448,2315.7645263409904,3422.5698420994577,1
sonar,208,60,1,gini,20.65490183104353,19.803636069812562,0.8512657612309695,1
soybean,675,35,1,gini,56.0488327490325,56.0488327490325,0.0,1
spambase,4601,57,1,gini,258.4721522888724,254.47780566832134,3.994346620551056,1
spect,267,22,1,gini,12.216581545795025,12.216581545795025,0.0,1
spectf,349,44,1,gini,22.03206279646527,20.54512307786098,1.4869397186042903,1
splice,3188,60,1,gini,424.30631317128103,358.3570838318076,65.94922933947345,1
tae,151,5,1,gini,5.616713970356351,4.235625719838751,1.3810882505175996,1
texture,5500,40,1,gini,432.4432815621831,387.92906429882487,44.514217263358205,1
threeOf9,512,9,1,gini,23.765625,23.765625,0.0,1
tic_tac_toe,958,9,1,gini,37.24796382565572,37.24796382565572,0.0,1
tokyo1,959,44,1,gini,247.7850146743292,237.337800836428,10.447213837901216,1
twonorm,7400,20,1,gini,439.22577406402206,407.1262695377818,32.09950452624025,1
vehicle,846,18,1,gini,29.317046949712875,29.033379954784436,0.2836669949284385,1
vowel,990,13,1,gini,49.5434419684982,36.90851735015781,12.634924618340392,1
waveform_21,5000,21,1,gini,506.76353801686105,501.6455415511043,5.1179964657567325,1
waveform_40,5000,40,1,gini,524.5038888161484,516.9511536559673,7.552735160181101,1
wine_quality_red,1599,11,1,gini,95.13819954922252,90.04401682205349,5.094182727169027,1
wine_quality_white,4898,11,1,gini,182.98355360875212,165.84493272848454,17.13862088026758,1
wine_recognition,178,13,1,gini,39.783205634329235,38.26686962052152,1.5163360138077167,1
xd6,973,9,1,gini,18.801859965051932,18.801859965051932,0.0,1
yeast,1479,8,1,gini,41.39601992115357,34.758113590263676,6.637906330889891,1
GAMETES_Epistasis_2_Way_20atts_0.1H_EDM_1_1,1600,20,2,gini,1.637200841339336,1.637200841339336,0.0,1
GAMETES_Epistasis_2_Way_20atts_0.4H_EDM_1_1,1600,20,2,gini,1.4208581983517377,1.4208581983517377,0.0,1
GAMETES_Epistasis_3_Way_20atts_0.2H_EDM_1_1,1600,20,2,gini,2.9847984952668583,2.9847984952668583,0.0,1
GAMETES_Heterogeneity_20atts_1600_Het_0.4_0.2_50_EDM_2_001,1600,20,2,gini,2.4201361326575466,2.4201361326575466,0.0,1
GAMETES_Heterogeneity_20atts_1600_Het_0.4_0.2_75_EDM_2_001,1600,20,2,gini,2.9551743826513075,2.9551743826513075,0.0,1
Hill_Valley_with_noise,1212,100,2,gini,2.3465451552410457,2.030906721280985,0.31563843396006064,1
Hill_Valley_without_noise,1212,100,2,gini,1.7328360054941072,1.6880167398182948,0.0448192656758124,1
adult,48842,14,2,gini,1875.355746504497,1767.4926332863151,107.86311321818175,1
agaricus_lepiota,8145,22,2,gini,1182.0084006829234,1180.9160576280906,1.0923430548327815,1
allbp,3772,29,2,gini,34.00801022366455,34.00801022366455,0.0,1
allhyper,3771,29,2,gini,12.791490134846235,8.705595243373878,4.085894891472357,1
allhypo,3770,29,2,gini,39.58650369401124,22.92505395011227,16.66144974389897,1
allrep,3772,29,2,gini,38.393101943808006,38.393101943808006,0.0,1
analcatdata_aids,50,4,2,gini,3.40909090909091,2.7777777777777786,0.6313131313131315,1
analcatdata_asbestos,83,3,2,gini,13.838948777566408,13.838948777566408,0.0,1
analcatdata_authorship,841,70,2,gini,174.96311406597334,171.33126442907889,3.631849636894458,1
analcatdata_bankruptcy,50,6,2,gini,12.26655348047538,7.051282051282055,5.215271429193326,1
analcatdata_boxing1,120,3,2,gini,3.67499999999999,3.2507936507936535,0.4242063492063366,1
analcatdata_boxing2,132,3,2,gini,17.580808080808083,2.2272727272727337,15.35353535353535,1
analcatdata_creditscore,100,6,2,gini,20.134285714285717,6.365652173913041,13.768633540372676,1
analcatdata_cyyoung8092,97,10,2,gini,5.116908619117748,5.116908619117748,0.0,1
analcatdata_cyyoung9302,92,10,2,gini,8.152173913043477,7.986672747542315,0.165501165501162,1
analcatdata_dmft,797,4,2,gini,3.4065461763779012,3.279971124274084,0.12657505210381714,1
analcatdata_fraud,42,11,2,gini,5.14329004329004,5.14329004329004,0.0,1
analcatdata_germangss,400,5,2,gini,13.404050144647968,1.5075376884421985,11.89651245620577,1
analcatdata_happiness,60,3,2,gini,4.660633484162906,4.062500000000007,0.5981334841628989,1
analcatdata_japansolvent,52,9,2,gini,6.843891402714929,5.723443223443223,1.1204481792717065,1
analcatdata_lawsuit,264,4,2,gini,11.017907420663324,2.1099710181988556,8.907936402464468,1
ann_thyroid,7200,21,2,gini,126.10278310719316,16.34823668474496,109.7545464224482,1
appendicitis,106,7,2,gini,9.257304354748827,8.595394351341845,0.661910003406982,1
backache,180,32,2,gini,4.133783039158178,4.133783039158178,0.0,1
balance_scale,625,4,2,gini,39.62293333333335,39.62293333333335,0.0,1
biomed,209,8,2,gini,21.905835141588675,20.21502955249086,1.6908055890978133,1
breast_cancer,286,9,2,gini,9.923143523143537,9.153474786083482,0.769668737060055,1
bupa,345,5,2,gini,7.26812315235415,4.255633912646459,3.0124892397076906,1
calendarDOW,399,32,2,gini,21.664554040468417,21.664554040468417,0.0,1
car_evaluation,1728,6,2,gini,122.90682870370358,122.90682870370358,0.0,1
cars,392,8,2,gini,61.583321289803145,55.93594104308386,5.647380246719287,1
chess,3196,36,2,gini,326.24282842067146,326.24282842067146,0.0,1
churn,5000,20,2,gini,131.3531758675357,81.51753363698458,49.835642230551116,1
clean1,476,168,2,gini,149.63616606517212,138.53710842135018,11.099057643821936,1
cloud,108,7,2,gini,5.7125925925926,4.1761277015514295,1.5364648910411702,1
coil2000,9822,85,2,gini,28.773408351357034,28.773408351357034,0.0,1
collins,485,23,2,gini,46.32303686565035,43.19303073323687,3.1300061324134845,1
confidence,72,3,2,gini,11.999999999999996,11.999999999999996,0.0,1
corral,160,6,2,gini,19.365964802011316,19.365964802011316,0.0,1
dermatology,366,34,2,gini,86.40281030444967,73.36517377770845,13.037636526741224,1
dis,3772,29,2,gini,0.8209835958449361,0.7681064399522768,0.05287715589265929,1
dna,3186,180,2,gini,519.7806193540839,519.7806193540839,0.0,1
ecoli,327,7,2,gini,47.31267746464724,31.549482871181688,15.763194593465549,1
flags,178,43,2,gini,13.282707091843694,13.282707091843694,0.0,1
glass2,163,9,2,gini,16.312530008002142,13.40094319936565,2.9115868086364927,1
haberman,306,3,2,gini,9.386900439188011,8.860880141530298,0.5260202976577126,1
hayes_roth,160,4,2,gini,13.797023809523822,13.797023809523822,0.0,1
hepatitis,155,19,2,gini,11.187096774193552,7.793794961742819,3.3933018124507335,1
hypothyroid,3163,25,2,gini,7.436716698533019,4.525268111507728,2.9114485870252906,1
ionosphere,351,34,2,gini,43.00436065057002,35.02088965347751,7.98347099709251,1
iris,150,4,2,gini,50.000000000000014,48.51485148514852,1.4851485148514953,1
irish,500,5,2,gini,142.81721637426898,58.96088525902791,83.85633111524106,1
kr_vs_kp,3196,36,2,gini,326.24282842067146,326.24282842067146,0.0,1
krkopt,28056,6,2,gini,564.7788119712131,545.8227746491966,18.956037322016527,1
labor,57,16,2,gini,7.927033492822964,7.842463301109916,0.08457019171304836,1
led24,3200,24,2,gini,204.24303117390923,204.24303117390923,0.0,1
led7,3200,7,2,gini,195.4506383026394,195.4506383026394,0.0,1
letter,20000,16,2,gini,372.29890230797264,306.89433906423983,65.40456324373281,1
lupus,87,3,2,gini,12.534185354875017,10.035571687840292,2.498613667034725,1
lymphography,148,18,2,gini,14.876001278440302,14.876001278440302,0.0,1
magic,19020,10,2,gini,1443.2352174384932,1376.1276400404245,67.10757739806877,1
mfeat_factors,2000,216,2,gini,150.73659612432243,149.51762239181562,1.2189737325068108,1
mfeat_fourier,2000,76,2,gini,147.50093824193186,146.924846431912,0.5760918100198751,1
mfeat_karhunen,2000,64,2,gini,110.24633123689716,97.67933624191073,12.56699499498643,1
mfeat_morphological,2000,6,2,gini,193.84632100891076,193.84632100891076,0.0,1
mfeat_pixel,2000,240,2,gini,137.87939694411625,136.6700129656292,1.2093839784870397,1
mfeat_zernike,2000,47,2,gini,139.24337830366824,109.26449587565901,29.97888242800923,1
mofn_3_7_10,1324,10,2,gini,38.5736536744803,38.5736536744803,0.0,1
molecular_biology_promoters,106,57,2,gini,19.32763532763532,19.32763532763532,0.0,1
monk1,556,6,2,gini,30.44761904761907,9.712230215827347,20.735388831791724,1
monk2,601,6,2,gini,2.4939130490630532,2.4939130490630532,0.0,1
monk3,554,6,2,gini,106.9468288399344,106.9468288399344,0.0,1
movement_libras,360,90,2,gini,14.338714783159219,14.204568023833133,0.13414675932608588,1
mushroom,8124,22,2,gini,1308.551880521265,1183.0557014253607,125.49617909590438,1
mux6,128,6,2,gini,4.0,4.0,0.0,1
new_thyroid,215,5,2,gini,20.86712632932104,20.215116279069775,0.6520100502512634,1
nursery,12958,8,2,gini,4217.4957967931805,4217.4957967931805,0.0,1
optdigits,5620,64,2,gini,313.6684155616076,296.701418893593,16.966996668014644,1
page_blocks,5473,10,2,gini,351.26229375015987,161.43456225832253,189.82773149183734,1
parity5,32,5,2,gini,0.0,0.0,0.0,1
parity5+5,1124,10,2,gini,0.08630872419092839,0.08630872419092839,0.0,1
pendigits,10992,16,2,gini,665.3986996822969,651.795427496897,13.603272185399874,1
penguins,333,7,2,gini,100.62649914865825,96.20187452667984,4.42462462197841,1
phoneme,5404,5,2,gini,128.62793244825536,104.24365365089295,24.384278797362413,1
postoperative_patient_data,88,8,2,gini,0.9639928698752129,0.7305194805194795,0.23347338935573347,1
prnn_crabs,200,7,2,gini,18.864324991583437,12.19047619047619,6.673848801107248,1
prnn_synth,250,2,2,gini,24.03114740972056,20.72854890773965,3.30259850198091,1
profb,672,9,2,gini,14.639144083541524,9.286564735106388,5.352579348435135,1
ring,7400,20,2,gini,311.253353224879,263.43332522530454,47.82002799957445,1
saheart,462,9,2,gini,18.707574143676112,15.51822991822992,3.1893442254461917,1
satimage,6435,36,2,gini,888.9123732134422,861.3251394569793,27.587233756462865,1
schizo,340,14,2,gini,6.4694616443068185,5.785762900201391,0.6836987441054276,1
segmentation,2310,19,2,gini,327.68541303738743,326.50529500756465,1.1801180298227791,1
shuttle,58000,9,2,gini,2767.241331373003,18.385778165753436,2748.8555532072496,1
sonar,208,60,2,gini,18.968668319613073,18.460279484095068,0.5083888355180051,1
soybean,675,35,2,gini,55.1750025037029,55.1750025037029,0.0,1
spambase,4601,57,2,gini,263.82171800783226,229.3696281733141,34.45208983451815,1
spect,267,22,2,gini,12.216581545795025,12.216581545795025,0.0,1
spectf,349,44,2,gini,16.187023474075318,13.679353016901274,2.5076704571740436,1
splice,3188,60,2,gini,424.30631317128103,424.30631317128103,0.0,1
tae,151,5,2,gini,5.616713970356351,5.297703474591778,0.31901049576457297,1
texture,5500,40,2,gini,478.7869793755008,473.2743888220711,5.512590553429675,1
threeOf9,512,9,2,gini,23.765625,23.765625,0.0,1
tic_tac_toe,958,9,2,gini,37.24796382565572,37.24796382565572,0.0,1
tokyo1,959,44,2,gini,252.2671875948105,229.3803318189989,22.886855775811597,1
twonorm,7400,20,2,gini,472.7213573813035,456.90288865162756,15.818468729675942,1
vehicle,846,18,2,gini,63.650103371878004,63.650103371878004,0.0,1
vowel,990,13,2,gini,57.166546503244376,57.166546503244376,0.0,1
waveform_21,5000,21,2,gini,331.77194252818845,322.71543296880236,9.056509559386086,1
waveform_40,5000,40,2,gini,543.5966890742386,533.6178460089156,9.978843065322963,1
wine_quality_red,1599,11,2,gini,92.6802250690589,76.11702699683121,16.563198072227692,1
wine_quality_white,4898,11,2,gini,54.95600954078827,54.814143515995966,0.14186602479230714,1
wine_recognition,178,13,2,gini,41.772866615793504,41.480400280898884,0.2924663348946197,1
xd6,973,9,2,gini,18.801859965051932,18.801859965051932,0.0,1
yeast,1479,8,2,gini,40.19693836336609,36.38369123473882,3.8132471286272676,1
GAMETES_Epistasis_2_Way_20atts_0.1H_EDM_1_1,1600,20,3,gini,1.637200841339336,1.343201754385916,0.2939990869534199,1
GAMETES_Epistasis_2_Way_20atts_0.4H_EDM_1_1,1600,20,3,gini,1.4208581983517377,1.4208581983517377,0.0,1
GAMETES_Epistasis_3_Way_20atts_0.2H_EDM_1_1,1600,20,3,gini,2.9847984952668583,2.631925253322777,0.35287324194408143,1
GAMETES_Heterogeneity_20atts_1600_Het_0.4_0.2_50_EDM_2_001,1600,20,3,gini,2.4201361326575466,1.2358943930379738,1.1842417396195728,1
GAMETES_Heterogeneity_20atts_1600_Het_0.4_0.2_75_EDM_2_001,1600,20,3,gini,2.9551743826513075,0.9682420605151094,1.986932322136198,1
Hill_Valley_with_noise,1212,100,3,gini,3.0651858133522865,2.9236289643251894,0.1415568490270971,1
Hill_Valley_without_noise,1212,100,3,gini,1.8866819291766745,1.8008355775198552,0.08584635165681931,1
adult,48842,14,3,gini,2899.1496678348003,2348.679124578328,550.4705432564724,1
agaricus_lepiota,8145,22,3,gini,1385.2506568966612,1187.7556142293292,197.49504266733197,1
allbp,3772,29,3,gini,34.00801022366455,34.00801022366455,0.0,1
allhyper,3771,29,3,gini,8.373402080626775,4.48799994072435,3.885402139902425,1
allhypo,3770,29,3,gini,28.198250663376086,5.646702547883706,22.55154811549238,1
allrep,3772,29,3,gini,38.393101943808006,38.393101943808006,0.0,1
analcatdata_aids,50,4,3,gini,2.546777546777548,1.5957446808510625,0.9510328659264857,1
analcatdata_asbestos,83,3,3,gini,13.838948777566408,12.907881526104426,0.9310672514619824,1
analcatdata_authorship,841,70,3,gini,116.44883657244688,102.20465124081943,14.244185331627449,1
analcatdata_bankruptcy,50,6,3,gini,14.819376026272579,13.500000000000004,1.3193760262725753,1
analcatdata_boxing1,120,3,3,gini,3.857142857142854,3.2507936507936535,0.6063492063492006,1
analcatdata_boxing2,132,3,3,gini,5.725108225108226,4.3787878787878824,1.3463203463203435,1
analcatdata_creditscore,100,6,3,gini,2.9714592933947768,2.175102040816334,0.7963572525784426,1
analcatdata_cyyoung8092,97,10,3,gini,10.863669056908085,7.769280960459348,3.0943880964487374,1
analcatdata_cyyoung9302,92,10,3,gini,9.947844908714476,9.4764982373678,0.4713466713466765,1
analcatdata_dmft,797,4,3,gini,5.206352934514598,5.206352934514598,0.0,1
analcatdata_fraud,42,11,3,gini,5.14329004329004,5.14329004329004,0.0,1
analcatdata_germangss,400,5,3,gini,5.841924398625432,5.343511450381698,0.4984129482437343,1
analcatdata_happiness,60,3,3,gini,4.449388209121253,4.160000000000007,0.2893882091212454,1
analcatdata_japansolvent,52,9,3,gini,8.146412411118293,2.33653846153846,5.809873949579833,1
analcatdata_lawsuit,264,4,3,gini,11.017907420663324,6.641774891774887,4.376132528888437,1
ann_thyroid,7200,21,3,gini,535.2735555555554,19.986736990154554,515.2868185654008,1
appendicitis,106,7,3,gini,9.903446435454695,9.666011205268653,0.2374352301860423,1
backache,180,32,3,gini,4.133783039158178,4.133783039158178,0.0,1
balance_scale,625,4,3,gini,39.62293333333335,39.62293333333335,0.0,1
biomed,209,8,3,gini,24.4126859622977,22.16727367944965,2.2454122828480507,1
breast_cancer,286,9,3,gini,13.04298130900414,13.04298130900414,0.0,1
bupa,345,5,3,gini,7.450440052700905,3.1216731481783597,4.328766904522546,1
calendarDOW,399,32,3,gini,19.387190293460435,13.39267993215364,5.994510361306794,1
car_evaluation,1728,6,3,gini,122.90682870370358,122.90682870370358,0.0,1
cars,392,8,3,gini,58.219281329553056,54.83944523628429,3.3798360932687643,1
chess,3196,36,3,gini,326.24282842067146,326.24282842067146,0.0,1
churn,5000,20,3,gini,135.32686706586784,127.96281441441448,7.364052651453363,1
clean1,476,168,3,gini,170.4605455296873,122.87073944622097,47.58980608346633,1
cloud,108,7,3,gini,5.7125925925926,1.4195156695156754,4.293076923076924,1
coil2000,9822,85,3,gini,28.773408351357034,18.29983945822039,10.473568893136644,1
collins,485,23,3,gini,46.970556117658816,35.312375884840094,11.658180232818722,1
confidence,72,3,3,gini,11.388416988416996,10.200000000000003,1.1884169884169928,1
corral,160,6,3,gini,19.365964802011316,19.365964802011316,0.0,1
dermatology,366,34,3,gini,86.40281030444967,73.36517377770845,13.037636526741224,1
dis,3772,29,3,gini,0.837391736745623,0.8220671494921623,0.015324587253460642,1
dna,3186,180,3,gini,519.7806193540839,519.7806193540839,0.0,1
ecoli,327,7,3,gini,47.687425183820594,39.84515700183495,7.842268181985645,1
flags,178,43,3,gini,13.282707091843694,13.282707091843694,0.0,1
glass2,163,9,3,gini,8.986962434645967,8.048834355828234,0.9381280788177335,1
haberman,306,3,3,gini,0.2600889192886342,0.18871828887196784,0.07137063041666636,1
hayes_roth,160,4,3,gini,13.797023809523822,13.797023809523822,0.0,1
hepatitis,155,19,3,gini,7.690565854133226,6.66949742301756,1.0210684311156655,1
hypothyroid,3163,25,3,gini,21.198763862893145,17.418872890515928,3.779890972377217,1
ionosphere,351,34,3,gini,47.15987443885645,46.06660006660006,1.0932743722563885,1
iris,150,4,3,gini,40.34462269756389,35.281385281385305,5.063237416178588,1
irish,500,5,3,gini,119.7403042357667,58.96088525902791,60.77941897673879,1
kr_vs_kp,3196,36,3,gini,326.24282842067146,326.24282842067146,0.0,1
krkopt,28056,6,3,gini,545.8227746491966,244.86915039747055,300.95362425172607,1
labor,57,16,3,gini,7.287162920087941,7.076023391812866,0.21113952827507543,1
led24,3200,24,3,gini,204.24303117390923,204.24303117390923,0.0,1
led7,3200,7,3,gini,195.4506383026394,195.4506383026394,0.0,1
letter,20000,16,3,gini,372.29890230797264,350.7499560666065,21.54894624136614,1
lupus,87,3,3,gini,12.865946131411906,11.229652850342504,1.6362932810694026,1
lymphography,148,18,3,gini,14.876001278440302,14.876001278440302,0.0,1
magic,19020,10,3,gini,1632.1650383520664,1146.7200498024345,485.44498854963194,1
mfeat_factors,2000,216,3,gini,147.35137714753228,145.40855034691066,1.9428268006216172,1
mfeat_fourier,2000,76,3,gini,138.2948238527481,127.99665174164721,10.298172111100882,1
mfeat_karhunen,2000,64,3,gini,108.01280940808465,96.29620054356425,11.716608864520396,1
mfeat_morphological,2000,6,3,gini,193.84632100891076,191.15044247787614,2.695878531034623,1
mfeat_pixel,2000,240,3,gini,140.2101226252438,140.2101226252438,0.0,1
mfeat_zernike,2000,47,3,gini,156.87810539295683,156.17509903224186,0.7030063607149657,1
mofn_3_7_10,1324,10,3,gini,38.5736536744803,38.5736536744803,0.0,1
molecular_biology_promoters,106,57,3,gini,19.32763532763532,18.928571428571427,0.3990638990638935,1
monk1,556,6,3,gini,30.44761904761907,30.44761904761907,0.0,1
monk2,601,6,3,gini,2.4939130490630532,2.4939130490630532,0.0,1
monk3,554,6,3,gini,106.9468288399344,28.973473763002076,77.97335507693232,1
movement_libras,360,90,3,gini,14.622009569378008,14.613578963006987,0.008430606371021554,1
mushroom,8124,22,3,gini,1268.205528734818,1185.00431800984,83.20121072497795,1
mux6,128,6,3,gini,4.0,4.0,0.0,1
new_thyroid,215,5,3,gini,25.158993830090182,21.196110431116562,3.96288339897362,1
nursery,12958,8,3,gini,4217.4957967931805,1095.5502629455723,3121.945533847608,1
optdigits,5620,64,3,gini,340.58059357162074,315.2494985626279,25.33109500899286,1
page_blocks,5473,10,3,gini,24.811843991228386,15.234528200330942,9.577315790897444,1
parity5,32,5,3,gini,0.0,0.0,0.0,1
parity5+5,1124,10,3,gini,0.08630872419092839,0.08630872419092839,0.0,1
pendigits,10992,16,3,gini,781.7462848237201,776.6414889520881,5.10479587163195,1
penguins,333,7,3,gini,109.29852779608876,105.9726094083139,3.3259183877748626,1
phoneme,5404,5,3,gini,251.76451039577023,251.6606110764651,0.1038993193051283,1
postoperative_patient_data,88,8,3,gini,0.7305194805194795,0.6651884700665143,0.06533101045296519,1
prnn_crabs,200,7,3,gini,10.978929327553175,9.743946240296605,1.2349830872565697,1
prnn_synth,250,2,3,gini,47.08998348926802,40.873384412971134,6.2165990762968875,1
profb,672,9,3,gini,1.993172378945241,1.4230692872741173,0.5701030916711236,1
ring,7400,20,3,gini,293.19049766388116,286.9972439710896,6.193253692791586,1
saheart,462,9,3,gini,19.423658914104777,18.753246753246742,0.6704121608580351,1
satimage,6435,36,3,gini,847.2145343674122,845.7787878787877,1.4357464886244315,1
schizo,340,14,3,gini,7.144475568004992,6.286713106295153,0.8577624617098394,1
segmentation,2310,19,3,gini,328.8339222614843,326.50529500756465,2.328627253919649,1
shuttle,58000,9,3,gini,7278.986806316407,5262.907282617432,2016.0795236989743,1
sonar,208,60,3,gini,26.58527009589725,24.40763714798618,2.1776329479110714,1
soybean,675,35,3,gini,56.0488327490325,56.0488327490325,0.0,1
spambase,4601,57,3,gini,105.65211041563862,95.64771619451082,10.004394221127797,1
spect,267,22,3,gini,12.216581545795025,12.216581545795025,0.0,1
spectf,349,44,3,gini,19.829435519439798,15.173823848712246,4.655611670727552,1
splice,3188,60,3,gini,424.30631317128103,424.30631317128103,0.0,1
tae,151,5,3,gini,5.616713970356351,4.235625719838751,1.3810882505175996,1
texture,5500,40,3,gini,434.21805031908116,403.9060172347225,30.31203308435863,1
threeOf9,512,9,3,gini,23.765625,23.765625,0.0,1
tic_tac_toe,958,9,3,gini,4.230614889393934,4.230614889393934,0.0,1
tokyo1,959,44,3,gini,216.304051804075,215.69179689418854,0.6122549098864454,1
twonorm,7400,20,3,gini,455.39664265976694,412.57327590947125,42.82336675029569,1
vehicle,846,18,3,gini,57.362936282491546,56.24987269104204,1.113063591449503,1
vowel,990,13,3,gini,49.73596280319646,41.786445166726764,7.949517636469693,1
waveform_21,5000,21,3,gini,569.443202938988,545.1706068124192,24.272596126568715,1
waveform_40,5000,40,3,gini,499.59900545312826,492.1582431240786,7.440762329049676,1
wine_quality_red,1599,11,3,gini,37.88323807080155,28.212402796160745,9.670835274640808,1
wine_quality_white,4898,11,3,gini,59.680286677176355,19.307024761310913,40.37326191586544,1
wine_recognition,178,13,3,gini,37.18327131424566,29.76108841221201,7.422182902033647,1
xd6,973,9,3,gini,18.801859965051932,18.801859965051932,0.0,1
yeast,1479,8,3,gini,109.68513704571615,45.141991863340536,64.54314518237561,1
GAMETES_Epistasis_2_Way_20atts_0.1H_EDM_1_1,1600,20,4,gini,1.637200841339336,1.343201754385916,0.2939990869534199,1
GAMETES_Epistasis_2_Way_20atts_0.4H_EDM_1_1,1600,20,4,gini,1.4208581983517377,1.2648354659864935,0.1560227323652441,1
GAMETES_Epistasis_3_Way_20atts_0.2H_EDM_1_1,1600,20,4,gini,2.9847984952668583,2.4110655403873125,0.5737329548795458,1
GAMETES_Heterogeneity_20atts_1600_Het_0.4_0.2_50_EDM_2_001,1600,20,4,gini,2.4201361326575466,1.2358943930379738,1.1842417396195728,1
GAMETES_Heterogeneity_20atts_1600_Het_0.4_0.2_75_EDM_2_001,1600,20,4,gini,2.9551743826513075,1.3967455827921391,1.5584287998591684,1
Hill_Valley_with_noise,1212,100,4,gini,3.0665951443263566,3.042418032786827,0.024177111539529506,1
Hill_Valley_without_noise,1212,100,4,gini,1.8706955582847513,1.8008355775198552,0.06985998076489608,1
adult,48842,14,4,gini,2899.1496678348003,2899.1496678348003,0.0,1
agaricus_lepiota,8145,22,4,gini,1385.2506568966612,1180.9160576280906,204.33459926857063,1
allbp,3772,29,4,gini,34.00801022366455,34.00801022366455,0.0,1
allhyper,3771,29,4,gini,12.591409229596067,5.740796571368449,6.850612658227618,1
allhypo,3770,29,4,gini,25.63231332106028,16.400890399870377,9.231422921189903,1
allrep,3772,29,4,gini,38.393101943808006,38.393101943808006,0.0,1
analcatdata_aids,50,4,4,gini,4.761904761904763,4.0,0.7619047619047628,1
analcatdata_asbestos,83,3,4,gini,13.838948777566408,12.907881526104426,0.9310672514619824,1
analcatdata_authorship,841,70,4,gini,108.76342446523884,95.70320752417803,13.060216941060816,1
analcatdata_bankruptcy,50,6,4,gini,6.25,6.25,0.0,1
analcatdata_boxing1,120,3,4,gini,3.67499999999999,3.2507936507936535,0.4242063492063366,1
analcatdata_boxing2,132,3,4,gini,12.734848484848488,10.54848484848485,2.1863636363636374,1
analcatdata_creditscore,100,6,4,gini,27.07714285714286,5.1083468834688315,21.968795973674027,1
analcatdata_cyyoung8092,97,10,4,gini,10.863669056908085,7.065348970868207,3.798320086039878,1
analcatdata_cyyoung9302,92,10,4,gini,5.423175336868818,5.159792960662525,0.2633823762062928,1
analcatdata_dmft,797,4,4,gini,5.206352934514598,5.206352934514598,0.0,1
analcatdata_fraud,42,11,4,gini,5.14329004329004,5.14329004329004,0.0,1
analcatdata_germangss,400,5,4,gini,22.536727272727276,3.0303030303030596,19.506424242424217,1
analcatdata_happiness,60,3,4,gini,4.062500000000007,0.6779661016949206,3.3845338983050866,1
analcatdata_japansolvent,52,9,4,gini,3.7051282051282066,3.6256211488769594,0.07950705625124721,1
analcatdata_lawsuit,264,4,4,gini,4.141341991341978,2.673058349353166,1.468283641988812,1
ann_thyroid,7200,21,4,gini,195.30831417624495,155.3571909322972,39.95112324394776,1
appendicitis,106,7,4,gini,7.626613704071492,5.253569607343188,2.3730440967283037,1
backache,180,32,4,gini,4.133783039158178,4.133783039158178,0.0,1
balance_scale,625,4,4,gini,39.62293333333335,32.80559999999997,6.81733333333338,1
biomed,209,8,4,gini,15.771876364349163,14.806546324488913,0.96533003986025,1
breast_cancer,286,9,4,gini,13.04298130900414,11.015301953175786,2.0276793558283543,1
bupa,345,5,4,gini,7.790162057020879,0.9423386229733524,6.847823434047527,1
calendarDOW,399,32,4,gini,12.405800433806235,10.29290235458268,2.112898079223555,1
car_evaluation,1728,6,4,gini,122.90682870370358,122.90682870370358,0.0,1
cars,392,8,4,gini,61.583321289803145,54.83944523628429,6.7438760535188536,1
chess,3196,36,4,gini,326.24282842067146,326.24282842067146,0.0,1
churn,5000,20,4,gini,92.38656783794954,81.51753363698458,10.869034200964961,1
clean1,476,168,4,gini,43.85160795087265,38.82428618727042,5.027321763602231,1
cloud,108,7,4,gini,4.949028236156948,3.1068783068783112,1.8421499292786372,1
coil2000,9822,85,4,gini,28.773408351357034,18.29983945822039,10.473568893136644,1
collins,485,23,4,gini,41.96295973088871,39.183859108633555,2.7791006222551573,1
confidence,72,3,4,gini,11.999999999999996,11.999999999999996,0.0,1
corral,160,6,4,gini,19.365964802011316,19.365964802011316,0.0,1
dermatology,366,34,4,gini,87.88629921137606,86.40281030444967,1.4834889069263824,1
dis,3772,29,4,gini,0.8320854816495071,0.8147642726028579,0.017321209046649244,1
dna,3186,180,4,gini,519.7806193540839,519.7806193540839,0.0,1
ecoli,327,7,4,gini,47.687425183820594,44.259854545637,3.427570638183596,1
flags,178,43,4,gini,13.282707091843694,8.872410126727765,4.410296965115929,1
glass2,163,9,4,gini,5.688850097662154,2.2350614620553353,3.453788635606819,1
haberman,306,3,4,gini,2.949285576818056,2.3823529411764497,0.5669326356416065,1
hayes_roth,160,4,4,gini,13.797023809523822,13.797023809523822,0.0,1
hepatitis,155,19,4,gini,11.61374899521197,11.187096774193552,0.4266522210184185,1
hypothyroid,3163,25,4,gini,13.35575484370463,11.00585621635679,2.349898627347841,1
ionosphere,351,34,4,gini,45.93971545695682,44.74076038903621,1.1989550679206076,1
iris,150,4,4,gini,50.000000000000014,50.000000000000014,0.0,1
irish,500,5,4,gini,142.81721637426898,58.96088525902791,83.85633111524106,1
kr_vs_kp,3196,36,4,gini,326.24282842067146,326.24282842067146,0.0,1
krkopt,28056,6,4,gini,545.8227746491966,370.4907280109146,175.332046638282,1
labor,57,16,4,gini,10.831578947368417,10.231578947368419,0.5999999999999979,1
led24,3200,24,4,gini,204.24303117390923,204.24303117390923,0.0,1
led7,3200,7,4,gini,195.4506383026394,195.4506383026394,0.0,1
letter,20000,16,4,gini,372.29890230797264,293.03426966095503,79.2646326470176,1
lupus,87,3,4,gini,11.453799074488732,8.290223910913564,3.1635751635751674,1
lymphography,148,18,4,gini,14.876001278440302,14.876001278440302,0.0,1
magic,19020,10,4,gini,767.500997693656,689.9350420609899,77.56595563266615,1
mfeat_factors,2000,216,4,gini,158.85327755203457,158.85327755203457,0.0,1
mfeat_fourier,2000,76,4,gini,124.87672899590166,110.89201701936219,13.984711976539472,1
mfeat_karhunen,2000,64,4,gini,118.59619217342265,107.86968478950712,10.726507383915532,1
mfeat_morphological,2000,6,4,gini,193.84632100891076,193.84632100891076,0.0,1
mfeat_pixel,2000,240,4,gini,140.2101226252438,140.2101226252438,0.0,1
mfeat_zernike,2000,47,4,gini,155.3593898213214,143.69005049574662,11.669339325574782,1
mofn_3_7_10,1324,10,4,gini,38.5736536744803,38.5736536744803,0.0,1
molecular_biology_promoters,106,57,4,gini,19.32763532763532,19.32763532763532,0.0,1
monk1,556,6,4,gini,30.44761904761907,30.44761904761907,0.0,1
monk2,601,6,4,gini,2.4939130490630532,2.4939130490630532,0.0,1
monk3,554,6,4,gini,106.9468288399344,28.973473763002076,77.97335507693232,1
movement_libras,360,90,4,gini,15.415837171296985,15.02599179206564,0.3898453792313461,1
mushroom,8124,22,4,gini,2006.4767235055606,1944.1428149398607,62.33390856569986,1
mux6,128,6,4,gini,4.0,4.0,0.0,1
new_thyroid,215,5,4,gini,17.083687707641197,7.773008283223454,9.310679424417742,1
nursery,12958,8,4,gini,4217.4957967931805,4217.4957967931805,0.0,1
optdigits,5620,64,4,gini,313.6684155616076,310.74121936493293,2.927196196674686,1
page_blocks,5473,10,4,gini,247.12089717776382,190.9162939936064,56.204603184157435,1
parity5,32,5,4,gini,0.0,0.0,0.0,1
parity5+5,1124,10,4,gini,0.08630872419092839,0.08630872419092839,0.0,1
pendigits,10992,16,4,gini,776.6414889520881,670.196009052961,106.44547989912712,1
penguins,333,7,4,gini,66.7311778035704,27.282092112540433,39.44908569102997,1
phoneme,5404,5,4,gini,264.2706958968347,206.1512470549569,58.119448841877784,1
postoperative_patient_data,88,8,4,gini,0.7305194805194795,0.3904496497702752,0.34006983074920427,1
prnn_crabs,200,7,4,gini,12.815148028036408,12.050156739811914,0.7649912882244934,1
prnn_synth,250,2,4,gini,53.36228772203786,51.861702127659576,1.5005855943782862,1
profb,672,9,4,gini,17.549503117548568,13.965600402486274,3.583902715062294,1
ring,7400,20,4,gini,302.12897720165074,180.14527459083456,121.98370261081618,1
saheart,462,9,4,gini,16.142215973896356,15.51822991822992,0.6239860556664354,1
satimage,6435,36,4,gini,861.3251394569793,857.4991596302352,3.82597982674406,1
schizo,340,14,4,gini,4.455304249738617,3.9776665412844636,0.47763770845415365,1
segmentation,2310,19,4,gini,330.0000000000002,328.8397967174978,1.1602032825024367,1
shuttle,58000,9,4,gini,4691.408458366468,1411.049218199463,3280.359240167005,1
sonar,208,60,4,gini,17.524858913016814,14.882856849033317,2.6420020639834974,1
soybean,675,35,4,gini,56.0488327490325,55.41946026428442,0.6293724847480817,1
spambase,4601,57,4,gini,501.2864522098844,491.47879314895613,9.807659060928245,1
spect,267,22,4,gini,12.216581545795025,12.216581545795025,0.0,1
spectf,349,44,4,gini,19.829435519439798,12.74508800654931,7.0843475128904885,1
splice,3188,60,4,gini,424.30631317128103,358.3570838318076,65.94922933947345,1
tae,151,5,4,gini,5.616713970356351,4.235625719838751,1.3810882505175996,1
texture,5500,40,4,gini,454.78711077988646,452.0336342408009,2.753476539085568,1
threeOf9,512,9,4,gini,23.765625,23.765625,0.0,1
tic_tac_toe,958,9,4,gini,37.24796382565572,37.24796382565572,0.0,1
tokyo1,959,44,4,gini,201.66080145937323,169.97810418261975,31.682697276753487,1
twonorm,7400,20,4,gini,483.37919024596454,447.7169466470607,35.66224359890384,1
vehicle,846,18,4,gini,30.38604541359615,29.41522329119971,0.9708221223964415,1
vowel,990,13,4,gini,50.29489573607225,38.67167157513663,11.62322416093562,1
waveform_21,5000,21,4,gini,511.2348442994851,444.157863992737,67.07698030674806,1
waveform_40,5000,40,4,gini,540.4613345329567,533.2700272595382,7.191307273418488,1
wine_quality_red,1599,11,4,gini,86.98368979992745,65.91984916314584,21.063840636781606,1
wine_quality_white,4898,11,4,gini,185.6485980680775,185.4836446095619,0.1649534585155834,1
wine_recognition,178,13,4,gini,33.065164275206264,24.064537185660782,9.000627089545482,1
xd6,973,9,4,gini,18.801859965051932,18.801859965051932,0.0,1
yeast,1479,8,4,gini,32.58431977256123,24.312010555487063,8.272309217074167,1
GAMETES_Epistasis_2_Way_20atts_0.1H_EDM_1_1,1600,20,5,gini,1.637200841339336,1.060866993048677,0.576333848290659,1
GAMETES_Epistasis_2_Way_20atts_0.4H_EDM_1_1,1600,20,5,gini,1.4208581983517377,1.2648354659864935,0.1560227323652441,1
GAMETES_Epistasis_3_Way_20atts_0.2H_EDM_1_1,1600,20,5,gini,2.9847984952668583,2.9847984952668583,0.0,1
GAMETES_Heterogeneity_20atts_1600_Het_0.4_0.2_50_EDM_2_001,1600,20,5,gini,2.4201361326575466,1.2358943930379738,1.1842417396195728,1
GAMETES_Heterogeneity_20atts_1600_Het_0.4_0.2_75_EDM_2_001,1600,20,5,gini,2.9551743826513075,1.2843290451014155,1.670845337549892,1
Hill_Valley_with_noise,1212,100,5,gini,2.7786563960165154,2.364069882842003,0.41458651317451256,1
Hill_Valley_without_noise,1212,100,5,gini,1.8594391537302215,1.7441855747522368,0.11525357897798472,1
adult,48842,14,5,gini,2257.9311646456613,1977.9644525990934,279.96671204656786,1
agaricus_lepiota,8145,22,5,gini,1385.2506568966612,1180.9160576280906,204.33459926857063,1
allbp,3772,29,5,gini,34.00801022366455,34.00801022366455,0.0,1
allhyper,3771,29,5,gini,11.184814444133778,4.48799994072435,6.696814503409428,1
allhypo,3770,29,5,gini,26.70888843892061,18.124267805737304,8.584620633183306,1
allrep,3772,29,5,gini,38.393101943808006,38.393101943808006,0.0,1
analcatdata_aids,50,4,5,gini,3.40909090909091,1.0416666666666679,2.367424242424242,1
analcatdata_asbestos,83,3,5,gini,13.838948777566408,12.907881526104426,0.9310672514619824,1
analcatdata_authorship,841,70,5,gini,146.97845956240013,134.33289094890242,12.645568613497716,1
analcatdata_bankruptcy,50,6,5,gini,4.0697674418604635,4.0697674418604635,0.0,1
analcatdata_boxing1,120,3,5,gini,3.857142857142854,3.67499999999999,0.18214285714286405,1
analcatdata_boxing2,132,3,5,gini,17.580808080808083,12.734848484848488,4.845959595959595,1
analcatdata_creditscore,100,6,5,gini,12.929433962264156,5.609473684210528,7.319960278053628,1
analcatdata_cyyoung8092,97,10,5,gini,7.421550846379024,5.713563348662845,1.7079874977161786,1
analcatdata_cyyoung9302,92,10,5,gini,9.947844908714476,9.587422209051265,0.3604226996632107,1
analcatdata_dmft,797,4,5,gini,5.206352934514598,5.206352934514598,0.0,1
analcatdata_fraud,42,11,5,gini,5.14329004329004,5.14329004329004,0.0,1
analcatdata_germangss,400,5,5,gini,16.041500399042288,9.998846730480873,6.042653668561416,1
analcatdata_happiness,60,3,5,gini,4.449388209121253,4.44444444444445,0.004943764676802687,1
analcatdata_japansolvent,52,9,5,gini,12.792123169184638,8.861538461538458,3.9305847076461795,1
analcatdata_lawsuit,264,4,5,gini,18.873698523698522,16.91017316017314,1.963525363525381,1
ann_thyroid,7200,21,5,gini,184.13055275806397,100.62333923775361,83.50721352031036,1
appendicitis,106,7,5,gini,10.440646472708227,6.269113950936308,4.171532521771919,1
backache,180,32,5,gini,4.133783039158178,4.133783039158178,0.0,1
balance_scale,625,4,5,gini,39.62293333333335,39.62293333333335,0.0,1
biomed,209,8,5,gini,21.233677106070076,18.262165547583535,2.97151155848654,1
breast_cancer,286,9,5,gini,13.04298130900414,13.04298130900414,0.0,1
bupa,345,5,5,gini,2.473429951690804,1.536008918617597,0.9374210330732069,1
calendarDOW,399,32,5,gini,18.253367933107143,15.859621185621847,2.393746747485295,1
car_evaluation,1728,6,5,gini,122.90682870370358,122.90682870370358,0.0,1
cars,392,8,5,gini,51.536561367842125,42.99721839231577,8.539342975526353,1
chess,3196,36,5,gini,326.24282842067146,326.24282842067146,0.0,1
churn,5000,20,5,gini,127.67123408390614,81.51753363698458,46.15370044692156,1
clean1,476,168,5,gini,189.35011590843234,22.262852349677758,167.0872635587546,1
cloud,108,7,5,gini,3.448506571087224,3.272592592592588,0.17591397849463597,1
coil2000,9822,85,5,gini,18.35765465853683,18.29983945822039,0.057815200316440496,1
collins,485,23,5,gini,42.225016585199086,39.321491746943764,2.903524838255322,1
confidence,72,3,5,gini,11.999999999999996,11.999999999999996,0.0,1
corral,160,6,5,gini,19.365964802011316,19.365964802011316,0.0,1
dermatology,366,34,5,gini,87.88629921137606,86.40281030444967,1.4834889069263824,1
dis,3772,29,5,gini,1.464542670451948,1.4151770371367292,0.049365633315218815,1
dna,3186,180,5,gini,519.7806193540839,519.7806193540839,0.0,1
ecoli,327,7,5,gini,38.752211402882324,20.14890924910695,18.603302153775374,1
flags,178,43,5,gini,13.282707091843694,8.872410126727765,4.410296965115929,1
glass2,163,9,5,gini,11.415969861831663,5.427535654529535,5.988434207302127,1
haberman,306,3,5,gini,1.4387711695884207,1.0848601735776384,0.35391099601078224,1
hayes_roth,160,4,5,gini,13.797023809523822,13.797023809523822,0.0,1
hepatitis,155,19,5,gini,11.61374899521197,11.187096774193552,0.4266522210184185,1
hypothyroid,3163,25,5,gini,8.94847305666417,6.677925147620613,2.2705479090435574,1
ionosphere,351,34,5,gini,65.59580775096788,65.10426570823068,0.49154204273719415,1
iris,150,4,5,gini,48.54426619132502,41.01435406698566,7.529912124339361,1
irish,500,5,5,gini,142.81721637426898,142.81721637426898,0.0,1
kr_vs_kp,3196,36,5,gini,326.24282842067146,326.24282842067146,0.0,1
krkopt,28056,6,5,gini,564.7788119712131,369.0670967210899,195.71171525012323,1
labor,57,16,5,gini,10.831578947368417,10.831578947368419,-1.7763568394002505e-15,1
led24,3200,24,5,gini,204.24303117390923,204.24303117390923,0.0,1
led7,3200,7,5,gini,195.4506383026394,195.4506383026394,0.0,1
letter,20000,16,5,gini,377.9186056925246,346.0237071716838,31.894898520840798,1
lupus,87,3,5,gini,9.6228642435539,1.3571527489267439,8.265711494627157,1
lymphography,148,18,5,gini,14.876001278440302,14.876001278440302,0.0,1
magic,19020,10,5,gini,1097.8554065937715,858.943557599174,238.91184899459745,1
mfeat_factors,2000,216,5,gini,158.85327755203457,156.33385451567275,2.5194230363618146,1
mfeat_fourier,2000,76,5,gini,133.93844222991538,109.68435604024273,24.25408618967265,1
mfeat_karhunen,2000,64,5,gini,123.21850472988615,120.3476721326715,2.870832597214644,1
mfeat_morphological,2000,6,5,gini,193.84632100891076,193.84632100891076,0.0,1
mfeat_pixel,2000,240,5,gini,136.6700129656292,135.42983198155616,1.2401809840730493,1
mfeat_zernike,2000,47,5,gini,154.73748473748466,126.01995839063433,28.717526346850335,1
mofn_3_7_10,1324,10,5,gini,38.5736536744803,38.5736536744803,0.0,1
molecular_biology_promoters,106,57,5,gini,19.32763532763532,18.928571428571427,0.3990638990638935,1
monk1,556,6,5,gini,30.44761904761907,30.44761904761907,0.0,1
monk2,601,6,5,gini,2.4939130490630532,2.4939130490630532,0.0,1
monk3,554,6,5,gini,106.9468288399344,28.973473763002076,77.97335507693232,1
movement_libras,360,90,5,gini,14.418826166129733,14.264455401165378,0.1543707649643551,1
mushroom,8124,22,5,gini,1268.205528734818,1183.0557014253607,85.14982730945735,1
mux6,128,6,5,gini,4.0,4.0,0.0,1
new_thyroid,215,5,5,gini,29.22122638969494,24.244186046511636,4.977040343183305,1
nursery,12958,8,5,gini,4217.4957967931805,4217.4957967931805,0.0,1
optdigits,5620,64,5,gini,308.90451724816285,299.09365584349416,9.810861404668685,1
page_blocks,5473,10,5,gini,247.12089717776382,96.75590286236218,150.36499431540165,1
parity5,32,5,5,gini,0.0,0.0,0.0,1
parity5+5,1124,10,5,gini,0.08630872419092839,0.08630872419092839,0.0,1
pendigits,10992,16,5,gini,567.6786891017423,565.8672638464568,1.811425255285485,1
penguins,333,7,5,gini,98.71811706373916,90.5949993302934,8.123117733445753,1
phoneme,5404,5,5,gini,284.33880115490706,186.62754241781096,97.7112587370961,1
postoperative_patient_data,88,8,5,gini,0.9639928698752129,0.9639928698752129,0.0,1
prnn_crabs,200,7,5,gini,16.795485216537855,13.28125,3.5142352165378554,1
prnn_synth,250,2,5,gini,27.281610762657948,10.869565217391312,16.412045545266636,1
profb,672,9,5,gini,14.639144083541524,9.286564735106388,5.352579348435135,1
ring,7400,20,5,gini,305.4881088552265,305.17725031456075,0.3108585406657767,1
saheart,462,9,5,gini,24.467560099474994,20.129020404882482,4.338539694592512,1
satimage,6435,36,5,gini,853.5844200402548,853.5730156212514,0.011404419003383737,1
schizo,340,14,5,gini,7.251951077460717,6.747821677972468,0.5041293994882494,1
segmentation,2310,19,5,gini,327.68541303738743,321.87418747426534,5.811225563122093,1
shuttle,58000,9,5,gini,10435.493676017571,4906.159934874375,5529.333741143197,1
sonar,208,60,5,gini,15.334301539884073,13.282318376068375,2.0519831638156987,1
soybean,675,35,5,gini,56.0488327490325,56.0488327490325,0.0,1
spambase,4601,57,5,gini,249.3302566228897,242.51945981000404,6.8107968128856555,1
spect,267,22,5,gini,12.216581545795025,12.216581545795025,0.0,1
spectf,349,44,5,gini,19.825034758826163,17.07033513385123,2.7546996249749327,1
splice,3188,60,5,gini,424.30631317128103,359.58798083866793,64.7183323326131,1
tae,151,5,5,gini,5.297703474591778,4.235625719838751,1.0620777547530267,1
texture,5500,40,5,gini,472.4430329853313,464.2098482206217,8.233184764709563,1
threeOf9,512,9,5,gini,23.765625,23.765625,0.0,1
tic_tac_toe,958,9,5,gini,37.24796382565572,37.24796382565572,0.0,1
tokyo1,959,44,5,gini,215.34702098545253,214.34239684510422,1.0046241403483123,1
twonorm,7400,20,5,gini,476.7315212209344,465.93885462126764,10.792666599666745,1
vehicle,846,18,5,gini,49.45378596551927,37.11670445012932,12.337081515389954,1
vowel,990,13,5,gini,50.9354505931766,48.953510436432566,1.981940156744031,1
waveform_21,5000,21,5,gini,576.9413696543425,562.8691393129104,14.072230341432032,1
waveform_40,5000,40,5,gini,589.6932082146768,585.5872351400515,4.1059730746253535,1
wine_quality_red,1599,11,5,gini,93.90349644051258,92.6802250690589,1.2232713714536771,1
wine_quality_white,4898,11,5,gini,158.41693237708705,135.58689456851607,22.830037808570978,1
wine_recognition,178,13,5,gini,38.59257197852529,36.1952925222782,2.397279456247091,1
xd6,973,9,5,gini,18.801859965051932,18.801859965051932,0.0,1
yeast,1479,8,5,gini,98.99793954402674,58.24095029634225,40.75698924768449,1
GAMETES_Epistasis_2_Way_20atts_0.1H_EDM_1_1,1600,20,6,gini,1.637200841339336,1.637200841339336,0.0,1
GAMETES_Epistasis_2_Way_20atts_0.4H_EDM_1_1,1600,20,6,gini,1.4208581983517377,1.2648354659864935,0.1560227323652441,1
GAMETES_Epistasis_3_Way_20atts_0.2H_EDM_1_1,1600,20,6,gini,2.9847984952668583,2.631925253322777,0.35287324194408143,1
GAMETES_Heterogeneity_20atts_1600_Het_0.4_0.2_50_EDM_2_001,1600,20,6,gini,2.4201361326575466,1.2358943930379738,1.1842417396195728,1
GAMETES_Heterogeneity_20atts_1600_Het_0.4_0.2_75_EDM_2_001,1600,20,6,gini,2.9551743826513075,2.9551743826513075,0.0,1
Hill_Valley_with_noise,1212,100,6,gini,2.984591945856465,2.3594654319688573,0.6251265138876079,1
Hill_Valley_without_noise,1212,100,6,gini,1.9863278478018636,1.9337854890301784,0.052542358771685116,1
adult,48842,14,6,gini,2348.679124578328,1938.7919662610232,409.88715831730474,1
agaricus_lepiota,8145,22,6,gini,1385.2506568966612,1180.9160576280906,204.33459926857063,1
allbp,3772,29,6,gini,34.00801022366455,34.00801022366455,0.0,1
allhyper,3771,29,6,gini,9.751117023774107,4.48799994072435,5.263117083049757,1
allhypo,3770,29,6,gini,41.177710039394185,32.32558148286222,8.852128556531966,1
allrep,3772,29,6,gini,38.393101943808006,38.393101943808006,0.0,1
analcatdata_aids,50,4,6,gini,4.761904761904763,4.209979209979208,0.5519255519255548,1
analcatdata_asbestos,83,3,6,gini,13.838948777566408,12.907881526104426,0.9310672514619824,1
analcatdata_authorship,841,70,6,gini,176.57190929774376,174.96311406597334,1.608795231770415,1
analcatdata_bankruptcy,50,6,6,gini,1.5957446808510625,1.5957446808510625,0.0,1
analcatdata_boxing1,120,3,6,gini,5.8799999999999955,3.857142857142854,2.0228571428571414,1
analcatdata_boxing2,132,3,6,gini,10.54848484848485,5.725108225108226,4.823376623376625,1
analcatdata_creditscore,100,6,6,gini,29.60181818181818,8.562857142857144,21.038961038961038,1
analcatdata_cyyoung8092,97,10,6,gini,7.421550846379024,7.278016540547185,0.1435343058318388,1
analcatdata_cyyoung9302,92,10,6,gini,8.152173913043477,7.986672747542315,0.165501165501162,1
analcatdata_dmft,797,4,6,gini,5.206352934514598,5.206352934514598,0.0,1
analcatdata_fraud,42,11,6,gini,5.14329004329004,5.14329004329004,0.0,1
analcatdata_germangss,400,5,6,gini,10.726950354609944,5.343511450381698,5.383438904228246,1
analcatdata_happiness,60,3,6,gini,4.8413631022326715,4.160000000000007,0.6813631022326643,1
analcatdata_japansolvent,52,9,6,gini,7.817997791681998,5.9282051282051285,1.8897926634768698,1
analcatdata_lawsuit,264,4,6,gini,11.017907420663324,2.095943539350529,8.921963881312795,1
ann_thyroid,7200,21,6,gini,492.22535712162534,19.986736990154554,472.2386201314708,1
appendicitis,106,7,6,gini,9.903446435454695,8.131551597394145,1.7718948380605504,1
backache,180,32,6,gini,4.133783039158178,4.133783039158178,0.0,1
balance_scale,625,4,6,gini,32.80559999999997,32.80559999999997,0.0,1
biomed,209,8,6,gini,17.678555110134056,14.232140402743742,3.446414707390314,1
breast_cancer,286,9,6,gini,13.04298130900414,11.015301953175786,2.0276793558283543,1
bupa,345,5,6,gini,7.26812315235415,6.954506497883624,0.31361665447052545,1
calendarDOW,399,32,6,gini,18.253367933107143,15.578190765743045,2.6751771673640974,1
car_evaluation,1728,6,6,gini,122.90682870370358,122.90682870370358,0.0,1
cars,392,8,6,gini,39.01738492351251,30.23783806205404,8.77954686145847,1
chess,3196,36,6,gini,326.24282842067146,326.24282842067146,0.0,1
churn,5000,20,6,gini,128.30186452733187,81.51753363698458,46.78433089034729,1
clean1,476,168,6,gini,198.469129318394,175.1741054037509,23.29502391464311,1
cloud,108,7,6,gini,3.272592592592588,1.5389403624697735,1.7336522301228143,1
coil2000,9822,85,6,gini,28.773408351357034,28.773408351357034,0.0,1
collins,485,23,6,gini,45.89955135778351,45.224191117733255,0.675360240050253,1
confidence,72,3,6,gini,11.388416988416996,11.388416988416996,0.0,1
corral,160,6,6,gini,19.365964802011316,19.365964802011316,0.0,1
dermatology,366,34,6,gini,87.88629921137606,87.88629921137606,0.0,1
dis,3772,29,6,gini,0.2279415590174807,0.1934099068594577,0.03453165215802301,1
dna,3186,180,6,gini,519.7806193540839,519.7806193540839,0.0,1
ecoli,327,7,6,gini,43.782094456324316,41.67079086837158,2.111303587952733,1
flags,178,43,6,gini,13.282707091843694,13.282707091843694,0.0,1
glass2,163,9,6,gini,10.685313912307784,8.92894665229089,1.7563672600168942,1
haberman,306,3,6,gini,2.2223535633184923,1.0039346842415853,1.218418879076907,1
hayes_roth,160,4,6,gini,13.797023809523822,13.797023809523822,0.0,1
hepatitis,155,19,6,gini,11.187096774193552,9.233042720139508,1.954054054054044,1
hypothyroid,3163,25,6,gini,39.909480724929836,37.7277045363866,2.181776188543239,1
ionosphere,351,34,6,gini,59.47660586835843,57.10160147020213,2.3750043981563067,1
iris,150,4,6,gini,34.16405023547881,33.54700854700856,0.6170416884702519,1
irish,500,5,6,gini,61.89394577518681,58.96088525902791,2.9330605161588963,1
kr_vs_kp,3196,36,6,gini,326.24282842067146,326.24282842067146,0.0,1
krkopt,28056,6,6,gini,564.7788119712131,244.86915039747055,319.9096615737426,1
labor,57,16,6,gini,10.831578947368417,10.231578947368419,0.5999999999999979,1
led24,3200,24,6,gini,204.24303117390923,204.24303117390923,0.0,1
led7,3200,7,6,gini,195.4506383026394,195.4506383026394,0.0,1
letter,20000,16,6,gini,372.29890230797264,352.62092943110474,19.677972876867898,1
lupus,87,3,6,gini,7.192767095714819,3.790299971965233,3.4024671237495863,1
lymphography,148,18,6,gini,14.876001278440302,14.876001278440302,0.0,1
magic,19020,10,6,gini,1480.925192998187,1399.954074371256,80.971118626931,1
mfeat_factors,2000,216,6,gini,139.1262048056473,138.8373281323576,0.28887667328967837,1
mfeat_fourier,2000,76,6,gini,142.62778989488163,118.52355512384656,24.104234771035067,1
mfeat_karhunen,2000,64,6,gini,108.70893812070267,80.92571657425947,27.7832215464432,1
mfeat_morphological,2000,6,6,gini,193.84632100891076,191.15044247787614,2.695878531034623,1
mfeat_pixel,2000,240,6,gini,140.2101226252438,140.2101226252438,0.0,1
mfeat_zernike,2000,47,6,gini,96.41205112951815,94.11420311024074,2.29784801927741,1
mofn_3_7_10,1324,10,6,gini,38.5736536744803,38.5736536744803,0.0,1
molecular_biology_promoters,106,57,6,gini,19.32763532763532,19.32763532763532,0.0,1
monk1,556,6,6,gini,30.44761904761907,10.895284751990204,19.552334295628867,1
monk2,601,6,6,gini,2.4939130490630532,2.4939130490630532,0.0,1
monk3,554,6,6,gini,106.9468288399344,97.53660152909379,9.410227310840611,1
movement_libras,360,90,6,gini,14.428595744680877,13.984563136770603,0.4440326079102732,1
mushroom,8124,22,6,gini,1308.551880521265,1268.205528734818,40.34635178644703,1
mux6,128,6,6,gini,4.0,4.0,0.0,1
new_thyroid,215,5,6,gini,30.776153988951418,27.50412337126836,3.2720306176830576,1
nursery,12958,8,6,gini,4217.4957967931805,1095.5502629455723,3121.945533847608,1
optdigits,5620,64,6,gini,293.92570223158145,290.0866182359532,3.8390839956282434,1
page_blocks,5473,10,6,gini,247.12089717776382,193.80028918664118,53.32060799112264,1
parity5,32,5,6,gini,0.0,0.0,0.0,1
parity5+5,1124,10,6,gini,0.08630872419092839,0.08630872419092839,0.0,1
pendigits,10992,16,6,gini,780.9830425731018,760.5385203386545,20.444522234447277,1
penguins,333,7,6,gini,109.9794227304227,105.9726094083139,4.006813322108798,1
phoneme,5404,5,6,gini,180.21498196236473,175.7428294012932,4.472152561071539,1
postoperative_patient_data,88,8,6,gini,0.7305194805194795,0.6651884700665143,0.06533101045296519,1
prnn_crabs,200,7,6,gini,16.438356164383563,10.256410256410263,6.181945907973301,1
prnn_synth,250,2,6,gini,41.55519710441419,33.55117820324005,8.004018901174142,1
profb,672,9,6,gini,2.569061477170038,2.3628691983121826,0.20619227885785563,1
ring,7400,20,6,gini,294.7651117582477,266.09604949723825,28.669062261009458,1
saheart,462,9,6,gini,18.003484984617074,17.44286845593507,0.5606165286820044,1
satimage,6435,36,6,gini,888.9123732134422,853.5844200402548,35.327953173187325,1
schizo,340,14,6,gini,7.144475568004992,6.042913517195387,1.101562050809605,1
segmentation,2310,19,6,gini,330.0000000000002,330.0000000000002,0.0,1
shuttle,58000,9,6,gini,10144.601779406183,5165.203945460495,4979.397833945688,1
sonar,208,60,6,gini,19.803636069812562,18.37418022853803,1.4294558412745317,1
soybean,675,35,6,gini,56.0488327490325,55.1750025037029,0.8738302453296001,1
spambase,4601,57,6,gini,142.06871639664718,136.32169036339133,5.74702603325585,1
spect,267,22,6,gini,12.216581545795025,12.216581545795025,0.0,1
spectf,349,44,6,gini,19.829435519439798,19.7739456463341,0.05548987310569942,1
splice,3188,60,6,gini,424.30631317128103,358.3570838318076,65.94922933947345,1
tae,151,5,6,gini,5.616713970356351,4.235625719838751,1.3810882505175996,1
texture,5500,40,6,gini,459.3740083359562,420.19670542635686,39.17730290959935,1
threeOf9,512,9,6,gini,23.765625,23.765625,0.0,1
tic_tac_toe,958,9,6,gini,37.24796382565572,37.24796382565572,0.0,1
tokyo1,959,44,6,gini,205.60935088092384,171.14358553766624,34.4657653432576,1
twonorm,7400,20,6,gini,470.2863065978545,450.0865315315316,20.1997750663229,1
vehicle,846,18,6,gini,48.731284864153594,46.47499319338101,2.2562916707725833,1
vowel,990,13,6,gini,49.69889767128632,36.75887432043493,12.94002335085139,1
waveform_21,5000,21,6,gini,498.0509172197085,488.78449155229646,9.266425667412022,1
waveform_40,5000,40,6,gini,498.4111549787285,493.16551345967684,5.245641519051674,1
wine_quality_red,1599,11,6,gini,95.13819954922252,93.6871267502413,1.4510727989812153,1
wine_quality_white,4898,11,6,gini,189.92810600233202,157.29500771819175,32.63309828414026,1
wine_recognition,178,13,6,gini,44.81780136668616,44.81780136668616,0.0,1
xd6,973,9,6,gini,18.801859965051932,18.801859965051932,0.0,1
yeast,1479,8,6,gini,78.7909819351014,45.97241622948229,32.81856570561911,1
GAMETES_Epistasis_2_Way_20atts_0.1H_EDM_1_1,1600,20,7,gini,1.637200841339336,1.637200841339336,0.0,1
GAMETES_Epistasis_2_Way_20atts_0.4H_EDM_1_1,1600,20,7,gini,1.4208581983517377,1.4208581983517377,0.0,1
GAMETES_Epistasis_3_Way_20atts_0.2H_EDM_1_1,1600,20,7,gini,2.9847984952668583,2.9847984952668583,0.0,1
GAMETES_Heterogeneity_20atts_1600_Het_0.4_0.2_50_EDM_2_001,1600,20,7,gini,2.4201361326575466,2.4201361326575466,0.0,1
GAMETES_Heterogeneity_20atts_1600_Het_0.4_0.2_75_EDM_2_001,1600,20,7,gini,2.9551743826513075,2.9551743826513075,0.0,1
Hill_Valley_with_noise,1212,100,7,gini,3.4606916569324824,3.4152771308802414,0.045414526052240944,1
Hill_Valley_without_noise,1212,100,7,gini,2.090434413716366,1.8008355775198552,0.28959883619651094,1
adult,48842,14,7,gini,1214.2601177522702,1047.2841800581368,166.97593769413334,1
agaricus_lepiota,8145,22,7,gini,1182.0084006829234,1180.9160576280906,1.0923430548327815,1
allbp,3772,29,7,gini,34.00801022366455,34.00801022366455,0.0,1
allhyper,3771,29,7,gini,13.865225374597088,4.48799994072435,9.377225433872738,1
allhypo,3770,29,7,gini,27.79055003600888,26.790773546327472,0.999776489681409,1
allrep,3772,29,7,gini,38.393101943808006,38.393101943808006,0.0,1
analcatdata_aids,50,4,7,gini,4.0,1.0611205432937183,2.9388794567062817,1
analcatdata_asbestos,83,3,7,gini,13.838948777566408,13.838948777566408,0.0,1
analcatdata_authorship,841,70,7,gini,162.78108837943256,158.06451689918958,4.716571480242976,1
analcatdata_bankruptcy,50,6,7,gini,1.7857142857142847,1.5957446808510625,0.18996960486322223,1
analcatdata_boxing1,120,3,7,gini,3.857142857142854,3.2507936507936535,0.6063492063492006,1
analcatdata_boxing2,132,3,7,gini,4.3787878787878824,0.8642676767676818,3.5145202020202007,1
analcatdata_creditscore,100,6,7,gini,19.326976744186048,16.441276595744682,2.885700148441366,1
analcatdata_cyyoung8092,97,10,7,gini,5.116908619117748,5.116908619117748,0.0,1
analcatdata_cyyoung9302,92,10,7,gini,5.570720278958266,5.423175336868818,0.14754494208944813,1
analcatdata_dmft,797,4,7,gini,5.206352934514598,5.206352934514598,0.0,1
analcatdata_fraud,42,11,7,gini,5.14329004329004,5.14329004329004,0.0,1
analcatdata_germangss,400,5,7,gini,23.166513420027165,22.941468253968253,0.22504516605891212,1
analcatdata_happiness,60,3,7,gini,2.0294599018003368,1.2800000000000082,0.7494599018003285,1
analcatdata_japansolvent,52,9,7,gini,9.908205128205127,9.8356014300542,0.07260369815092638,1
analcatdata_lawsuit,264,4,7,gini,16.91017316017314,8.866040898142046,8.044132262031095,1
ann_thyroid,7200,21,7,gini,270.45079683246695,47.247216512185915,223.20358032028105,1
appendicitis,106,7,7,gini,11.479245283018862,10.067617376042122,1.4116279069767401,1
backache,180,32,7,gini,4.133783039158178,4.133783039158178,0.0,1
balance_scale,625,4,7,gini,39.62293333333335,32.80559999999997,6.81733333333338,1
biomed,209,8,7,gini,16.728924807562585,4.789673046252,11.939251761310585,1
breast_cancer,286,9,7,gini,11.015301953175786,9.923143523143537,1.0921584300322493,1
bupa,345,5,7,gini,10.509379777999447,8.15755693581778,2.351822842181667,1
calendarDOW,399,32,7,gini,21.664554040468417,21.664554040468417,0.0,1
car_evaluation,1728,6,7,gini,122.90682870370358,122.90682870370358,0.0,1
cars,392,8,7,gini,51.536561367842125,44.19767694311763,7.3388844247244975,1
chess,3196,36,7,gini,326.24282842067146,326.24282842067146,0.0,1
churn,5000,20,7,gini,114.5240587134719,95.01163025415778,19.512428459314123,1
clean1,476,168,7,gini,233.96218487394958,226.1138436417221,7.848341232227483,1
cloud,108,7,7,gini,4.632996632996631,3.5982744107744082,1.0347222222222223,1
coil2000,9822,85,7,gini,18.35765465853683,18.29983945822039,0.057815200316440496,1
collins,485,23,7,gini,46.359482899689056,45.53110709101921,0.828375808669847,1
confidence,72,3,7,gini,12.0,12.0,0.0,1
corral,160,6,7,gini,19.365964802011316,19.365964802011316,0.0,1
dermatology,366,34,7,gini,87.88629921137606,86.40281030444967,1.4834889069263824,1
dis,3772,29,7,gini,0.7991768549920053,0.4893622169274998,0.3098146380645055,1
dna,3186,180,7,gini,519.7806193540839,519.7806193540839,0.0,1
ecoli,327,7,7,gini,44.259854545637,42.44324532619976,1.8166092194372396,1
flags,178,43,7,gini,13.282707091843694,8.872410126727765,4.410296965115929,1
glass2,163,9,7,gini,4.008572917919732,1.153679076325119,2.8548938415946132,1
haberman,306,3,7,gini,10.977569237811835,10.56423751999813,0.4133317178137048,1
hayes_roth,160,4,7,gini,13.797023809523822,13.797023809523822,0.0,1
hepatitis,155,19,7,gini,11.187096774193552,7.690565854133226,3.4965309200603265,1
hypothyroid,3163,25,7,gini,20.086671581240296,6.612667093331311,13.474004487908985,1
ionosphere,351,34,7,gini,66.34618796006397,63.49408884473456,2.852099115329409,1
iris,150,4,7,gini,28.796380090497763,10.29411764705884,18.502262443438923,1
irish,500,5,7,gini,45.377761467889854,39.77596388261847,5.601797585271385,1
kr_vs_kp,3196,36,7,gini,326.24282842067146,326.24282842067146,0.0,1
krkopt,28056,6,7,gini,564.7788119712131,564.7788119712131,0.0,1
labor,57,16,7,gini,10.831578947368417,10.823735810113519,0.00784313725489838,1
led24,3200,24,7,gini,204.24303117390923,204.24303117390923,0.0,1
led7,3200,7,7,gini,195.4506383026394,195.4506383026394,0.0,1
letter,20000,16,7,gini,372.29890230797264,336.99133450871,35.30756779926264,1
lupus,87,3,7,gini,8.060347914120277,2.220032840722496,5.840315073397781,1
lymphography,148,18,7,gini,14.876001278440302,14.876001278440302,0.0,1
magic,19020,10,7,gini,600.8737997239168,571.3710927469228,29.502706976993977,1
mfeat_factors,2000,216,7,gini,149.1036171158928,143.15217863213894,5.951438483753861,1
mfeat_fourier,2000,76,7,gini,142.99967949735355,111.1224890874862,31.877190409867353,1
mfeat_karhunen,2000,64,7,gini,97.35926126563686,94.70763082919127,2.6516304364455863,1
mfeat_morphological,2000,6,7,gini,193.84632100891076,192.01898015318034,1.8273408557304265,1
mfeat_pixel,2000,240,7,gini,140.2101226252438,135.50148065415715,4.708641971086649,1
mfeat_zernike,2000,47,7,gini,154.5865101462075,154.15881945623224,0.4276906899752646,1
mofn_3_7_10,1324,10,7,gini,38.5736536744803,38.5736536744803,0.0,1
molecular_biology_promoters,106,57,7,gini,19.32763532763532,12.24358302776323,7.084052299872091,1
monk1,556,6,7,gini,10.895284751990204,9.712230215827347,1.1830545361628566,1
monk2,601,6,7,gini,2.4939130490630532,2.4939130490630532,0.0,1
monk3,554,6,7,gini,106.9468288399344,106.9468288399344,0.0,1
movement_libras,360,90,7,gini,14.676026141982774,14.385283144324163,0.29074299765861156,1
mushroom,8124,22,7,gini,1308.551880521265,1183.0557014253607,125.49617909590438,1
mux6,128,6,7,gini,4.0,4.0,0.0,1
new_thyroid,215,5,7,gini,8.734347048300535,8.617041723064851,0.11730532523568371,1
nursery,12958,8,7,gini,4217.4957967931805,1095.5502629455723,3121.945533847608,1
optdigits,5620,64,7,gini,308.90451724816285,307.70597913095344,1.1985381172094094,1
page_blocks,5473,10,7,gini,89.15737043084816,73.19401740450401,15.963353026344151,1
parity5,32,5,7,gini,0.0,0.0,0.0,1
parity5+5,1124,10,7,gini,0.08630872419092839,0.08630872419092839,0.0,1
pendigits,10992,16,7,gini,768.2118693786679,760.692692382544,7.519176996123861,1
penguins,333,7,7,gini,66.7311778035704,26.527625527625503,40.2035522759449,1
phoneme,5404,5,7,gini,78.0725663071753,64.66642310970792,13.406143197467372,1
postoperative_patient_data,88,8,7,gini,0.7305194805194795,0.3904496497702752,0.34006983074920427,1
prnn_crabs,200,7,7,gini,10.83271923360353,6.657608695652158,4.175110537951372,1
prnn_synth,250,2,7,gini,0.9742351046698872,0.502008032128515,0.4722270725413722,1
profb,672,9,7,gini,18.732145177101373,12.358630133636495,6.373515043464877,1
ring,7400,20,7,gini,181.5353145189897,157.36479385795246,24.170520661037244,1
saheart,462,9,7,gini,19.064110492681948,17.304706302871438,1.7594041898105104,1
satimage,6435,36,7,gini,952.6229852638215,891.4422712396405,61.18071402418104,1
schizo,340,14,7,gini,5.067423935091284,3.6651218062982593,1.4023021287930248,1
segmentation,2310,19,7,gini,330.0000000000002,328.8397967174978,1.1602032825024367,1
shuttle,58000,9,7,gini,4303.114905761341,1275.6910287729224,3027.4238769884187,1
sonar,208,60,7,gini,10.803846153846159,10.4236568130327,0.3801893408134589,1
soybean,675,35,7,gini,55.1750025037029,53.851823919641106,1.3231785840617931,1
spambase,4601,57,7,gini,541.2344228851354,369.6376315147193,171.59679137041604,1
spect,267,22,7,gini,12.216581545795025,12.216581545795025,0.0,1
spectf,349,44,7,gini,23.08606545015833,21.96649644307402,1.1195690070843085,1
splice,3188,60,7,gini,424.30631317128103,358.3570838318076,65.94922933947345,1
tae,151,5,7,gini,5.616713970356351,4.235625719838751,1.3810882505175996,1
texture,5500,40,7,gini,453.4019536797796,428.6734720141667,24.72848166561289,1
threeOf9,512,9,7,gini,23.765625,23.765625,0.0,1
tic_tac_toe,958,9,7,gini,37.24796382565572,37.24796382565572,0.0,1
tokyo1,959,44,7,gini,266.7333275084276,227.94921896057747,38.78410854785011,1
twonorm,7400,20,7,gini,483.58761055502237,480.19660347586296,3.391007079159408,1
vehicle,846,18,7,gini,49.45378596551927,36.656796584084645,12.796989381434628,1
vowel,990,13,7,gini,51.22370908588323,44.856839872746605,6.366869213136624,1
waveform_21,5000,21,7,gini,578.1008668243592,521.3433019113179,56.75756491304128,1
waveform_40,5000,40,7,gini,504.2198778710201,501.919166623052,2.300711247968138,1
wine_quality_red,1599,11,7,gini,34.04390067606283,31.93552477861482,2.1083758974480133,1
wine_quality_white,4898,11,7,gini,59.26842098934503,11.771657481054035,47.496763508291,1
wine_recognition,178,13,7,gini,31.667029561177884,29.096967000070812,2.570062561107072,1
xd6,973,9,7,gini,18.801859965051932,18.801859965051932,0.0,1
yeast,1479,8,7,gini,39.76563219437075,19.49260422041118,20.27302797395957,1
GAMETES_Epistasis_2_Way_20atts_0.1H_EDM_1_1,1600,20,8,gini,1.637200841339336,1.0446389708371413,0.5925618705021947,1
GAMETES_Epistasis_2_Way_20atts_0.4H_EDM_1_1,1600,20,8,gini,1.4208581983517377,1.4208581983517377,0.0,1
GAMETES_Epistasis_3_Way_20atts_0.2H_EDM_1_1,1600,20,8,gini,2.9847984952668583,2.9847984952668583,0.0,1
GAMETES_Heterogeneity_20atts_1600_Het_0.4_0.2_50_EDM_2_001,1600,20,8,gini,2.4201361326575466,2.4201361326575466,0.0,1
GAMETES_Heterogeneity_20atts_1600_Het_0.4_0.2_75_EDM_2_001,1600,20,8,gini,2.9551743826513075,0.9682420605151094,1.986932322136198,1
Hill_Valley_with_noise,1212,100,8,gini,3.2954639702833504,2.8931148770118114,0.402349093271539,1
Hill_Valley_without_noise,1212,100,8,gini,2.2315020409178885,2.090434413716366,0.14106762720152233,1
adult,48842,14,8,gini,2257.9311646456613,2096.773257685075,161.1579069605864,1
agaricus_lepiota,8145,22,8,gini,1385.2506568966612,1385.2506568966612,0.0,1
allbp,3772,29,8,gini,34.00801022366455,34.00801022366455,0.0,1
allhyper,3771,29,8,gini,8.551179911951195,4.48799994072435,4.063179971226845,1
allhypo,3770,29,8,gini,21.63603743989671,13.249093720868757,8.386943719027954,1
allrep,3772,29,8,gini,38.393101943808006,38.393101943808006,0.0,1
analcatdata_aids,50,4,8,gini,4.761904761904763,4.0,0.7619047619047628,1
analcatdata_asbestos,83,3,8,gini,13.838948777566408,13.838948777566408,0.0,1
analcatdata_authorship,841,70,8,gini,176.57190929774376,176.57190929774376,0.0,1
analcatdata_bankruptcy,50,6,8,gini,4.0697674418604635,2.9411764705882355,1.128590971272228,1
analcatdata_boxing1,120,3,8,gini,5.8799999999999955,3.2507936507936535,2.629206349206342,1
analcatdata_boxing2,132,3,8,gini,4.794765840220387,2.2272727272727337,2.5674931129476537,1
analcatdata_creditscore,100,6,8,gini,5.39260273972603,5.1083468834688315,0.2842558562571984,1
analcatdata_cyyoung8092,97,10,8,gini,10.863669056908085,5.485249801744647,5.378419255163438,1
analcatdata_cyyoung9302,92,10,8,gini,5.423175336868818,5.423175336868816,1.7763568394002505e-15,1
analcatdata_dmft,797,4,8,gini,3.4065461763779012,3.279971124274084,0.12657505210381714,1
analcatdata_fraud,42,11,8,gini,5.14329004329004,5.14329004329004,0.0,1
analcatdata_germangss,400,5,8,gini,22.898358481180566,16.623059480202322,6.275299000978244,1
analcatdata_happiness,60,3,8,gini,6.080000000000009,4.8413631022326715,1.2386368977673374,1
analcatdata_japansolvent,52,9,8,gini,12.792123169184638,5.723443223443223,7.068679945741415,1
analcatdata_lawsuit,264,4,8,gini,7.021908271908263,2.673058349353166,4.348849922555097,1
ann_thyroid,7200,21,8,gini,336.10199999999986,220.30887599577613,115.79312400422373,1
appendicitis,106,7,8,gini,11.911568515342097,10.939983335045488,0.9715851802966089,1
backache,180,32,8,gini,4.133783039158178,4.133783039158178,0.0,1
balance_scale,625,4,8,gini,39.62293333333335,39.62293333333335,0.0,1
biomed,209,8,8,gini,21.451762692716642,20.13270078122889,1.3190619114877506,1
breast_cancer,286,9,8,gini,11.015301953175786,9.923143523143537,1.0921584300322493,1
bupa,345,5,8,gini,5.960621107141339,4.4933853630675635,1.4672357440737755,1
calendarDOW,399,32,8,gini,18.253367933107143,12.688181093556693,5.565186839550449,1
car_evaluation,1728,6,8,gini,122.90682870370358,122.90682870370358,0.0,1
cars,392,8,8,gini,74.66709183673468,74.66709183673468,0.0,1
chess,3196,36,8,gini,326.24282842067146,326.24282842067146,0.0,1
churn,5000,20,8,gini,100.75227355454516,81.51753363698458,19.234739917560574,1
clean1,476,168,8,gini,174.08615181609832,135.84668335419275,38.239468461905574,1
cloud,108,7,8,gini,4.632996632996631,3.272592592592588,1.3604040404040427,1
coil2000,9822,85,8,gini,18.35765465853683,18.29983945822039,0.057815200316440496,1
collins,485,23,8,gini,46.32303686565035,44.31413142576616,2.008905439884188,1
confidence,72,3,8,gini,11.999999999999996,11.999999999999996,0.0,1
corral,160,6,8,gini,19.365964802011316,19.365964802011316,0.0,1
dermatology,366,34,8,gini,87.88629921137606,86.40281030444967,1.4834889069263824,1
dis,3772,29,8,gini,0.7207107153915331,0.6528465384032032,0.06786417698832992,1
dna,3186,180,8,gini,519.7806193540839,519.7806193540839,0.0,1
ecoli,327,7,8,gini,22.57423845267884,13.804335121546671,8.76990333113217,1
flags,178,43,8,gini,13.282707091843694,13.282707091843694,0.0,1
glass2,163,9,8,gini,9.722015421700462,6.572025330848376,3.1499900908520857,1
haberman,306,3,8,gini,8.860880141530298,4.0861519760399965,4.774728165490302,1
hayes_roth,160,4,8,gini,13.797023809523822,13.797023809523822,0.0,1
hepatitis,155,19,8,gini,11.61374899521197,11.187096774193552,0.4266522210184185,1
hypothyroid,3163,25,8,gini,16.061868899665313,5.2384366885043825,10.823432211160931,1
ionosphere,351,34,8,gini,55.92621664050233,42.8736847843864,13.052531856115934,1
iris,150,4,8,gini,50.000000000000014,50.000000000000014,0.0,1
irish,500,5,8,gini,142.81721637426898,45.377761467889854,97.43945490637913,1
kr_vs_kp,3196,36,8,gini,326.24282842067146,326.24282842067146,0.0,1
krkopt,28056,6,8,gini,564.7788119712131,564.7788119712131,0.0,1
labor,57,16,8,gini,10.823735810113519,10.231578947368419,0.5921568627450995,1
led24,3200,24,8,gini,204.24303117390923,204.24303117390923,0.0,1
led7,3200,7,8,gini,195.4506383026394,195.4506383026394,0.0,1
letter,20000,16,8,gini,396.61788370327076,281.54978889337053,115.06809480990023,1
lupus,87,3,8,gini,6.839080459770116,2.220032840722496,4.61904761904762,1
lymphography,148,18,8,gini,14.876001278440302,14.876001278440302,0.0,1
magic,19020,10,8,gini,1643.267946330227,1641.8102107030895,1.457735627137481,1
mfeat_factors,2000,216,8,gini,136.59145996950838,136.533110338961,0.05834963054738296,1
mfeat_fourier,2000,76,8,gini,138.2948238527481,129.37959449503558,8.91522935771252,1
mfeat_karhunen,2000,64,8,gini,112.94577777777783,79.6755793616357,33.27019841614214,1
mfeat_morphological,2000,6,8,gini,193.84632100891076,193.84632100891076,0.0,1
mfeat_pixel,2000,240,8,gini,140.2101226252438,140.2101226252438,0.0,1
mfeat_zernike,2000,47,8,gini,141.16269149494897,140.81564986737408,0.347041627574896,1
mofn_3_7_10,1324,10,8,gini,38.5736536744803,38.5736536744803,0.0,1
molecular_biology_promoters,106,57,8,gini,19.32763532763532,19.32763532763532,0.0,1
monk1,556,6,8,gini,30.44761904761907,10.895284751990204,19.552334295628867,1
monk2,601,6,8,gini,2.4939130490630532,1.6840461384570062,0.809866910606047,1
monk3,554,6,8,gini,106.9468288399344,106.9468288399344,0.0,1
movement_libras,360,90,8,gini,14.723525924892783,14.64302884615384,0.08049707873894363,1
mushroom,8124,22,8,gini,2006.4767235055606,2006.4767235055606,0.0,1
mux6,128,6,8,gini,4.0,4.0,0.0,1
new_thyroid,215,5,8,gini,29.069104883058376,21.347800994241805,7.721303888816571,1
nursery,12958,8,8,gini,4217.4957967931805,1095.5502629455723,3121.945533847608,1
optdigits,5620,64,8,gini,340.58059357162074,340.58059357162074,0.0,1
page_blocks,5473,10,8,gini,65.56437633796199,62.8065391131658,2.757837224796191,1
parity5,32,5,8,gini,0.0,0.0,0.0,1
parity5+5,1124,10,8,gini,0.08630872419092839,0.08630872419092839,0.0,1
pendigits,10992,16,8,gini,666.342695452975,601.149013981212,65.19368147176306,1
penguins,333,7,8,gini,99.0479052479052,92.41711711711706,6.630788130788147,1
phoneme,5404,5,8,gini,158.06213693759315,92.64435094992177,65.41778598767138,1
postoperative_patient_data,88,8,8,gini,0.7305194805194795,0.3904496497702752,0.34006983074920427,1
prnn_crabs,200,7,8,gini,6.38297872340425,6.090090090090072,0.2928886333141776,1
prnn_synth,250,2,8,gini,10.869565217391312,5.208333333333343,5.661231884057969,1
profb,672,9,8,gini,17.549503117548568,15.228485836354253,2.3210172811943153,1
ring,7400,20,8,gini,256.5792239966222,244.28945354802772,12.289770448594481,1
saheart,462,9,8,gini,17.23323830640902,15.51822991822992,1.7150083881791005,1
satimage,6435,36,8,gini,812.9111464545429,795.3926796903885,17.51846676415437,1
schizo,340,14,8,gini,7.868188333583618,7.765528589058022,0.1026597445255959,1
segmentation,2310,19,8,gini,314.2609444022601,311.84653848355987,2.414405918700254,1
shuttle,58000,9,8,gini,1226.121636681859,6.08283834055328,1220.0387983413057,1
sonar,208,60,8,gini,18.14984487343643,16.133815097945536,2.0160297754908925,1
soybean,675,35,8,gini,56.0488327490325,56.0488327490325,0.0,1
spambase,4601,57,8,gini,114.5368796706785,100.29855196824485,14.23832770243365,1
spect,267,22,8,gini,12.216581545795025,12.216581545795025,0.0,1
spectf,349,44,8,gini,19.825034758826163,17.83068181033589,1.994352948490274,1
splice,3188,60,8,gini,209.4369757899205,169.8132698272675,39.62370596265299,1
tae,151,5,8,gini,5.616713970356351,4.235625719838751,1.3810882505175996,1
texture,5500,40,8,gini,461.22914688528317,427.7876904570967,33.441456428186484,1
threeOf9,512,9,8,gini,23.765625,23.765625,0.0,1
tic_tac_toe,958,9,8,gini,4.056306425793281,4.056306425793281,0.0,1
tokyo1,959,44,8,gini,191.9027467474084,186.08480264766922,5.817944099739179,1
twonorm,7400,20,8,gini,450.24575743080186,408.54952633849916,41.696231092302696,1
vehicle,846,18,8,gini,57.362936282491546,52.54412648173903,4.818809800752518,1
vowel,990,13,8,gini,36.03234559181794,19.427012527257943,16.60533306456,1
waveform_21,5000,21,8,gini,488.9680829358788,444.95748681765986,44.01059611821893,1
waveform_40,5000,40,8,gini,544.3027287780963,542.9721873975382,1.3305413805580883,1
wine_quality_red,1599,11,8,gini,92.6802250690589,57.02266249228967,35.65756257676924,1
wine_quality_white,4898,11,8,gini,59.58006604953266,28.640816498304503,30.93924955122816,1
wine_recognition,178,13,8,gini,38.59257197852529,37.34284170935429,1.2497302691710033,1
xd6,973,9,8,gini,18.801859965051932,18.801859965051932,0.0,1
yeast,1479,8,8,gini,105.52963129250395,47.323851509568385,58.205779782935565,1
GAMETES_Epistasis_2_Way_20atts_0.1H_EDM_1_1,1600,20,9,gini,1.637200841339336,0.9254219698857469,0.7117788714535891,1
GAMETES_Epistasis_2_Way_20atts_0.4H_EDM_1_1,1600,20,9,gini,1.4208581983517377,1.4208581983517377,0.0,1
GAMETES_Epistasis_3_Way_20atts_0.2H_EDM_1_1,1600,20,9,gini,2.4110655403873125,2.2584477237106313,0.15261781667668117,1
GAMETES_Heterogeneity_20atts_1600_Het_0.4_0.2_50_EDM_2_001,1600,20,9,gini,2.4201361326575466,2.4201361326575466,0.0,1
GAMETES_Heterogeneity_20atts_1600_Het_0.4_0.2_75_EDM_2_001,1600,20,9,gini,2.9551743826513075,1.3967455827921391,1.5584287998591684,1
Hill_Valley_with_noise,1212,100,9,gini,3.4538860103626803,3.3601123733951113,0.09377363696756902,1
Hill_Valley_without_noise,1212,100,9,gini,1.5711661899781575,1.4625164121361465,0.10864977784201102,1
adult,48842,14,9,gini,2899.1496678348003,2348.679124578328,550.4705432564724,1
agaricus_lepiota,8145,22,9,gini,1385.2506568966612,1187.7556142293292,197.49504266733197,1
allbp,3772,29,9,gini,34.00801022366455,34.00801022366455,0.0,1
allhyper,3771,29,9,gini,11.125485291610936,4.48799994072435,6.637485350886585,1
allhypo,3770,29,9,gini,22.55184789108955,14.386784230691433,8.165063660398118,1
allrep,3772,29,9,gini,38.393101943808006,38.393101943808006,0.0,1
analcatdata_aids,50,4,9,gini,3.174603174603174,1.5957446808510625,1.5788584937521115,1
analcatdata_asbestos,83,3,9,gini,13.838948777566408,12.907881526104426,0.9310672514619824,1
analcatdata_authorship,841,70,9,gini,176.57190929774376,174.96311406597334,1.608795231770415,1
analcatdata_bankruptcy,50,6,9,gini,11.11111111111111,8.783783783783782,2.3273273273273283,1
analcatdata_boxing1,120,3,9,gini,3.67499999999999,3.2507936507936535,0.4242063492063366,1
analcatdata_boxing2,132,3,9,gini,17.580808080808083,17.580808080808083,0.0,1
analcatdata_creditscore,100,6,9,gini,1.3585964912280666,1.336817359855342,0.02177913137272469,1
analcatdata_cyyoung8092,97,10,9,gini,7.421550846379024,5.116908619117748,2.304642227261276,1
analcatdata_cyyoung9302,92,10,9,gini,5.423175336868818,5.159792960662525,0.2633823762062928,1
analcatdata_dmft,797,4,9,gini,5.206352934514598,5.206352934514598,0.0,1
analcatdata_fraud,42,11,9,gini,5.14329004329004,5.14329004329004,0.0,1
analcatdata_germangss,400,5,9,gini,20.271033314511584,3.0303030303030596,17.240730284208524,1
analcatdata_happiness,60,3,9,gini,3.9560439560439633,2.105263157894747,1.8507807981492164,1
analcatdata_japansolvent,52,9,9,gini,9.979971641261958,6.449343339587241,3.5306283016747173,1
analcatdata_lawsuit,264,4,9,gini,16.137579498690613,5.355151515151515,10.782427983539097,1
ann_thyroid,7200,21,9,gini,439.59091576458854,61.89603844309114,377.6948773214974,1
appendicitis,106,7,9,gini,9.903446435454695,6.8681341719077516,3.0353122635469436,1
backache,180,32,9,gini,4.133783039158178,4.133783039158178,0.0,1
balance_scale,625,4,9,gini,32.80559999999997,32.67359999999995,0.1320000000000192,1
biomed,209,8,9,gini,24.4126859622977,23.154800832417195,1.2578851298805063,1
breast_cancer,286,9,9,gini,9.923143523143537,9.153474786083482,0.769668737060055,1
bupa,345,5,9,gini,5.549532841224178,3.1216731481783597,2.427859693045818,1
calendarDOW,399,32,9,gini,19.387190293460435,13.39267993215364,5.994510361306794,1
car_evaluation,1728,6,9,gini,122.90682870370358,61.62210648148135,61.28472222222223,1
cars,392,8,9,gini,69.60168059521624,54.83944523628429,14.762235358931946,1
chess,3196,36,9,gini,326.24282842067146,326.24282842067146,0.0,1
churn,5000,20,9,gini,126.99253544614223,113.86748345521454,13.125051990927687,1
clean1,476,168,9,gini,233.96218487394958,130.56278547455017,103.39939939939941,1
cloud,108,7,9,gini,2.7464387464387556,0.742125302872978,2.0043134435657777,1
coil2000,9822,85,9,gini,28.773408351357034,28.773408351357034,0.0,1
collins,485,23,9,gini,42.33441084188044,35.37936594062472,6.955044901255718,1
confidence,72,3,9,gini,10.017309205350113,9.089960886571058,0.927348318779055,1
corral,160,6,9,gini,19.365964802011316,19.365964802011316,0.0,1
dermatology,366,34,9,gini,87.88629921137606,87.88629921137606,0.0,1
dis,3772,29,9,gini,0.6632038317217237,0.4919995436261573,0.17120428809556643,1
dna,3186,180,9,gini,519.7806193540839,519.7806193540839,0.0,1
ecoli,327,7,9,gini,63.533686704710114,58.573492243028525,4.9601944616815885,1
flags,178,43,9,gini,13.282707091843694,13.282707091843694,0.0,1
glass2,163,9,9,gini,10.685313912307784,9.62284307042519,1.0624708418825932,1
haberman,306,3,9,gini,0.2600889192886342,0.22291021671827593,0.03717870257035827,1
hayes_roth,160,4,9,gini,13.797023809523822,13.797023809523822,0.0,1
hepatitis,155,19,9,gini,11.61374899521197,11.187096774193552,0.4266522210184185,1
hypothyroid,3163,25,9,gini,12.136335502379808,11.164224510440562,0.9721109919392461,1
ionosphere,351,34,9,gini,46.80336220071317,35.02088965347751,11.782472547235656,1
iris,150,4,9,gini,34.16405023547881,33.33333333333336,0.8307169021454541,1
irish,500,5,9,gini,142.81721637426898,58.96088525902791,83.85633111524106,1
kr_vs_kp,3196,36,9,gini,326.24282842067146,326.24282842067146,0.0,1
krkopt,28056,6,9,gini,564.7788119712131,545.8227746491966,18.956037322016527,1
labor,57,16,9,gini,8.782372598162075,7.287162920087941,1.4952096780741337,1
led24,3200,24,9,gini,204.24303117390923,204.24303117390923,0.0,1
led7,3200,7,9,gini,195.4506383026394,195.4506383026394,0.0,1
letter,20000,16,9,gini,396.61788370327076,386.77476244845593,9.843121254814832,1
lupus,87,3,9,gini,8.368905021173624,7.018567639257293,1.3503373819163311,1
lymphography,148,18,9,gini,14.876001278440302,14.876001278440302,0.0,1
magic,19020,10,9,gini,1648.1248715228721,1645.9394635236504,2.185407999221752,1
mfeat_factors,2000,216,9,gini,150.65842273885892,145.40855034691066,5.249872391948259,1
mfeat_fourier,2000,76,9,gini,123.36034929567313,109.907078643197,13.453270652476135,1
mfeat_karhunen,2000,64,9,gini,123.9423080839556,117.2698300835018,6.672478000453793,1
mfeat_morphological,2000,6,9,gini,193.84632100891076,191.15044247787614,2.695878531034623,1
mfeat_pixel,2000,240,9,gini,131.08806728910804,130.89728656571845,0.19078072338959373,1
mfeat_zernike,2000,47,9,gini,156.01968631935318,132.43465337879178,23.585032940561405,1
mofn_3_7_10,1324,10,9,gini,38.5736536744803,38.5736536744803,0.0,1
molecular_biology_promoters,106,57,9,gini,19.32763532763532,19.32763532763532,0.0,1
monk1,556,6,9,gini,30.44761904761907,30.44761904761907,0.0,1
monk2,601,6,9,gini,1.463845870481208,0.8856022585335808,0.5782436119476273,1
monk3,554,6,9,gini,106.9468288399344,28.973473763002076,77.97335507693232,1
movement_libras,360,90,9,gini,14.418826166129733,14.245310245310236,0.17351592081949718,1
mushroom,8124,22,9,gini,1308.551880521265,1268.205528734818,40.34635178644703,1
mux6,128,6,9,gini,4.0,4.0,0.0,1
new_thyroid,215,5,9,gini,17.679339664759112,8.734347048300535,8.944992616458578,1
nursery,12958,8,9,gini,4217.4957967931805,1095.5502629455723,3121.945533847608,1
optdigits,5620,64,9,gini,340.58059357162074,320.082232428972,20.49836114264872,1
page_blocks,5473,10,9,gini,327.65342202773934,198.09363792301372,129.55978410472562,1
parity5,32,5,9,gini,0.0,0.0,0.0,1
parity5+5,1124,10,9,gini,0.08630872419092839,0.08630872419092839,0.0,1
pendigits,10992,16,9,gini,773.603577698239,718.2674566851615,55.336121013077445,1
penguins,333,7,9,gini,109.15076567250476,105.9726094083139,3.1781562641908607,1
phoneme,5404,5,9,gini,458.06548755170706,369.2889851115533,88.77650244015376,1
postoperative_patient_data,88,8,9,gini,0.9639928698752129,0.7305194805194795,0.23347338935573347,1
prnn_crabs,200,7,9,gini,13.28125,10.146763805300388,3.134486194699612,1
prnn_synth,250,2,9,gini,59.47632527020072,55.62463665137911,3.851688618821605,1
profb,672,9,9,gini,5.799892160034432,5.598343685300142,0.20154847473428994,1
ring,7400,20,9,gini,314.1101132466615,307.85206834495693,6.258044901704579,1
saheart,462,9,9,gini,19.269352638659115,19.08440181131408,0.18495082734503399,1
satimage,6435,36,9,gini,812.9111464545429,713.1051687455079,99.805977709035,1
schizo,340,14,9,gini,7.251951077460717,6.618882642412046,0.6330684350486706,1
segmentation,2310,19,9,gini,330.0000000000002,328.8397967174978,1.1602032825024367,1
shuttle,58000,9,9,gini,1387.176253368012,546.8940036933709,840.2822496746412,1
sonar,208,60,9,gini,25.34093765711414,24.53863899753732,0.8022986595768202,1
soybean,675,35,9,gini,56.0488327490325,56.0488327490325,0.0,1
spambase,4601,57,9,gini,251.37387421184985,228.51533420816287,22.858540003686983,1
spect,267,22,9,gini,12.216581545795025,12.216581545795025,0.0,1
spectf,349,44,9,gini,19.7739456463341,12.180593101360017,7.593352544974081,1
splice,3188,60,9,gini,424.30631317128103,358.3570838318076,65.94922933947345,1
tae,151,5,9,gini,4.315651396566508,4.235625719838751,0.0800256767277574,1
texture,5500,40,9,gini,458.77982094376966,456.53931252835133,2.240508415418333,1
threeOf9,512,9,9,gini,23.765625,23.765625,0.0,1
tic_tac_toe,958,9,9,gini,37.24796382565572,37.24796382565572,0.0,1
tokyo1,959,44,9,gini,211.14984931098996,207.29809517774595,3.8517541332440146,1
twonorm,7400,20,9,gini,482.2242880022036,481.13423359625153,1.0900544059520598,1
vehicle,846,18,9,gini,63.650103371878004,62.98455268122581,0.6655506906521964,1
vowel,990,13,9,gini,44.87178334184978,35.71180430556558,9.159979036284199,1
waveform_21,5000,21,9,gini,596.3009117999143,590.146762844973,6.15414895494132,1
waveform_40,5000,40,9,gini,501.6575385616429,491.3463254165324,10.311213145110514,1
wine_quality_red,1599,11,9,gini,66.5059961128079,65.91984916314584,0.5861469496620657,1
wine_quality_white,4898,11,9,gini,188.62320893720425,185.4836446095619,3.139564327642347,1
wine_recognition,178,13,9,gini,41.772866615793504,41.44671800001552,0.3261486157779814,1
xd6,973,9,9,gini,18.801859965051932,18.801859965051932,0.0,1
yeast,1479,8,9,gini,42.889509529443316,29.703242874207092,13.186266655236224,1
GAMETES_Epistasis_2_Way_20atts_0.1H_EDM_1_1,1600,20,10,gini,1.637200841339336,1.637200841339336,0.0,1
GAMETES_Epistasis_2_Way_20atts_0.4H_EDM_1_1,1600,20,10,gini,1.4208581983517377,1.2510995992572074,0.16975859909453028,1
GAMETES_Epistasis_3_Way_20atts_0.2H_EDM_1_1,1600,20,10,gini,2.4110655403873125,1.645714285714229,0.7653512546730834,1
GAMETES_Heterogeneity_20atts_1600_Het_0.4_0.2_50_EDM_2_001,1600,20,10,gini,2.4201361326575466,1.2358943930379738,1.1842417396195728,1
GAMETES_Heterogeneity_20atts_1600_Het_0.4_0.2_75_EDM_2_001,1600,20,10,gini,2.9551743826513075,2.9551743826513075,0.0,1
Hill_Valley_with_noise,1212,100,10,gini,2.780294775477387,2.6248245245666055,0.15547025091078126,1
Hill_Valley_without_noise,1212,100,10,gini,2.090434413716366,1.8008355775198552,0.28959883619651094,1
adult,48842,14,10,gini,1458.130869855513,819.0864908838976,639.0443789716155,1
agaricus_lepiota,8145,22,10,gini,1182.0084006829234,1180.9160576280906,1.0923430548327815,1
allbp,3772,29,10,gini,34.00801022366455,34.00801022366455,0.0,1
allhyper,3771,29,10,gini,14.28897555727741,13.843280409310125,0.44569514796728527,1
allhypo,3770,29,10,gini,42.00159338320242,7.374512937831469,34.62708044537095,1
allrep,3772,29,10,gini,38.393101943808006,38.393101943808006,0.0,1
analcatdata_aids,50,4,10,gini,5.487804878048781,4.0697674418604635,1.4180374361883175,1
analcatdata_asbestos,83,3,10,gini,13.838948777566408,13.838948777566408,0.0,1
analcatdata_authorship,841,70,10,gini,162.78108837943256,155.62560726870765,7.155481110724907,1
analcatdata_bankruptcy,50,6,10,gini,2.1739130434782616,2.1739130434782616,0.0,1
analcatdata_boxing1,120,3,10,gini,3.857142857142854,3.2507936507936535,0.6063492063492006,1
analcatdata_boxing2,132,3,10,gini,2.2272727272727337,0.8642676767676818,1.363005050505052,1
analcatdata_creditscore,100,6,10,gini,19.326976744186048,6.365652173913041,12.961324570273007,1
analcatdata_cyyoung8092,97,10,10,gini,10.863669056908085,5.116908619117748,5.746760437790337,1
analcatdata_cyyoung9302,92,10,10,gini,9.4764982373678,7.29433077578857,2.1821674615792297,1
analcatdata_dmft,797,4,10,gini,5.206352934514598,5.206352934514598,0.0,1
analcatdata_fraud,42,11,10,gini,5.14329004329004,5.14329004329004,0.0,1
analcatdata_germangss,400,5,10,gini,23.166513420027165,5.343511450381698,17.823001969645468,1
analcatdata_happiness,60,3,10,gini,4.7846889952153155,0.6779661016949206,4.106722893520395,1
analcatdata_japansolvent,52,9,10,gini,8.68275058275058,8.146412411118293,0.5363381716322877,1
analcatdata_lawsuit,264,4,10,gini,16.91017316017314,2.673058349353166,14.237114810819975,1
ann_thyroid,7200,21,10,gini,195.8417802978793,19.986736990154554,175.85504330772474,1
appendicitis,106,7,10,gini,10.010380814154395,4.630122476001322,5.380258338153073,1
backache,180,32,10,gini,4.133783039158178,4.133783039158178,0.0,1
balance_scale,625,4,10,gini,39.62293333333335,39.62293333333335,0.0,1
biomed,209,8,10,gini,38.493003520808884,24.867399923636416,13.625603597172468,1
breast_cancer,286,9,10,gini,11.015301953175786,9.923143523143537,1.0921584300322493,1
bupa,345,5,10,gini,3.175216129459134,3.1216731481783597,0.05354298128077417,1
calendarDOW,399,32,10,gini,18.253367933107143,15.578190765743045,2.6751771673640974,1
car_evaluation,1728,6,10,gini,122.90682870370358,122.90682870370358,0.0,1
cars,392,8,10,gini,64.84701119157336,62.833427535919185,2.0135836556541733,1
chess,3196,36,10,gini,326.24282842067146,326.24282842067146,0.0,1
churn,5000,20,10,gini,118.07055936823514,115.51114904569592,2.5594103225392217,1
clean1,476,168,10,gini,222.22400305576775,198.469129318394,23.754873737373742,1
cloud,108,7,10,gini,1.5092592592592666,1.3990104509811516,0.11024880827811501,1
coil2000,9822,85,10,gini,28.773408351357034,18.35765465853683,10.415753692820203,1
collins,485,23,10,gini,37.20370325449767,36.75660473103886,0.44709852345880563,1
confidence,72,3,10,gini,11.999999999999996,11.999999999999996,0.0,1
corral,160,6,10,gini,19.365964802011316,19.365964802011316,0.0,1
dermatology,366,34,10,gini,73.36517377770845,70.10405746998251,3.261116307725942,1
dis,3772,29,10,gini,1.464542670451948,1.3575834469524182,0.1069592234995298,1
dna,3186,180,10,gini,519.7806193540839,519.7806193540839,0.0,1
ecoli,327,7,10,gini,47.55281998325074,39.22266296198168,8.33015702126906,1
flags,178,43,10,gini,13.282707091843694,8.872410126727765,4.410296965115929,1
glass2,163,9,10,gini,9.722015421700462,8.048834355828234,1.6731810658722281,1
haberman,306,3,10,gini,11.568632016677562,7.6499999999999915,3.91863201667757,1
hayes_roth,160,4,10,gini,13.797023809523822,5.964677378754857,7.832346430768965,1
hepatitis,155,19,10,gini,11.61374899521197,11.187096774193552,0.4266522210184185,1
hypothyroid,3163,25,10,gini,6.632334033899895,3.6247729102186383,3.0075611236812563,1
ionosphere,351,34,10,gini,59.47660586835843,57.10160147020213,2.3750043981563067,1
iris,150,4,10,gini,50.000000000000014,50.000000000000014,0.0,1
irish,500,5,10,gini,119.7403042357667,58.96088525902791,60.77941897673879,1
kr_vs_kp,3196,36,10,gini,326.24282842067146,326.24282842067146,0.0,1
krkopt,28056,6,10,gini,564.7788119712131,545.8227746491966,18.956037322016527,1
labor,57,16,10,gini,10.831578947368417,10.831578947368419,-1.7763568394002505e-15,1
led24,3200,24,10,gini,204.24303117390923,204.24303117390923,0.0,1
led7,3200,7,10,gini,195.4506383026394,195.4506383026394,0.0,1
letter,20000,16,10,gini,396.61788370327076,386.77476244845593,9.843121254814832,1
lupus,87,3,10,gini,11.230384807596202,8.316280883948272,2.9141039236479305,1
lymphography,148,18,10,gini,14.876001278440302,14.876001278440302,0.0,1
magic,19020,10,10,gini,1299.6563184315114,1299.6290627237995,0.027255707711901778,1
mfeat_factors,2000,216,10,gini,144.55946534029295,140.93964164808864,3.6198236922043066,1
mfeat_fourier,2000,76,10,gini,136.44734172077915,132.22993786874122,4.217403852037933,1
mfeat_karhunen,2000,64,10,gini,99.1827920565695,81.97407920256768,17.208712854001817,1
mfeat_morphological,2000,6,10,gini,193.84632100891076,191.15044247787614,2.695878531034623,1
mfeat_pixel,2000,240,10,gini,140.2101226252438,137.87939694411625,2.3307256811275465,1
mfeat_zernike,2000,47,10,gini,153.51677728613586,141.853977363303,11.662799922832875,1
mofn_3_7_10,1324,10,10,gini,38.5736536744803,38.5736536744803,0.0,1
molecular_biology_promoters,106,57,10,gini,19.32763532763532,18.928571428571427,0.3990638990638935,1
monk1,556,6,10,gini,30.44761904761907,10.895284751990204,19.552334295628867,1
monk2,601,6,10,gini,2.4939130490630532,2.4939130490630532,0.0,1
monk3,554,6,10,gini,106.9468288399344,97.53660152909379,9.410227310840611,1
movement_libras,360,90,10,gini,14.939697989932995,14.753177257525081,0.18652073240791367,1
mushroom,8124,22,10,gini,1268.205528734818,1183.0557014253607,85.14982730945735,1
mux6,128,6,10,gini,4.0,4.0,0.0,1
new_thyroid,215,5,10,gini,18.88616891064872,16.271567891973,2.614601018675721,1
nursery,12958,8,10,gini,4217.4957967931805,1095.5502629455723,3121.945533847608,1
optdigits,5620,64,10,gini,340.58059357162074,315.2494985626279,25.33109500899286,1
page_blocks,5473,10,10,gini,327.65342202773934,106.26866015196936,221.38476187576998,1
parity5,32,5,10,gini,0.0,0.0,0.0,1
parity5+5,1124,10,10,gini,0.08630872419092839,0.08630872419092839,0.0,1
pendigits,10992,16,10,gini,781.2134290789368,760.5385203386545,20.674908740282262,1
penguins,333,7,10,gini,97.55825907318443,79.65321777414398,17.905041299040448,1
phoneme,5404,5,10,gini,307.1084739945761,300.53081862966474,6.577655364911379,1
postoperative_patient_data,88,8,10,gini,0.9639928698752129,0.7305194805194795,0.23347338935573347,1
prnn_crabs,200,7,10,gini,9.000000000000007,8.892921960072602,0.10707803992740494,1
prnn_synth,250,2,10,gini,55.46698872785829,53.86699507389163,1.5999936539666635,1
profb,672,9,10,gini,17.549503117548568,15.228485836354253,2.3210172811943153,1
ring,7400,20,10,gini,299.8296160383902,298.6806276661491,1.1489883722410923,1
saheart,462,9,10,gini,15.627556653872432,15.51822991822992,0.10932673564251161,1
satimage,6435,36,10,gini,853.5844200402548,842.7490475114198,10.835372528835023,1
schizo,340,14,10,gini,7.251951077460717,5.657932368484694,1.594018708976023,1
segmentation,2310,19,10,gini,328.8397967174978,328.8397967174978,0.0,1
shuttle,58000,9,10,gini,7278.986806316407,6773.855767850528,505.1310384658791,1
sonar,208,60,10,gini,18.542102892688405,18.379985394352502,0.1621174983359026,1
soybean,675,35,10,gini,56.0488327490325,56.0488327490325,0.0,1
spambase,4601,57,10,gini,325.92408477616164,300.63217292468744,25.291911851474197,1
spect,267,22,10,gini,12.216581545795025,12.216581545795025,0.0,1
spectf,349,44,10,gini,19.829435519439798,19.825034758826163,0.004400760613634702,1
splice,3188,60,10,gini,424.30631317128103,358.3570838318076,65.94922933947345,1
tae,151,5,10,gini,5.297703474591778,4.235625719838751,1.0620777547530267,1
texture,5500,40,10,gini,463.0726080831946,458.9388501791432,4.133757904051436,1
threeOf9,512,9,10,gini,23.765625,23.765625,0.0,1
tic_tac_toe,958,9,10,gini,37.24796382565572,37.24796382565572,0.0,1
tokyo1,959,44,10,gini,178.5403477246539,148.3730505489025,30.1672971757514,1
twonorm,7400,20,10,gini,451.59413301259394,416.75577288706495,34.83836012552899,1
vehicle,846,18,10,gini,43.3880170490271,41.24220639788854,2.145810651138561,1
vowel,990,13,10,gini,50.873278933236634,47.688311688311614,3.1849672449250193,1
waveform_21,5000,21,10,gini,584.3378739221764,580.0271105569293,4.310763365247112,1
waveform_40,5000,40,10,gini,488.8827937325789,394.8584967748966,94.02429695768228,1
wine_quality_red,1599,11,10,gini,95.13819954922252,95.13819954922252,0.0,1
wine_quality_white,4898,11,10,gini,183.33184727940784,157.29500771819175,26.036839561216084,1
wine_recognition,178,13,10,gini,41.46770631538165,40.50477122047984,0.962935094901809,1
xd6,973,9,10,gini,18.801859965051932,18.801859965051932,0.0,1
yeast,1479,8,10,gini,113.00832006309724,109.68513704571615,3.3231830173810977,1
