dataset,n_samples,n_features,run,criterion,splitter,variant,fit_time_mean,accuracy_mean,accuracy_std,f1_weighted_mean,f1_weighted_std,split_calls_mean,threshold_candidates_mean,gain_evaluations_mean,threshold_candidates_per_split_mean,gain_evaluations_per_split_mean,parametric_gain_samples_mean,parametric_quantile_fits_mean
GAMETES_Epistasis_2_Way_20atts_0.1H_EDM_1_1,1600,20,4,gini,prophet_1sample,,0.003722953796386719,0.534375,0.02279322816101308,0.5342273832543177,0.02285502916846477,455.6,7893.6,7893.6,17.332326150343967,17.332326150343967,0.0,0.0
GAMETES_Epistasis_2_Way_20atts_0.1H_EDM_1_1,1600,20,4,gini,extra_tree,max_features=all,0.002054262161254883,0.5275000000000001,0.02333519337824308,0.527054372406207,0.023721049591979838,463.0,6067.2,6067.2,13.10700902647432,13.10700902647432,0.0,0.0
GAMETES_Epistasis_2_Way_20atts_0.4H_EDM_1_1,1600,20,4,gini,prophet_1sample,,0.004421234130859375,0.5925,0.028681984763959428,0.5922160869280235,0.028545233923829946,401.2,6475.4,6475.4,16.1477701167796,16.1477701167796,0.0,0.0
GAMETES_Epistasis_2_Way_20atts_0.4H_EDM_1_1,1600,20,4,gini,extra_tree,max_features=all,0.0021585941314697264,0.620625,0.03620687089490058,0.6201382813400813,0.03609312633928378,429.4,5146.2,5146.2,11.978437707424334,11.978437707424334,0.0,0.0
GAMETES_Epistasis_3_Way_20atts_0.2H_EDM_1_1,1600,20,4,gini,prophet_1sample,,0.003555965423583984,0.538125,0.01970485346304305,0.5379157081408384,0.019821783644946835,446.4,7222.6,7222.6,16.194231639749727,16.194231639749727,0.0,0.0
GAMETES_Epistasis_3_Way_20atts_0.2H_EDM_1_1,1600,20,4,gini,extra_tree,max_features=all,0.0020112037658691407,0.51625,0.01815729880791743,0.5153573629736776,0.017708758566965025,480.2,5822.8,5822.8,12.1289448400309,12.1289448400309,0.0,0.0
GAMETES_Heterogeneity_20atts_1600_Het_0.4_0.2_50_EDM_2_001,1600,20,4,gini,prophet_1sample,,0.003774404525756836,0.526875,0.0140590273490025,0.5246920599085764,0.015252945030956262,456.8,6899.8,6899.8,15.108107836591898,15.108107836591898,0.0,0.0
GAMETES_Heterogeneity_20atts_1600_Het_0.4_0.2_50_EDM_2_001,1600,20,4,gini,extra_tree,max_features=all,0.0017372608184814454,0.57,0.04004879835900202,0.5695293139154318,0.04028134786516872,454.6,5225.8,5225.8,11.506453763098058,11.506453763098058,0.0,0.0
GAMETES_Heterogeneity_20atts_1600_Het_0.4_0.2_75_EDM_2_001,1600,20,4,gini,prophet_1sample,,0.0035830020904541017,0.54125,0.029738443133425805,0.5406052448041148,0.02950313657795828,429.8,7549.4,7549.4,17.56693007561468,17.56693007561468,0.0,0.0
GAMETES_Heterogeneity_20atts_1600_Het_0.4_0.2_75_EDM_2_001,1600,20,4,gini,extra_tree,max_features=all,0.0019556999206542967,0.566875,0.03742701230394967,0.566589001968152,0.037805213990504835,440.8,5689.4,5689.4,12.918236778492815,12.918236778492815,0.0,0.0
Hill_Valley_with_noise,1212,100,4,gini,prophet_1sample,,0.07455267906188964,0.5676733666632656,0.014080646073644705,0.5578109446303123,0.017312400614069953,140.6,106879.6,106879.6,803.5525863168957,803.5525863168957,0.0,0.0
Hill_Valley_with_noise,1212,100,4,gini,extra_tree,max_features=all,0.005493974685668946,0.5338638914396491,0.031536497339367406,0.5223828559362831,0.035200450302113315,157.8,15780.0,15780.0,100.0,100.0,0.0,0.0
Hill_Valley_without_noise,1212,100,4,gini,prophet_1sample,,0.06583609580993652,0.6138693330612522,0.030752868676889106,0.6134273961989873,0.031028138050095966,210.2,180308.4,180308.4,873.0162465188336,873.0162465188336,0.0,0.0
Hill_Valley_without_noise,1212,100,4,gini,extra_tree,max_features=all,0.006122303009033203,0.5693262592252492,0.039256424896530105,0.5641111153939972,0.03799426392250352,200.0,20000.0,20000.0,100.0,100.0,0.0,0.0
adult,48842,14,4,gini,prophet_1sample,,1.8902163982391358,0.8199910018059265,0.001287945718564596,0.8196187342129486,0.0014324607163062602,4292.0,376024.6,376024.6,88.09310922319057,88.09310922319057,0.0,0.0
adult,48842,14,4,gini,extra_tree,max_features=all,0.030341672897338866,0.8316408923277591,0.004173663615976073,0.8290348553264828,0.005121219705701655,3581.8,27942.0,27942.0,7.807772629964404,7.807772629964404,0.0,0.0
agaricus_lepiota,8145,22,4,gini,prophet_1sample,,0.006336116790771484,0.9332105586249233,0.13235455235780683,0.926171622415344,0.146431972722263,13.6,518.0,518.0,38.30980861244019,38.30980861244019,0.0,0.0
agaricus_lepiota,8145,22,4,gini,extra_tree,max_features=all,0.00264887809753418,0.912584407612032,0.13135034836315096,0.9047413033635724,0.14592672334159765,14.2,234.8,234.8,16.621794414735593,16.621794414735593,0.0,0.0
allbp,3772,29,4,gini,prophet_1sample,,0.012441396713256836,0.9620889911641225,0.002974606318583094,0.9621233670655679,0.0028522433774211893,110.0,8647.2,8647.2,79.08115306090818,79.08115306090818,0.0,0.0
allbp,3772,29,4,gini,extra_tree,max_features=all,0.0025048255920410156,0.9589084265814114,0.002894253009111693,0.9585381929489973,0.003240481534521581,160.8,2142.2,2142.2,13.338538849186818,13.338538849186818,0.0,0.0
allhyper,3771,29,4,gini,prophet_1sample,,0.010852718353271484,0.9774599047903456,0.004192021015580302,0.9778017123543593,0.005007167987553594,77.8,6867.0,6867.0,88.9610217499809,88.9610217499809,0.0,0.0
allhyper,3771,29,4,gini,extra_tree,max_features=all,0.0015183448791503905,0.9758701494896973,0.004215266078711613,0.9767565564495768,0.003520382911025826,93.0,1248.0,1248.0,13.411557095231956,13.411557095231956,0.0,0.0
allhypo,3770,29,4,gini,prophet_1sample,,0.005951690673828125,0.9660477453580902,0.005344679490612703,0.9657977022743722,0.004996107204238861,93.0,6104.8,6104.8,66.03475107793416,66.03475107793416,0.0,0.0
allhypo,3770,29,4,gini,extra_tree,max_features=all,0.0024585723876953125,0.9347480106100795,0.009317861045225608,0.9362564241650112,0.01005834924159218,203.8,2648.4,2648.4,13.018608590654306,13.018608590654306,0.0,0.0
allrep,3772,29,4,gini,prophet_1sample,,0.009351491928100586,0.97587366276108,0.003297888328659513,0.9757545482443366,0.003198814105822794,75.0,5163.6,5163.6,69.19001925578499,69.19001925578499,0.0,0.0
allrep,3772,29,4,gini,extra_tree,max_features=all,0.0014001846313476563,0.97428425878757,0.0024567961377591095,0.9741200453111881,0.0027895434934407,79.8,977.2,977.2,12.242609321468368,12.242609321468368,0.0,0.0
analcatdata_aids,50,4,4,gini,prophet_1sample,,0.00038919448852539065,0.7,0.1264911064067352,0.6863136863136863,0.12843360406982596,13.6,141.6,141.6,10.76199494949495,10.76199494949495,0.0,0.0
analcatdata_aids,50,4,4,gini,extra_tree,max_features=all,0.0002762317657470703,0.62,0.2227105745132009,0.6085858585858585,0.22572424222309642,21.6,76.8,76.8,3.5630474788369524,3.5630474788369524,0.0,0.0
analcatdata_asbestos,83,3,4,gini,prophet_1sample,,0.00037550926208496094,0.7441176470588236,0.11666872629587471,0.7339676731936794,0.1278957977888239,24.2,164.2,164.2,6.869617918313571,6.869617918313571,0.0,0.0
analcatdata_asbestos,83,3,4,gini,extra_tree,max_features=all,0.0003520011901855469,0.8058823529411765,0.07409342508035655,0.8019709702062643,0.0807455366249485,29.0,45.6,45.6,1.5663630224058476,1.5663630224058476,0.0,0.0
analcatdata_authorship,841,70,4,gini,prophet_1sample,,0.008474636077880859,0.8739504085657931,0.014844056106315466,0.874164892589044,0.015229144414610315,46.2,12828.4,12828.4,279.6083338109819,279.6083338109819,0.0,0.0
analcatdata_authorship,841,70,4,gini,extra_tree,max_features=all,0.0016832351684570312,0.8323753169907017,0.1042246759197776,0.832077645608232,0.10233016728806582,53.4,3689.8,3689.8,69.09341697518168,69.09341697518168,0.0,0.0
analcatdata_bankruptcy,50,6,4,gini,prophet_1sample,,0.00029354095458984376,0.76,0.048989794855663606,0.7501265401265401,0.05501221069811483,7.2,287.8,287.8,41.42539682539683,41.42539682539683,0.0,0.0
analcatdata_bankruptcy,50,6,4,gini,extra_tree,max_features=all,0.00029835700988769533,0.8,0.14142135623730953,0.7905305805305805,0.1504057774274963,11.8,70.8,70.8,6.0,6.0,0.0,0.0
analcatdata_boxing1,120,3,4,gini,prophet_1sample,,0.00030841827392578123,0.6333333333333333,0.1379412113103904,0.608477850773866,0.16353258287947955,31.8,151.0,151.0,4.818077501896353,4.818077501896353,0.0,0.0
analcatdata_boxing1,120,3,4,gini,extra_tree,max_features=all,0.00029582977294921874,0.55,0.24636242498490804,0.4996765311696526,0.29411519501596667,44.8,68.0,68.0,1.5283181959078684,1.5283181959078684,0.0,0.0
analcatdata_boxing2,132,3,4,gini,prophet_1sample,,0.0003245830535888672,0.6606837606837607,0.09561959843382561,0.6591709031709032,0.09490594656694244,44.4,197.6,197.6,4.471174544440039,4.471174544440039,0.0,0.0
analcatdata_boxing2,132,3,4,gini,extra_tree,max_features=all,0.00028204917907714844,0.6680911680911681,0.11995621531114092,0.6654386585831186,0.12287907744726297,56.0,82.8,82.8,1.4743973018653485,1.4743973018653485,0.0,0.0
analcatdata_creditscore,100,6,4,gini,prophet_1sample,,0.00030498504638671876,0.9800000000000001,0.024494897427831803,0.9799172985379881,0.02460796825386144,4.4,218.2,218.2,52.760000000000005,52.760000000000005,0.0,0.0
analcatdata_creditscore,100,6,4,gini,extra_tree,max_features=all,0.00027103424072265624,0.97,0.039999999999999994,0.9701994301994302,0.039902153847136745,9.6,39.0,39.0,4.075555555555556,4.075555555555556,0.0,0.0
analcatdata_cyyoung8092,97,10,4,gini,prophet_1sample,,0.00038466453552246096,0.751578947368421,0.06440866754011942,0.7463530664315161,0.06630805967619725,16.4,465.2,465.2,29.283796737318408,29.283796737318408,0.0,0.0
analcatdata_cyyoung8092,97,10,4,gini,extra_tree,max_features=all,0.00029087066650390625,0.6689473684210526,0.21344295429187188,0.671674367433398,0.1932221717064772,18.4,165.8,165.8,9.013071895424835,9.013071895424835,0.0,0.0
analcatdata_cyyoung9302,92,10,4,gini,prophet_1sample,,0.0003657341003417969,0.7304093567251462,0.10656119747268401,0.7186819190085977,0.08894302795240139,12.0,450.8,450.8,37.9874592074592,37.9874592074592,0.0,0.0
analcatdata_cyyoung9302,92,10,4,gini,extra_tree,max_features=all,0.00028338432312011717,0.7081871345029239,0.09357456111798651,0.7119167960687778,0.0865634639051006,14.6,122.6,122.6,8.40343891402715,8.40343891402715,0.0,0.0
analcatdata_dmft,797,4,4,gini,prophet_1sample,,0.0008680343627929688,0.1782389937106918,0.03415601037268452,0.17465190347407106,0.03164400391963176,345.8,604.6,604.6,1.748990293791935,1.748990293791935,0.0,0.0
analcatdata_dmft,797,4,4,gini,extra_tree,max_features=all,0.00044260025024414065,0.1795125786163522,0.04600641693194746,0.17454161367691604,0.04272793038858329,219.4,339.0,339.0,1.5450841665067183,1.5450841665067183,0.0,0.0
analcatdata_fraud,42,11,4,gini,prophet_1sample,,0.00030717849731445315,0.6194444444444445,0.1319371343004213,0.6002258852258853,0.10952686470666038,11.2,93.6,93.6,8.325103785103783,8.325103785103783,0.0,0.0
analcatdata_fraud,42,11,4,gini,extra_tree,max_features=all,0.00029115676879882814,0.6916666666666667,0.12247448713915891,0.6653968253968254,0.13908657133608082,12.8,74.6,74.6,5.932499999999999,5.932499999999999,0.0,0.0
analcatdata_germangss,400,5,4,gini,prophet_1sample,,0.0006488323211669922,0.4425,0.05947688626685161,0.4348915733532356,0.059737643976549216,222.4,912.4,912.4,4.10635083918673,4.10635083918673,0.0,0.0
analcatdata_germangss,400,5,4,gini,extra_tree,max_features=all,0.000452423095703125,0.42000000000000004,0.06304760106459247,0.4090440153344099,0.061556920637367306,205.8,530.8,530.8,2.5789496156005085,2.5789496156005085,0.0,0.0
analcatdata_happiness,60,3,4,gini,prophet_1sample,,0.0003104209899902344,0.45,0.1247219128924647,0.41252747252747246,0.14282887127241095,28.0,135.4,135.4,4.835746031746032,4.835746031746032,0.0,0.0
analcatdata_happiness,60,3,4,gini,extra_tree,max_features=all,0.0005186080932617187,0.35000000000000003,0.19293061504650377,0.33818181818181814,0.1810017078479353,32.0,73.8,73.8,2.31216082392553,2.31216082392553,0.0,0.0
analcatdata_japansolvent,52,9,4,gini,prophet_1sample,,0.0003589630126953125,0.769090909090909,0.1295382773131409,0.7594300144300145,0.13753934701475481,10.0,367.6,367.6,37.95151515151515,37.95151515151515,0.0,0.0
analcatdata_japansolvent,52,9,4,gini,extra_tree,max_features=all,0.00034456253051757814,0.7309090909090908,0.1124630334123063,0.7196214896214895,0.1185587991046352,11.0,99.0,99.0,9.0,9.0,0.0,0.0
analcatdata_lawsuit,264,4,4,gini,prophet_1sample,,0.00036334991455078125,0.9282293178519593,0.1062961343479073,0.9397742077183452,0.07925285820506013,9.8,308.6,308.6,39.87614163614164,39.87614163614164,0.0,0.0
analcatdata_lawsuit,264,4,4,gini,extra_tree,max_features=all,0.00038700103759765626,0.9545718432510885,0.054141682332904985,0.958430173599985,0.04200914509519317,13.4,46.2,46.2,3.540659340659341,3.540659340659341,0.0,0.0
ann_thyroid,7200,21,4,gini,prophet_1sample,,0.014942789077758789,0.9905555555555555,0.00369036951544066,0.9906668583484292,0.003590710196727655,58.4,5563.0,5563.0,95.29850539291218,95.29850539291218,0.0,0.0
ann_thyroid,7200,21,4,gini,extra_tree,max_features=all,0.0021923542022705077,0.9901388888888889,0.0033564016593318133,0.9902386899755532,0.003184575048738362,80.0,960.8,960.8,12.070139311826058,12.070139311826058,0.0,0.0
appendicitis,106,7,4,gini,prophet_1sample,,0.00042896270751953126,0.7735930735930736,0.07604275329020427,0.7800312539483045,0.060383053851691154,16.2,311.4,311.4,19.444566544566545,19.444566544566545,0.0,0.0
appendicitis,106,7,4,gini,extra_tree,max_features=all,0.0002902507781982422,0.8112554112554113,0.10864334769410498,0.8107812822098536,0.09824265901496242,20.4,142.8,142.8,7.0,7.0,0.0,0.0
backache,180,32,4,gini,prophet_1sample,,0.0015894412994384766,0.7833333333333334,0.04082482904638632,0.7843440873410136,0.030524485355928277,22.4,2146.0,2146.0,96.35307407407407,96.35307407407407,0.0,0.0
backache,180,32,4,gini,extra_tree,max_features=all,0.0005837440490722656,0.788888888888889,0.08351831321318283,0.7995948274970046,0.05958457860897951,25.8,571.0,571.0,22.143974358974358,22.143974358974358,0.0,0.0
balance_scale,625,4,4,gini,prophet_1sample,,0.0006630897521972656,0.6144000000000001,0.10821016588102988,0.61750892537013,0.1340021298195561,125.8,432.0,432.0,3.434010306553911,3.434010306553911,0.0,0.0
balance_scale,625,4,4,gini,extra_tree,max_features=all,0.0005506038665771485,0.6224000000000001,0.07286590423510846,0.6269496176028936,0.10124245426231261,142.2,312.6,312.6,2.200096563014506,2.200096563014506,0.0,0.0
biomed,209,8,4,gini,prophet_1sample,,0.0006576061248779296,0.8662020905923346,0.0896550579145535,0.8672615905978887,0.08698342800733433,21.0,1037.0,1037.0,49.233561703996486,49.233561703996486,0.0,0.0
biomed,209,8,4,gini,extra_tree,max_features=all,0.0003214836120605469,0.8571428571428571,0.12777531299998798,0.8585376484689986,0.12518037401221158,26.8,212.0,212.0,7.91264367816092,7.91264367816092,0.0,0.0
breast_cancer,286,9,4,gini,prophet_1sample,,0.0011187553405761718,0.6186327888687235,0.04657270042310942,0.618200934341904,0.038524350346222515,88.2,753.8,753.8,8.547134834165657,8.547134834165657,0.0,0.0
breast_cancer,286,9,4,gini,extra_tree,max_features=all,0.0006397724151611328,0.6151845130066546,0.045783334548283115,0.6191504612273377,0.037136649571310555,96.8,454.0,454.0,4.692333641566845,4.692333641566845,0.0,0.0
bupa,345,5,4,gini,prophet_1sample,,0.001117372512817383,0.5072463768115942,0.05575473641064157,0.5030462724889262,0.05657270937507315,108.6,1689.0,1689.0,15.504643138347708,15.504643138347708,0.0,0.0
bupa,345,5,4,gini,extra_tree,max_features=all,0.000516510009765625,0.553623188405797,0.06107625363972599,0.5419830974644005,0.06793185323831993,133.6,634.8,634.8,4.752526694875343,4.752526694875343,0.0,0.0
calendarDOW,399,32,4,gini,prophet_1sample,,0.0015979290008544921,0.5684177215189874,0.2071584008153202,0.5512425065744272,0.1967709971645408,108.2,4219.6,4219.6,39.27408795693485,39.27408795693485,0.0,0.0
calendarDOW,399,32,4,gini,extra_tree,max_features=all,0.0007640361785888672,0.5258227848101266,0.19231769022979783,0.5159384801514509,0.18049583786731613,100.4,1916.0,1916.0,19.180662823278762,19.180662823278762,0.0,0.0
car_evaluation,1728,6,4,gini,prophet_1sample,,0.0014828681945800782,0.79696908771048,0.07156930880559915,0.7767511047015048,0.09303401067717745,73.4,362.4,362.4,4.9593019118445305,4.9593019118445305,0.0,0.0
car_evaluation,1728,6,4,gini,extra_tree,max_features=all,0.0009903907775878906,0.85939180698668,0.03352284787632701,0.8575374420450215,0.03151530866447348,90.6,278.2,278.2,3.087494437071185,3.087494437071185,0.0,0.0
cars,392,8,4,gini,prophet_1sample,,0.0009372234344482422,0.829016553067186,0.05056780991082689,0.8259176102889452,0.05155661080635204,52.2,1719.6,1719.6,33.44296867553085,33.44296867553085,0.0,0.0
cars,392,8,4,gini,extra_tree,max_features=all,0.00044708251953125,0.8726062966569297,0.05045126330862359,0.8717497619834719,0.048361867153937754,48.2,344.0,344.0,7.1453423261196365,7.1453423261196365,0.0,0.0
chess,3196,36,4,gini,prophet_1sample,,0.0031839847564697266,0.9953061424100156,0.0035690536102029598,0.9953061996414123,0.0035687478805105114,48.0,900.4,900.4,18.80196059889677,18.80196059889677,0.0,0.0
chess,3196,36,4,gini,extra_tree,max_features=all,0.0019960880279541017,0.9959321205007825,0.003513555261498118,0.9959317767769915,0.003513821964456701,48.8,899.4,899.4,18.47876113340481,18.47876113340481,0.0,0.0
churn,5000,20,4,gini,prophet_1sample,,0.14357151985168456,0.9176,0.01148216007552583,0.9176086111790862,0.010923648994035539,307.2,96311.8,96311.8,314.1274600540001,314.1274600540001,0.0,0.0
churn,5000,20,4,gini,extra_tree,max_features=all,0.003968286514282227,0.9154,0.00755248303539969,0.9156413259533499,0.0075851962068506544,360.8,6292.8,6292.8,17.440871568950705,17.440871568950705,0.0,0.0
clean1,476,168,4,gini,prophet_1sample,,0.005200433731079102,0.897390350877193,0.1256947528687577,0.8896589156296418,0.13519439188190085,3.0,4508.4,4508.4,2167.2,2167.2,0.0,0.0
clean1,476,168,4,gini,extra_tree,max_features=all,0.0011501789093017578,0.9978947368421054,0.004210526315789487,0.9978913985609623,0.004217202878075233,7.4,1242.6,1242.6,167.925,167.925,0.0,0.0
cloud,108,7,4,gini,prophet_1sample,,0.0009572505950927734,0.44545454545454544,0.15439683882250904,0.38357779780028584,0.17270997686147885,25.4,436.8,436.8,17.608210946474816,17.608210946474816,0.0,0.0
cloud,108,7,4,gini,extra_tree,max_features=all,0.000510406494140625,0.370995670995671,0.04570329790552089,0.36398328943783487,0.055797682400616076,49.0,330.6,330.6,6.753755258059449,6.753755258059449,0.0,0.0
coil2000,9822,85,4,gini,prophet_1sample,,0.09482698440551758,0.8973735897555489,0.0026337769719671253,0.896814280253477,0.0019318531035819957,801.0,77080.6,77080.6,96.22477272372845,96.22477272372845,0.0,0.0
coil2000,9822,85,4,gini,extra_tree,max_features=all,0.02504124641418457,0.8992059617646906,0.0030332079448188833,0.8977247834510396,0.0029476172693792668,731.4,34870.0,34870.0,47.718698326074005,47.718698326074005,0.0,0.0
collins,485,23,4,gini,prophet_1sample,,0.0030152320861816405,0.8268041237113402,0.21222094579267733,0.8280479552341287,0.2108468615241906,15.0,1040.4,1040.4,69.77111111111111,69.77111111111111,0.0,0.0
collins,485,23,4,gini,extra_tree,max_features=all,0.0006563663482666016,0.9649484536082473,0.055936742128868205,0.957987236131566,0.06811481661334842,12.8,281.6,281.6,22.0,22.0,0.0,0.0
confidence,72,3,4,gini,prophet_1sample,,0.00037384033203125,0.7104761904761905,0.18598027350103363,0.7021995464852606,0.19225395413244822,15.6,175.8,175.8,11.394472924736082,11.394472924736082,0.0,0.0
confidence,72,3,4,gini,extra_tree,max_features=all,0.00030541419982910156,0.7219047619047619,0.14657387293360769,0.6884807256235828,0.1523953028822007,18.2,54.6,54.6,3.0,3.0,0.0,0.0
corral,160,6,4,gini,prophet_1sample,,0.0007338523864746094,0.975,0.049999999999999996,0.975,0.049999999999999996,9.6,38.2,38.2,4.096923076923078,4.096923076923078,0.0,0.0
corral,160,6,4,gini,extra_tree,max_features=all,0.0005630970001220704,0.975,0.049999999999999996,0.975,0.049999999999999996,9.6,38.2,38.2,4.096923076923078,4.096923076923078,0.0,0.0
dermatology,366,34,4,gini,prophet_1sample,,0.001344442367553711,0.926286560533136,0.03514143516771594,0.9242714951241153,0.03583440242114043,15.6,789.2,789.2,50.654822954822954,50.654822954822954,0.0,0.0
dermatology,366,34,4,gini,extra_tree,max_features=all,0.0006552696228027344,0.9235838578304332,0.018059794110520604,0.9229394018466708,0.0215524696016074,17.8,387.6,387.6,21.7975,21.7975,0.0,0.0
dis,3772,29,4,gini,prophet_1sample,,0.010007619857788086,0.9740176014896271,0.004334010651780175,0.9748156952621437,0.002431220061627902,93.6,7069.8,7069.8,75.91570717084929,75.91570717084929,0.0,0.0
dis,3772,29,4,gini,extra_tree,max_features=all,0.0022658348083496095,0.9718962882287843,0.005533294641685363,0.9725919656382789,0.003199255937911122,96.6,1361.6,1361.6,14.115561292170122,14.115561292170122,0.0,0.0
dna,3186,180,4,gini,prophet_1sample,,0.02902083396911621,0.9026977948160214,0.006898870901041518,0.9029872523985312,0.007150270511077587,155.8,23007.4,23007.4,147.6985539004296,147.6985539004296,0.0,0.0
dna,3186,180,4,gini,extra_tree,max_features=all,0.014896965026855469,0.9026977948160214,0.006898870901041518,0.9029872523985312,0.007150270511077587,155.0,23007.4,23007.4,148.45869220580585,148.45869220580585,0.0,0.0
ecoli,327,7,4,gini,prophet_1sample,,0.0007305622100830078,0.7920279720279719,0.02086495798486324,0.7891711615774658,0.0196034726772766,53.4,1334.6,1334.6,25.170657227534914,25.170657227534914,0.0,0.0
ecoli,327,7,4,gini,extra_tree,max_features=all,0.0003615379333496094,0.7673659673659674,0.05331099667552551,0.7646964293405292,0.05512263693938084,65.6,329.4,329.4,5.01654367067533,5.01654367067533,0.0,0.0
flags,178,43,4,gini,prophet_1sample,,0.0007371902465820312,0.3771428571428571,0.07575171282198741,0.36228892539075136,0.07027890439410495,67.4,1506.6,1506.6,22.413062862468934,22.413062862468934,0.0,0.0
flags,178,43,4,gini,extra_tree,max_features=all,0.0005672454833984375,0.38841269841269843,0.06937724639940837,0.37962114868437663,0.07086557574706188,68.2,1214.6,1214.6,17.825266739113975,17.825266739113975,0.0,0.0
glass2,163,9,4,gini,prophet_1sample,,0.0010440349578857422,0.7793560606060607,0.03404879553673369,0.7784971334971335,0.033804865884060384,23.4,961.0,961.0,41.61323376623377,41.61323376623377,0.0,0.0
glass2,163,9,4,gini,extra_tree,max_features=all,0.0005414962768554687,0.7359848484848486,0.08116673878977004,0.7355559625640762,0.08150221801650052,34.0,285.2,285.2,8.396039699987067,8.396039699987067,0.0,0.0
haberman,306,3,4,gini,prophet_1sample,,0.0006140232086181641,0.6631940772078265,0.07303249773818818,0.6405121105383512,0.05564130729095502,97.4,668.6,668.6,6.858007135778559,6.858007135778559,0.0,0.0
haberman,306,3,4,gini,extra_tree,max_features=all,0.00040497779846191404,0.6729243786356426,0.05700873875661014,0.6590982416190392,0.028220409458830913,109.8,251.0,251.0,2.2887639628465317,2.2887639628465317,0.0,0.0
hayes_roth,160,4,4,gini,prophet_1sample,,0.00036320686340332033,0.81875,0.045927932677184584,0.8182095277147751,0.04645051017965048,34.0,106.8,106.8,3.1481379775497422,3.1481379775497422,0.0,0.0
hayes_roth,160,4,4,gini,extra_tree,max_features=all,0.0003170013427734375,0.8,0.06434768838116875,0.7995135662688136,0.0646089761621819,30.8,71.8,71.8,2.3410611491256654,2.3410611491256654,0.0,0.0
hepatitis,155,19,4,gini,prophet_1sample,,0.001350259780883789,0.761290322580645,0.056243857336008674,0.7383731754225114,0.07452903833635768,19.6,1045.8,1045.8,54.16287220026351,54.16287220026351,0.0,0.0
hepatitis,155,19,4,gini,extra_tree,max_features=all,0.000573110580444336,0.7806451612903226,0.024139725075960888,0.7843627330602827,0.0315123024252577,23.2,348.6,348.6,15.050856912813435,15.050856912813435,0.0,0.0
hypothyroid,3163,25,4,gini,prophet_1sample,,0.007919692993164062,0.9645934569160317,0.006352890887353877,0.9651830143449425,0.005815377190954776,91.4,5828.0,5828.0,63.82101450218081,63.82101450218081,0.0,0.0
hypothyroid,3163,25,4,gini,extra_tree,max_features=all,0.0015286445617675782,0.9705976163337133,0.0030949881592301606,0.9710329611534718,0.002960496686497353,113.2,1366.8,1366.8,12.074031500634488,12.074031500634488,0.0,0.0
ionosphere,351,34,4,gini,prophet_1sample,,0.003591108322143555,0.9030583501006036,0.06163006442112785,0.9032443637824924,0.06071954907341136,24.8,7735.2,7735.2,341.2654920634921,341.2654920634921,0.0,0.0
ionosphere,351,34,4,gini,extra_tree,max_features=all,0.0008190155029296875,0.8664788732394367,0.078277179422968,0.8666390232262305,0.07728663272399097,30.6,983.6,983.6,32.130556098468986,32.130556098468986,0.0,0.0
iris,150,4,4,gini,prophet_1sample,,0.00034399032592773436,0.9333333333333333,0.036514837167011066,0.932822849963784,0.03698887907377522,9.8,280.0,280.0,28.68161616161616,28.68161616161616,0.0,0.0
iris,150,4,4,gini,extra_tree,max_features=all,0.00029702186584472655,0.9533333333333334,0.01632993161855452,0.9531485278853701,0.01645533121061874,12.2,47.4,47.4,3.881139448786508,3.881139448786508,0.0,0.0
irish,500,5,4,gini,prophet_1sample,,0.0004077911376953125,1.0,0.0,1.0,0.0,4.6,195.0,195.0,49.95238095238095,49.95238095238095,0.0,0.0
irish,500,5,4,gini,extra_tree,max_features=all,0.00034275054931640623,1.0,0.0,1.0,0.0,8.0,34.0,34.0,4.25,4.25,0.0,0.0
kr_vs_kp,3196,36,4,gini,prophet_1sample,,0.0031340599060058595,0.978725058685446,0.012694782039075212,0.9787000521358256,0.012719791355883817,46.6,855.4,855.4,18.38486434108527,18.38486434108527,0.0,0.0
kr_vs_kp,3196,36,4,gini,extra_tree,max_features=all,0.002071189880371094,0.9759081572769952,0.010776907887015423,0.9758846226794733,0.010799037629382894,47.4,857.8,857.8,18.116299786153434,18.116299786153434,0.0,0.0
krkopt,28056,6,4,gini,prophet_1sample,,0.029381179809570314,0.1008710997248176,0.02563133084975886,0.09094890148823946,0.018631354837451933,5758.2,24492.0,24492.0,4.256882239180801,4.256882239180801,0.0,0.0
krkopt,28056,6,4,gini,extra_tree,max_features=all,0.01141657829284668,0.11958303317495811,0.020560862788117064,0.11237675212234347,0.012373175285549631,7659.4,15330.0,15330.0,2.0045555715849654,2.0045555715849654,0.0,0.0
labor,57,16,4,gini,prophet_1sample,,0.00031156539916992186,0.8954545454545455,0.031198879215112097,0.8946832252714605,0.030772479667508363,6.8,228.8,228.8,33.916666666666664,33.916666666666664,0.0,0.0
labor,57,16,4,gini,extra_tree,max_features=all,0.00032696723937988283,0.8393939393939395,0.08865902326259269,0.8415384615384616,0.08719711126594976,7.8,109.2,109.2,14.021428571428572,14.021428571428572,0.0,0.0
led24,3200,24,4,gini,prophet_1sample,,0.007289600372314453,0.5771875,0.011759304826391714,0.576624464497079,0.011389347208195908,874.0,11320.4,11320.4,12.95274805735757,12.95274805735757,0.0,0.0
led24,3200,24,4,gini,extra_tree,max_features=all,0.004449462890625,0.5771875,0.011759304826391714,0.576624464497079,0.011389347208195908,874.0,11320.4,11320.4,12.95274805735757,12.95274805735757,0.0,0.0
led7,3200,7,4,gini,prophet_1sample,,0.0009751319885253906,0.731875,0.007756046028744291,0.7291984699202221,0.00687002379290652,185.8,223.4,223.4,1.2024639994470896,1.2024639994470896,0.0,0.0
led7,3200,7,4,gini,extra_tree,max_features=all,0.0008256435394287109,0.731875,0.007756046028744291,0.7291984699202221,0.00687002379290652,106.8,223.4,223.4,2.0920573627514947,2.0920573627514947,0.0,0.0
letter,20000,16,4,gini,prophet_1sample,,0.07068815231323242,0.8397,0.007796473561809839,0.8407135064458808,0.007012540707679656,1951.2,73383.4,73383.4,37.66621639157483,37.66621639157483,0.0,0.0
letter,20000,16,4,gini,extra_tree,max_features=all,0.016574621200561523,0.84245,0.01273813173114486,0.8427983768104763,0.012901574797312455,2077.8,29854.0,29854.0,14.372289964700844,14.372289964700844,0.0,0.0
lupus,87,3,4,gini,prophet_1sample,,0.00031299591064453124,0.7235294117647059,0.04647421917550633,0.7220327936373164,0.048014459273362564,29.4,156.2,156.2,5.340430976738522,5.340430976738522,0.0,0.0
lupus,87,3,4,gini,extra_tree,max_features=all,0.0004014015197753906,0.7013071895424836,0.13539985133031288,0.6831369766919638,0.15068177459356455,35.4,84.4,84.4,2.3776319176319176,2.3776319176319176,0.0,0.0
lymphography,148,18,4,gini,prophet_1sample,,0.0005656719207763672,0.7439080459770114,0.07611035649264805,0.7347337712096333,0.0789519852501971,24.8,479.8,479.8,19.442351677696504,19.442351677696504,0.0,0.0
lymphography,148,18,4,gini,extra_tree,max_features=all,0.00035533905029296877,0.790344827586207,0.03990078857682784,0.786986720873274,0.038372238175719164,24.8,301.8,301.8,12.201470952557909,12.201470952557909,0.0,0.0
magic,19020,10,4,gini,prophet_1sample,,1.5872182369232177,0.8182439537329127,0.006041922271955575,0.8173652435150256,0.006220568381578563,2012.6,464306.8,464306.8,230.8100196403293,230.8100196403293,0.0,0.0
magic,19020,10,4,gini,extra_tree,max_features=all,0.012314271926879884,0.8182965299684544,0.005695246546024027,0.8170759862687363,0.0055284648004469425,2370.4,23697.4,23697.4,9.997184432531515,9.997184432531515,0.0,0.0
mfeat_factors,2000,216,4,gini,prophet_1sample,,0.14444456100463868,0.861,0.011022703842524304,0.8613412875275163,0.010733444797875039,131.0,204579.4,204579.4,1565.3284058711179,1565.3284058711179,0.0,0.0
mfeat_factors,2000,216,4,gini,extra_tree,max_features=all,0.013252544403076171,0.8640000000000001,0.006633249580710804,0.8641571000519107,0.006282789281442236,148.6,31950.2,31950.2,215.01840068717678,215.01840068717678,0.0,0.0
mfeat_fourier,2000,76,4,gini,prophet_1sample,,0.0868133544921875,0.7404999999999999,0.017204650534085257,0.7403133232175299,0.017063166541408086,259.2,201728.2,201728.2,779.0768881914926,779.0768881914926,0.0,0.0
mfeat_fourier,2000,76,4,gini,extra_tree,max_features=all,0.006389617919921875,0.7325000000000002,0.014999999999999993,0.7328375087206371,0.01430870579899322,286.6,21781.6,21781.6,76.0,76.0,0.0,0.0
mfeat_karhunen,2000,64,4,gini,prophet_1sample,,0.04173059463500976,0.798,0.021587033144922888,0.7985158981392603,0.021259866424753082,211.4,68308.0,68308.0,323.4738581791845,323.4738581791845,0.0,0.0
mfeat_karhunen,2000,64,4,gini,extra_tree,max_features=all,0.00503392219543457,0.7895,0.02847806173179625,0.7891688567052515,0.029048417395028576,268.0,17152.0,17152.0,64.0,64.0,0.0,0.0
mfeat_morphological,2000,6,4,gini,prophet_1sample,,0.007930135726928711,0.6615,0.010793516572461453,0.658799956607912,0.011964537456716148,512.8,13725.0,13725.0,27.091376549615564,27.091376549615564,0.0,0.0
mfeat_morphological,2000,6,4,gini,extra_tree,max_features=all,0.0012240409851074219,0.6599999999999999,0.020000000000000007,0.6580598746743191,0.020055156479178035,544.4,1789.2,1789.2,3.2867038721927955,3.2867038721927955,0.0,0.0
mfeat_pixel,2000,240,4,gini,prophet_1sample,,0.04331016540527344,0.858,0.010653637876331246,0.8581680987969384,0.010302578311224782,136.6,61131.8,61131.8,447.91420932768943,447.91420932768943,0.0,0.0
mfeat_pixel,2000,240,4,gini,extra_tree,max_features=all,0.014677190780639648,0.8710000000000001,0.010198039027185541,0.8706967404946712,0.01022209591828915,144.8,29484.4,29484.4,203.646884275635,203.646884275635,0.0,0.0
mfeat_zernike,2000,47,4,gini,prophet_1sample,,0.09360885620117188,0.615,0.01140175425099139,0.6184147825307844,0.01056384305812646,352.2,239690.6,239690.6,685.0974346530646,685.0974346530646,0.0,0.0
mfeat_zernike,2000,47,4,gini,extra_tree,max_features=all,0.0059627056121826175,0.6775,0.017677669529663705,0.6786138362318315,0.016366756383291173,402.0,18763.6,18763.6,46.680755300728194,46.680755300728194,0.0,0.0
mofn_3_7_10,1324,10,4,gini,prophet_1sample,,0.0009187698364257812,1.0,0.0,1.0,0.0,55.0,310.0,310.0,5.636363636363637,5.636363636363637,0.0,0.0
mofn_3_7_10,1324,10,4,gini,extra_tree,max_features=all,0.0006923675537109375,1.0,0.0,1.0,0.0,55.0,310.0,310.0,5.636363636363637,5.636363636363637,0.0,0.0
molecular_biology_promoters,106,57,4,gini,prophet_1sample,,0.0005860328674316406,0.7445887445887445,0.08968460026028441,0.7434058356255152,0.08918580741161554,11.8,1168.8,1168.8,99.796993006993,99.796993006993,0.0,0.0
molecular_biology_promoters,106,57,4,gini,extra_tree,max_features=all,0.00043478012084960935,0.7558441558441558,0.07639680837560442,0.753432857506084,0.07822687781330352,13.2,732.8,732.8,55.53047619047619,55.53047619047619,0.0,0.0
monk1,556,6,4,gini,prophet_1sample,,0.0004668712615966797,1.0,0.0,1.0,0.0,29.0,136.8,136.8,5.32283655083655,5.32283655083655,0.0,0.0
monk1,556,6,4,gini,extra_tree,max_features=all,0.00042586326599121095,1.0,0.0,1.0,0.0,17.6,85.0,85.0,4.8875,4.8875,0.0,0.0
monk2,601,6,4,gini,prophet_1sample,,0.0005546092987060546,0.9349999999999999,0.04576510072581993,0.9358738575883999,0.045200409354555646,51.2,266.2,266.2,5.323831651838871,5.323831651838871,0.0,0.0
monk2,601,6,4,gini,extra_tree,max_features=all,0.00044760704040527346,0.9433333333333331,0.04027681991198192,0.9441077113979034,0.039499100175608176,60.8,196.2,196.2,3.246749751244517,3.246749751244517,0.0,0.0
monk3,554,6,4,gini,prophet_1sample,,0.00042595863342285154,0.953087633087633,0.020823787976001307,0.9529699464859032,0.020896440859422136,24.4,96.6,96.6,4.138389941054737,4.138389941054737,0.0,0.0
monk3,554,6,4,gini,extra_tree,max_features=all,0.0003552436828613281,0.9603276003276002,0.02823515746592953,0.9601872747218365,0.028423952336510128,25.8,87.0,87.0,3.4473442566990955,3.4473442566990955,0.0,0.0
movement_libras,360,90,4,gini,prophet_1sample,,0.009363174438476562,0.4916666666666667,0.13368010461684404,0.4772121551288217,0.1450555299247766,77.4,37986.4,37986.4,491.9348361119687,491.9348361119687,0.0,0.0
movement_libras,360,90,4,gini,extra_tree,max_features=all,0.001587247848510742,0.5527777777777778,0.10107447443700139,0.5475900642567308,0.10479670924539203,83.6,7516.0,7516.0,89.90601450567743,89.90601450567743,0.0,0.0
mushroom,8124,22,4,gini,prophet_1sample,,0.006355571746826172,1.0,0.0,1.0,0.0,13.4,567.0,567.0,42.41128205128205,42.41128205128205,0.0,0.0
mushroom,8124,22,4,gini,extra_tree,max_features=all,0.002893972396850586,1.0,0.0,1.0,0.0,14.2,231.8,231.8,16.32952380952381,16.32952380952381,0.0,0.0
mux6,128,6,4,gini,prophet_1sample,,0.0002937793731689453,1.0,0.0,1.0,0.0,21.4,65.2,65.2,3.0927058823529414,3.0927058823529414,0.0,0.0
mux6,128,6,4,gini,extra_tree,max_features=all,0.00032024383544921876,1.0,0.0,1.0,0.0,21.4,65.2,65.2,3.0927058823529414,3.0927058823529414,0.0,0.0
new_thyroid,215,5,4,gini,prophet_1sample,,0.00044240951538085935,0.9069767441860466,0.053031415120890144,0.9017433254009457,0.061935148544747694,16.6,470.4,470.4,29.12967266651477,29.12967266651477,0.0,0.0
new_thyroid,215,5,4,gini,extra_tree,max_features=all,0.0002928256988525391,0.9255813953488372,0.059563946394724156,0.9210253287618446,0.06323345735056277,20.4,101.4,101.4,4.973818181818182,4.973818181818182,0.0,0.0
nursery,12958,8,4,gini,prophet_1sample,,0.007226085662841797,0.9514591701569058,0.029329393707881585,0.9513268942296745,0.029258116138055852,292.8,1755.8,1755.8,6.024816270270959,6.024816270270959,0.0,0.0
nursery,12958,8,4,gini,extra_tree,max_features=all,0.0042209625244140625,0.9398043619652073,0.030235366323984294,0.9396078041266719,0.03088489537022313,468.6,1549.8,1549.8,3.3220889714024935,3.3220889714024935,0.0,0.0
optdigits,5620,64,4,gini,prophet_1sample,,0.04913010597229004,0.8861209964412812,0.012619660659428574,0.8861006452541774,0.012845240296773327,368.6,54567.2,54567.2,148.0778149327201,148.0778149327201,0.0,0.0
optdigits,5620,64,4,gini,extra_tree,max_features=all,0.010912370681762696,0.8790035587188612,0.008514936735946905,0.8788456520944499,0.008480998769725603,397.4,18283.0,18283.0,46.02117427160344,46.02117427160344,0.0,0.0
page_blocks,5473,10,4,gini,prophet_1sample,,0.05514054298400879,0.9464603107026287,0.012866271871167609,0.9484230147896809,0.012208824398653763,185.0,21903.8,21903.8,118.67222306738863,118.67222306738863,0.0,0.0
page_blocks,5473,10,4,gini,extra_tree,max_features=all,0.0024983882904052734,0.9409801908291803,0.013617301965544285,0.9413096732318514,0.011239081169082137,234.6,2224.8,2224.8,9.487515360154292,9.487515360154292,0.0,0.0
parity5,32,5,4,gini,prophet_1sample,,0.00029807090759277345,0.03333333333333333,0.06666666666666667,0.02857142857142857,0.05714285714285714,23.0,46.8,46.8,2.0359683794466408,2.0359683794466408,0.0,0.0
parity5,32,5,4,gini,extra_tree,max_features=all,0.0002661228179931641,0.03333333333333333,0.06666666666666667,0.02857142857142857,0.05714285714285714,23.0,46.8,46.8,2.0359683794466408,2.0359683794466408,0.0,0.0
parity5+5,1124,10,4,gini,prophet_1sample,,0.0011548519134521485,0.6103888888888889,0.15997874087160516,0.6098072361892755,0.15992060532028957,481.2,1304.8,1304.8,2.750741225791175,2.750741225791175,0.0,0.0
parity5+5,1124,10,4,gini,extra_tree,max_features=all,0.0008999824523925782,0.6103888888888889,0.15997874087160516,0.6098072361892755,0.15992060532028957,481.2,1304.8,1304.8,2.750741225791175,2.750741225791175,0.0,0.0
pendigits,10992,16,4,gini,prophet_1sample,,0.0673128604888916,0.9425034789160925,0.00339005164149614,0.9424320108182552,0.0033842096753399237,455.2,59964.4,59964.4,131.78157409848492,131.78157409848492,0.0,0.0
pendigits,10992,16,4,gini,extra_tree,max_features=all,0.006962299346923828,0.9516010462196192,0.006203022109239548,0.9516919478709271,0.006187756710700788,493.4,7512.0,7512.0,15.227516188246796,15.227516188246796,0.0,0.0
penguins,333,7,4,gini,prophet_1sample,,0.0004565715789794922,0.9880144730891001,0.011181573688186293,0.9879888310259076,0.011188401403953717,12.2,370.0,370.0,31.421123321123325,31.421123321123325,0.0,0.0
penguins,333,7,4,gini,extra_tree,max_features=all,0.0003445148468017578,0.9789687924016282,0.015434751805221006,0.978934929600307,0.015461780837587152,16.0,97.0,97.0,6.107777777777777,6.107777777777777,0.0,0.0
phoneme,5404,5,4,gini,prophet_1sample,,0.033423995971679686,0.8551070682153015,0.0056365009740043165,0.8549278571456677,0.005825640870653758,684.4,33844.6,33844.6,49.50567959401292,49.50567959401292,0.0,0.0
phoneme,5404,5,4,gini,extra_tree,max_features=all,0.003257608413696289,0.856403535820742,0.006964132024866216,0.8557596825710745,0.006922472614730316,850.0,4192.4,4192.4,4.932273170194927,4.932273170194927,0.0,0.0
postoperative_patient_data,88,8,4,gini,prophet_1sample,,0.0003659248352050781,0.5542483660130719,0.0963381842865745,0.5312296626069445,0.06769915101936863,35.2,173.4,173.4,4.960024104996881,4.960024104996881,0.0,0.0
postoperative_patient_data,88,8,4,gini,extra_tree,max_features=all,0.0003398418426513672,0.6026143790849673,0.058114830329338334,0.5773865116927996,0.06079258012417472,30.6,140.6,140.6,4.59497914349277,4.59497914349277,0.0,0.0
prnn_crabs,200,7,4,gini,prophet_1sample,,0.00048074722290039065,0.775,0.15572411502397437,0.7746521543876531,0.15585471919573937,20.0,421.6,421.6,21.419870129870127,21.419870129870127,0.0,0.0
prnn_crabs,200,7,4,gini,extra_tree,max_features=all,0.00045948028564453126,0.7300000000000001,0.14949916387726053,0.7170895425164406,0.16045716802139995,30.2,196.4,196.4,6.5009530791788865,6.5009530791788865,0.0,0.0
prnn_synth,250,2,4,gini,prophet_1sample,,0.0008192062377929688,0.812,0.029933259094191512,0.8108823641344649,0.029703662848863145,45.4,562.8,562.8,12.507768422054138,12.507768422054138,0.0,0.0
prnn_synth,250,2,4,gini,extra_tree,max_features=all,0.0003238677978515625,0.8119999999999999,0.0530659966456864,0.8113191817549505,0.05279530772731059,62.4,124.8,124.8,2.0,2.0,0.0,0.0
profb,672,9,4,gini,prophet_1sample,,0.002153921127319336,0.5834604754007738,0.03643768743158276,0.5764398733034742,0.038902075150889025,165.8,3853.8,3853.8,23.31115937905875,23.31115937905875,0.0,0.0
profb,672,9,4,gini,extra_tree,max_features=all,0.0007729530334472656,0.5892868988391375,0.052385366836661715,0.593177691500592,0.04267811763823512,200.2,1379.4,1379.4,6.893665349143609,6.893665349143609,0.0,0.0
ring,7400,20,4,gini,prophet_1sample,,0.49603705406188964,0.8485135135135135,0.0060945796128538685,0.848407646631993,0.0061192443909941574,508.4,295174.2,295174.2,581.4002670756461,581.4002670756461,0.0,0.0
ring,7400,20,4,gini,extra_tree,max_features=all,0.007172918319702149,0.8578378378378378,0.007158336561161646,0.857496555748825,0.00716659335971844,582.4,11647.6,11647.6,19.99923224568138,19.99923224568138,0.0,0.0
saheart,462,9,4,gini,prophet_1sample,,0.0016934394836425782,0.645137914913511,0.030967732760352137,0.6457322672439486,0.03067434413808959,102.2,5097.0,5097.0,49.84237856789531,49.84237856789531,0.0,0.0
saheart,462,9,4,gini,extra_tree,max_features=all,0.0004860401153564453,0.6017297802711548,0.062086362618336374,0.5952157075960312,0.06404462462311698,125.6,1013.2,1013.2,8.067580964526732,8.067580964526732,0.0,0.0
satimage,6435,36,4,gini,prophet_1sample,,0.06493186950683594,0.8183372183372184,0.018514153034567438,0.8166353688305834,0.012233550107370395,543.0,73968.8,73968.8,136.48776595624213,136.48776595624213,0.0,0.0
satimage,6435,36,4,gini,extra_tree,max_features=all,0.009496164321899415,0.8324786324786325,0.016509026768881833,0.8327012982214874,0.012980499048351229,596.2,21213.6,21213.6,35.58226425681048,35.58226425681048,0.0,0.0
schizo,340,14,4,gini,prophet_1sample,,0.0015491962432861329,0.5,0.03834824944236853,0.49700448874000713,0.04478893172917353,99.8,4832.6,4832.6,48.6258425395489,48.6258425395489,0.0,0.0
schizo,340,14,4,gini,extra_tree,max_features=all,0.0005757808685302734,0.3941176470588235,0.03529411764705881,0.4017546829852193,0.041341067025866186,114.2,1477.2,1477.2,12.93407311642606,12.93407311642606,0.0,0.0
segmentation,2310,19,4,gini,prophet_1sample,,0.02115159034729004,0.925108225108225,0.03443123606086262,0.9227959152058067,0.03608907500637416,95.0,30665.6,30665.6,323.53283923371856,323.53283923371856,0.0,0.0
segmentation,2310,19,4,gini,extra_tree,max_features=all,0.0013725757598876953,0.9337662337662337,0.01958126905263832,0.931946699579251,0.02092944218973974,120.4,2008.8,2008.8,16.70308598528012,16.70308598528012,0.0,0.0
shuttle,58000,9,4,gini,prophet_1sample,,0.045820188522338864,0.9996896551724138,8.791412954471272e-05,0.9996805724280098,9.250920961537344e-05,52.8,2137.8,2137.8,40.599473968794605,40.599473968794605,0.0,0.0
shuttle,58000,9,4,gini,extra_tree,max_features=all,0.013901185989379884,0.9994137931034481,0.0004734320764740111,0.9994001440877538,0.00047078618395390886,80.2,670.0,670.0,8.369382596678406,8.369382596678406,0.0,0.0
sonar,208,60,4,gini,prophet_1sample,,0.004571247100830078,0.7167247386759581,0.04667400241461544,0.7135978186805618,0.0487828157753453,26.8,10060.6,10060.6,374.8398383225969,374.8398383225969,0.0,0.0
sonar,208,60,4,gini,extra_tree,max_features=all,0.0007753372192382812,0.692334494773519,0.06663509391703464,0.6896341138967343,0.06861717086967721,28.6,1715.8,1715.8,59.992000000000004,59.992000000000004,0.0,0.0
soybean,675,35,4,gini,prophet_1sample,,0.0014223575592041016,0.9066666666666666,0.021263259399121957,0.9039503559279961,0.019045393727247978,70.2,1765.2,1765.2,25.178904056459253,25.178904056459253,0.0,0.0
soybean,675,35,4,gini,extra_tree,max_features=all,0.0007503032684326172,0.9274074074074073,0.033912661162250626,0.9252478140902631,0.03512252720543271,67.0,1107.2,1107.2,16.534924040511726,16.534924040511726,0.0,0.0
spambase,4601,57,4,gini,prophet_1sample,,0.08182010650634766,0.8787211443138366,0.050240572713483284,0.8786769025602432,0.04930979001592116,236.0,119516.4,119516.4,509.3500786478515,509.3500786478515,0.0,0.0
spambase,4601,57,4,gini,extra_tree,max_features=all,0.006271266937255859,0.8871984610300713,0.05402242811339837,0.8875248072509418,0.053048835847838045,257.0,9849.8,9849.8,38.3693195422064,38.3693195422064,0.0,0.0
spect,267,22,4,gini,prophet_1sample,,0.0005492687225341797,0.7902865129280224,0.06965315690818552,0.7928994213273386,0.06701342327152336,56.6,559.8,559.8,9.927806288693386,9.927806288693386,0.0,0.0
spect,267,22,4,gini,extra_tree,max_features=all,0.0004099369049072266,0.7902865129280224,0.06965315690818552,0.7928994213273386,0.06701342327152336,49.8,559.8,559.8,11.270298080472498,11.270298080472498,0.0,0.0
spectf,349,44,4,gini,prophet_1sample,,0.002435731887817383,0.8684472049689441,0.07566369788514955,0.8724639691875072,0.07419938145064227,36.6,6437.2,6437.2,176.04624542124543,176.04624542124543,0.0,0.0
spectf,349,44,4,gini,extra_tree,max_features=all,0.0007377147674560546,0.868488612836439,0.09697112568842262,0.8707029944902892,0.09802511432990489,40.4,1771.2,1771.2,43.84288595659887,43.84288595659887,0.0,0.0
splice,3188,60,4,gini,prophet_1sample,,0.019832515716552736,0.895850947082474,0.01714605922186947,0.8961521834795733,0.017117811102259777,173.8,18305.2,18305.2,105.42170471164442,105.42170471164442,0.0,0.0
splice,3188,60,4,gini,extra_tree,max_features=all,0.0069712638854980465,0.893975974764152,0.009606679041255409,0.8941869645102434,0.00957755194011666,196.0,10783.4,10783.4,55.01500247522536,55.01500247522536,0.0,0.0
tae,151,5,4,gini,prophet_1sample,,0.0004351615905761719,0.6733333333333333,0.27680719322702263,0.6707202362256879,0.27976546609256686,59.8,492.4,492.4,8.278088133551469,8.278088133551469,0.0,0.0
tae,151,5,4,gini,extra_tree,max_features=all,0.00033388137817382815,0.7066666666666668,0.24711670657134185,0.7039468624284885,0.2483159234549333,67.4,182.2,182.2,2.720554015663251,2.720554015663251,0.0,0.0
texture,5500,40,4,gini,prophet_1sample,,0.15103707313537598,0.908,0.0034208886767685227,0.9077575561403745,0.0032881975140431055,333.4,241989.8,241989.8,728.5023443666771,728.5023443666771,0.0,0.0
texture,5500,40,4,gini,extra_tree,max_features=all,0.006817340850830078,0.9221818181818182,0.003839765833080515,0.9225061240210408,0.0035963740536097293,342.2,13685.2,13685.2,39.99171052207627,39.99171052207627,0.0,0.0
threeOf9,512,9,4,gini,prophet_1sample,,0.0004745960235595703,0.9805063773082049,0.0122810440517697,0.9805143120597363,0.01226955990501571,28.6,149.6,149.6,5.235545314900153,5.235545314900153,0.0,0.0
threeOf9,512,9,4,gini,extra_tree,max_features=all,0.00037860870361328125,0.9805063773082049,0.0122810440517697,0.9805143120597363,0.01226955990501571,28.6,149.6,149.6,5.235545314900153,5.235545314900153,0.0,0.0
tic_tac_toe,958,9,4,gini,prophet_1sample,,0.0008961677551269532,0.8789267015706808,0.021391865853649352,0.877312130304045,0.023030999943305257,114.8,989.4,989.4,8.629468377142796,8.629468377142796,0.0,0.0
tic_tac_toe,958,9,4,gini,extra_tree,max_features=all,0.0006073474884033203,0.8810045811518326,0.019056025103184646,0.8806539648147946,0.018812744985687344,134.2,709.2,709.2,5.294371441499955,5.294371441499955,0.0,0.0
tokyo1,959,44,4,gini,prophet_1sample,,0.00894460678100586,0.9040630453752181,0.0229789976404481,0.9038681004865005,0.022544067764293088,55.2,18193.8,18193.8,331.05292180438744,331.05292180438744,0.0,0.0
tokyo1,959,44,4,gini,extra_tree,max_features=all,0.0011654376983642578,0.8957297120418849,0.006508942987410076,0.8956080016642544,0.006798647650584516,67.2,2617.4,2617.4,38.95021406251475,38.95021406251475,0.0,0.0
twonorm,7400,20,4,gini,prophet_1sample,,0.20999565124511718,0.8289189189189189,0.00714301366832566,0.8289044056849997,0.0071418600084457,618.0,279913.2,279913.2,452.8198958013274,452.8198958013274,0.0,0.0
twonorm,7400,20,4,gini,extra_tree,max_features=all,0.006848716735839843,0.8566216216216216,0.012830011839370707,0.8565812054649259,0.01286527513837209,699.2,13984.0,13984.0,20.0,20.0,0.0,0.0
vehicle,846,18,4,gini,prophet_1sample,,0.00337371826171875,0.683223111729899,0.022512884658347772,0.686153773417175,0.02247593187635437,151.4,8465.8,8465.8,55.95758156317997,55.95758156317997,0.0,0.0
vehicle,846,18,4,gini,extra_tree,max_features=all,0.0012207984924316405,0.6939227288548555,0.05684579435027608,0.6940082139629229,0.052285716965012184,174.4,3031.6,3031.6,17.384295061126164,17.384295061126164,0.0,0.0
vowel,990,13,4,gini,prophet_1sample,,0.0063745975494384766,0.4171717171717172,0.07231928209967169,0.4071460937386832,0.07616713814619643,157.0,10039.2,10039.2,63.94699554299408,63.94699554299408,0.0,0.0
vowel,990,13,4,gini,extra_tree,max_features=all,0.0013232231140136719,0.3868686868686869,0.06247946300683683,0.3727664974663069,0.04931972097047724,177.8,2176.6,2176.6,12.235834395251448,12.235834395251448,0.0,0.0
waveform_21,5000,21,4,gini,prophet_1sample,,0.09073929786682129,0.7293999999999999,0.008708616422830905,0.7293422671949799,0.008656725689945086,658.8,184102.8,184102.8,279.8197133620258,279.8197133620258,0.0,0.0
waveform_21,5000,21,4,gini,extra_tree,max_features=all,0.005563116073608399,0.7394,0.020411761315476937,0.7392770558355624,0.02067311923605386,758.4,15921.8,15921.8,20.99395669362366,20.99395669362366,0.0,0.0
waveform_40,5000,40,4,gini,prophet_1sample,,0.13261613845825196,0.7253999999999999,0.00859302042357634,0.7255883942860429,0.008540294100527562,603.4,220745.0,220745.0,365.86140695031304,365.86140695031304,0.0,0.0
waveform_40,5000,40,4,gini,extra_tree,max_features=all,0.00914459228515625,0.7398,0.01396280774056566,0.7398968821098089,0.014036283821178478,670.6,26817.8,26817.8,39.99071786883274,39.99071786883274,0.0,0.0
wine_quality_red,1599,11,4,gini,prophet_1sample,,0.009681177139282227,0.44531935736677114,0.037874714091100825,0.4489287202756523,0.037257504554755946,413.8,17412.8,17412.8,42.144435099024044,42.144435099024044,0.0,0.0
wine_quality_red,1599,11,4,gini,extra_tree,max_features=all,0.001649188995361328,0.4709306426332288,0.026170744325457424,0.47013803031248746,0.032000038011325144,452.6,4896.0,4896.0,10.81776929558643,10.81776929558643,0.0,0.0
wine_quality_white,4898,11,4,gini,prophet_1sample,,0.027632856369018556,0.4069047966479748,0.017983994767496892,0.4075265593896581,0.021036323176062244,1233.4,48234.6,48234.6,39.15911115043481,39.15911115043481,0.0,0.0
wine_quality_white,4898,11,4,gini,extra_tree,max_features=all,0.00418705940246582,0.41568155760772135,0.0195445457886493,0.41428853551283834,0.018903509809317747,1341.6,14480.8,14480.8,10.794151534586005,10.794151534586005,0.0,0.0
wine_recognition,178,13,4,gini,prophet_1sample,,0.0005804061889648438,0.8993650793650794,0.05167245718898602,0.8953580504273276,0.054247607472632374,13.0,1164.6,1164.6,91.19761904761904,91.19761904761904,0.0,0.0
wine_recognition,178,13,4,gini,extra_tree,max_features=all,0.00034236907958984375,0.916031746031746,0.07231966215971586,0.9141600767936202,0.07408893173157183,13.2,171.6,171.6,13.0,13.0,0.0,0.0
xd6,973,9,4,gini,prophet_1sample,,0.0006359577178955078,0.995897435897436,0.00820512820512822,0.995926616915423,0.008146766169154196,38.8,185.6,185.6,4.7838056680161944,4.7838056680161944,0.0,0.0
xd6,973,9,4,gini,extra_tree,max_features=all,0.0005372047424316406,0.995897435897436,0.00820512820512822,0.995926616915423,0.008146766169154196,38.8,185.6,185.6,4.7838056680161944,4.7838056680161944,0.0,0.0
yeast,1479,8,4,gini,prophet_1sample,,0.0034644603729248047,0.47800045808520386,0.029579932040821936,0.47710955045213144,0.03083007830282673,485.0,8798.8,8798.8,18.152699346856128,18.152699346856128,0.0,0.0
yeast,1479,8,4,gini,extra_tree,max_features=all,0.0012014389038085937,0.49221484196060467,0.017683187170834582,0.49140118763301055,0.018900377831549752,496.8,2863.0,2863.0,5.764371612294262,5.764371612294262,0.0,0.0
