dataset,splitter,variant,n_runs,n_samples,n_features,fit_time_mean,fit_time_mean_run_std,rmse_mean,rmse_mean_run_std,rmse_std,rmse_std_run_std,split_calls_mean,split_calls_mean_run_std,threshold_candidates_mean,threshold_candidates_mean_run_std,gain_evaluations_mean,gain_evaluations_mean_run_std,threshold_candidates_per_split_mean,threshold_candidates_per_split_mean_run_std,gain_evaluations_per_split_mean,gain_evaluations_per_split_mean_run_std,parametric_gain_samples_mean,parametric_gain_samples_mean_run_std,parametric_quantile_fits_mean,parametric_quantile_fits_mean_run_std
1027_ESL,extra_tree,max_features=all,10,488,4,0.0003851222991943359,0.00018858201053392534,0.6454941683737913,0.0132959072721088,0.04159508485559123,0.019149009088783628,138.7,1.6881943016134153,302.73999999999995,5.951840051614293,302.73999999999995,5.951840051614293,2.1838089654958512,0.04314702436276549,2.1838089654958512,0.04314702436276549,0.0,0.0,0.0,0.0
1027_ESL,prophet_1sample,,10,488,4,0.0005049371719360351,0.00013017794683420372,0.6389815978485477,0.013244443791856004,0.03344649797368522,0.0078396468283193,176.76000000000002,1.436105845681297,526.52,9.746055612400346,526.52,9.746055612400346,2.9805831328240173,0.06296863801725626,2.9805831328240173,0.06296863801725626,0.0,0.0,0.0,0.0
1028_SWD,extra_tree,max_features=all,10,1000,10,0.0006109714508056641,8.372282327333047e-05,0.6443121278372207,1.1102230246251565e-16,0.02277300965254419,0.0,113.02000000000001,0.4512205669071385,723.08,6.5042755169196225,723.08,6.5042755169196225,6.397972012452384,0.053101611070204176,6.397972012452384,0.053101611070204176,0.0,0.0,0.0,0.0
1028_SWD,prophet_1sample,,10,1000,10,0.0009077501296997071,6.950748287334864e-05,0.6443121278372207,1.1102230246251565e-16,0.02277300965254419,0.0,217.42000000000002,0.4599999999999975,957.3,7.24168488682018,957.3,7.24168488682018,4.403348012792416,0.03376130586997824,4.403348012792416,0.03376130586997824,0.0,0.0,0.0,0.0
1029_LEV,extra_tree,max_features=all,10,1000,4,0.0004093265533447266,5.839791717928429e-05,0.6526126573013517,0.0,0.04081855997698981,6.938893903907228e-18,90.34,0.2973213749463697,213.08,5.348794256652614,213.08,5.348794256652614,2.3586885074974964,0.06007377263607764,2.3586885074974964,0.06007377263607764,0.0,0.0,0.0,0.0
1029_LEV,prophet_1sample,,10,1000,4,0.000558466911315918,0.00010042559256038742,0.6526126573013517,0.0,0.04081855997698981,6.938893903907228e-18,174.56,0.21540659228538164,348.78000000000003,7.536285557222473,348.78000000000003,7.536285557222473,1.9982005167205077,0.04408768407992762,1.9982005167205077,0.04408768407992762,0.0,0.0,0.0,0.0
1030_ERA,extra_tree,max_features=all,10,1000,4,0.00037082195281982425,5.444111480791546e-05,1.5821280537602156,2.220446049250313e-16,0.0947812497918723,0.0,43.0,0.0,155.5,1.1462983904725648,155.5,1.1462983904725648,3.6162790697674416,0.026658102104013322,3.6162790697674416,0.026658102104013322,0.0,0.0,0.0,0.0
1030_ERA,prophet_1sample,,10,1000,4,0.0005279922485351563,0.00010665369677536906,1.5821280537602156,2.220446049250313e-16,0.0947812497918723,0.0,87.0,0.0,283.86,30.062208834348816,283.86,30.062208834348816,3.262758620689655,0.34554263027987137,3.262758620689655,0.34554263027987137,0.0,0.0,0.0,0.0
1089_USCrime,extra_tree,max_features=all,10,47,13,0.0003087472915649414,8.470653560704194e-05,25.7237741466164,3.3406128190420783,6.304426329258033,2.0813890862358826,36.16,0.17435595774162746,434.88,5.092111546303749,434.88,5.092111546303749,12.025821106821107,0.11333953324868629,12.025821106821107,0.11333953324868629,0.0,0.0,0.0,0.0
1089_USCrime,prophet_1sample,,10,47,13,0.00046091079711914064,0.00018297529436242418,28.28597676670632,2.9470041981048176,8.793956122262657,2.369462737152784,35.92,0.13266499161421788,1037.44,92.39527260634063,1037.44,92.39527260634063,28.895709440532972,2.56054892703052,28.895709440532972,2.56054892703052,0.0,0.0,0.0,0.0
1096_FacultySalaries,extra_tree,max_features=all,10,50,4,0.00027479171752929686,6.091991288475342e-05,2.834190648564403,0.27808575396647534,0.5485206087249355,0.20845591530454238,38.28000000000001,0.34871191548325436,130.36,1.4499655168313474,130.36,1.4499655168313474,3.406021811284969,0.032007497698952246,3.406021811284969,0.032007497698952246,0.0,0.0,0.0,0.0
1096_FacultySalaries,prophet_1sample,,10,50,4,0.00034159660339355463,0.00012964721767586772,2.704499957331322,0.1712899902928705,0.6585127170788808,0.12947228144640296,37.82,0.27495454169735,270.7,19.55244230268945,270.7,19.55244230268945,7.160439204386572,0.5310522917418381,7.160439204386572,0.5310522917418381,0.0,0.0,0.0,0.0
1193_BNG_lowbwt,extra_tree,max_features=all,10,31104,9,0.015558557510375975,0.0012518217170881228,582.2997167894816,3.038006409907906,6.49437427809408,2.0901526661953067,14104.14,233.1336792486232,38453.90000000001,544.9160687665569,38453.90000000001,544.9160687665569,2.726687523118793,0.022206612806614397,2.726687523118793,0.022206612806614397,0.0,0.0,0.0,0.0
1193_BNG_lowbwt,prophet_1sample,,10,31104,9,0.9020530414581298,0.050962078840787815,600.7021543548523,3.0511837719604404,5.761680046876373,2.3265061035785504,14434.079999999998,169.6789957537467,455196.52,3598.252769553581,455196.52,3598.252769553581,31.589098061486766,0.4357057927174937,31.589098061486766,0.4357057927174937,0.0,0.0,0.0,0.0
1199_BNG_echoMonths,extra_tree,max_features=all,10,17496,9,0.01170309543609619,0.00045315435480738464,15.385209580382071,0.12339813355558488,0.21112681512737014,0.0631052324913468,8932.66,268.89066997573553,53015.87999999999,1634.2599528838737,53015.87999999999,1634.2599528838737,5.934791092078616,0.021878836131428922,5.934791092078616,0.021878836131428922,0.0,0.0,0.0,0.0
1199_BNG_echoMonths,prophet_1sample,,10,17496,9,0.5968620014190673,0.03400972996565217,15.627927471952097,0.08585857669871219,0.2288980960252093,0.08820204654690321,9760.900000000001,179.8154665205414,445802.04000000004,5247.0703389987075,445802.04000000004,5247.0703389987075,45.754020791132795,1.075889518600873,45.754020791132795,1.075889518600873,0.0,0.0,0.0,0.0
197_cpu_act,extra_tree,max_features=all,10,8192,21,0.011663618087768555,0.0004717031236947055,3.607396813257656,0.03124310753439839,0.14890090503938608,0.023896857667134012,3661.56,301.1673262490471,70399.51999999999,5527.424784255321,70399.51999999999,5527.424784255321,19.236238168176932,0.0971662199830316,19.236238168176932,0.0971662199830316,0.0,0.0,0.0,0.0
197_cpu_act,prophet_1sample,,10,8192,21,0.1923926639556885,0.04013148796659396,3.983837931940699,0.09226350700558963,0.20367703957520952,0.11025264249243373,3913.22,111.70176184823585,346603.5399999999,10974.162814921236,346603.5399999999,10974.162814921236,88.77360110457019,5.302242160323246,88.77360110457019,5.302242160323246,0.0,0.0,0.0,0.0
201_pol,extra_tree,max_features=all,10,15000,48,0.011341862678527834,0.0013203805559247597,8.621309122431233,0.7199765285271331,0.6460167900305018,0.38659935979393856,1375.76,125.43032488198378,22746.760000000002,1968.6860588727698,22746.760000000002,1968.6860588727698,16.54607605959352,0.1804726907998854,16.54607605959352,0.1804726907998854,0.0,0.0,0.0,0.0
201_pol,prophet_1sample,,10,15000,48,0.042379550933837884,0.001265080014504917,8.015051503571673,0.22688652292829137,0.6273750886944262,0.25227482647687005,1376.9,19.63247309943396,57114.46,947.8142858176384,57114.46,947.8142858176384,41.50958177235639,0.8392224024734133,41.50958177235639,0.8392224024734133,0.0,0.0,0.0,0.0
210_cloud,extra_tree,max_features=all,10,108,5,0.00046736240386962885,8.310230398362162e-05,0.6331720538808668,0.07656196505853996,0.17630084662442197,0.050720573885214955,84.97999999999999,0.14000000000000198,372.86,2.7481630228208793,372.86,2.7481630228208793,4.387293407360142,0.03406441170205943,4.387293407360142,0.03406441170205943,0.0,0.0,0.0,0.0
210_cloud,prophet_1sample,,10,108,5,0.0008290529251098633,0.0001709002312843878,0.6170628671821003,0.06499254469599873,0.21250137631933685,0.045233595145736855,84.84,0.24979991993593698,848.5,43.48132932650519,848.5,43.48132932650519,10.00398610349155,0.5118234047779028,10.00398610349155,0.5118234047779028,0.0,0.0,0.0,0.0
215_2dplanes,extra_tree,max_features=all,10,40768,10,0.025958404541015622,0.0016347134704999878,1.3635086200556805,0.002596517563031545,0.008732948069218954,0.0019279391989399052,22283.36,0.08000000000029103,46291.24,42.75556571956421,46291.24,42.75556571956421,2.077392579617835,0.001921131086862246,2.077392579617835,0.001921131086862246,0.0,0.0,0.0,0.0
215_2dplanes,prophet_1sample,,10,40768,10,0.054923391342163085,0.0023561308465940133,1.3675661752543546,0.001160681683019851,0.008919575579127278,0.0013588131786121608,30153.2,0.0,60352.759999999995,23.483406907857216,60352.759999999995,23.483406907857216,2.001536358369863,0.000778705940838697,2.001536358369863,0.000778705940838697,0.0,0.0,0.0,0.0
218_house_8L,extra_tree,max_features=all,10,22784,8,0.014285879135131834,0.0011745248723400695,42616.36879267809,542.8548307485144,1201.4368007427931,413.0549470222191,7509.0,903.913885278902,56658.68000000001,6630.174340513226,56658.68000000001,6630.174340513226,7.55179158367157,0.05872013269369179,7.55179158367157,0.05872013269369179,0.0,0.0,0.0,0.0
218_house_8L,prophet_1sample,,10,22784,8,0.3077875661849976,0.04834408450804046,44358.05857821017,574.6756920361853,1089.9320196364697,373.9731201393537,11457.56,275.69320339827016,504409.02,16695.3472683739,504409.02,16695.3472683739,44.092557738399265,0.950567864940089,44.092557738399265,0.950567864940089,0.0,0.0,0.0,0.0
225_puma8NH,extra_tree,max_features=all,10,8192,8,0.008067035675048828,0.0002536959076682129,4.575849915340374,0.04360163778434802,0.08591636939933664,0.03014204703463957,6090.62,146.63924304223607,48724.64,1173.0792532476228,48724.64,1173.0792532476228,7.999947457130878,3.359402037272383e-05,7.999947457130878,3.359402037272383e-05,0.0,0.0,0.0,0.0
225_puma8NH,prophet_1sample,,10,8192,8,0.10237358570098878,0.005668102285579113,4.532646483823472,0.02853053492937455,0.06289395423403661,0.024965441023710296,5776.1,66.15522655089298,187717.19999999998,1577.4845469924592,187717.19999999998,1577.4845469924592,32.51965222124867,0.3890773370311092,32.51965222124867,0.3890773370311092,0.0,0.0,0.0,0.0
227_cpu_small,extra_tree,max_features=all,10,8192,12,0.008302149772644042,0.001152887400538772,4.179216436070379,0.05232484250817974,0.12632387332384254,0.025718141973104035,4115.460000000001,199.7558720038037,47102.76,2283.7345201226867,47102.76,2283.7345201226867,11.446035328318787,0.02407021124464428,11.446035328318787,0.02407021124464428,0.0,0.0,0.0,0.0
227_cpu_small,prophet_1sample,,10,8192,12,0.1150520658493042,0.017750654224306644,4.554073337564812,0.08707942766583905,0.23413027132090827,0.08961502821198877,4267.5599999999995,58.97069102528831,209654.24,5409.864399631473,209654.24,5409.864399631473,49.18996669917907,1.8817991039574664,49.18996669917907,1.8817991039574664,0.0,0.0,0.0,0.0
228_elusage,extra_tree,max_features=all,10,55,2,0.0004818153381347656,0.0006326420783616406,12.895804875404759,0.7756606855840392,2.655619977133054,1.0093913965394234,38.0,0.0,62.17999999999999,1.2213107712617615,62.17999999999999,1.2213107712617615,1.6361282389331169,0.03240754065041648,1.6361282389331169,0.03240754065041648,0.0,0.0,0.0,0.0
228_elusage,prophet_1sample,,10,55,2,0.0002606201171875001,3.79028447968159e-05,13.416259855591585,0.6595629997789784,2.6848127034774354,0.5326183968725557,42.60000000000001,7.105427357601002e-15,129.16,9.292922037766159,129.16,9.292922037766159,3.031317829457364,0.2177669261858028,3.031317829457364,0.2177669261858028,0.0,0.0,0.0,0.0
229_pwLinear,extra_tree,max_features=all,10,200,10,0.00038259029388427735,6.182144840104332e-05,2.3003643985445383,0.056818751893188635,0.19493983144215404,0.053174510409205074,158.94,0.09165151389911158,900.9399999999999,5.916789670082935,900.9399999999999,5.916789670082935,5.668408566196959,0.03517026218584586,5.668408566196959,0.03517026218584586,0.0,0.0,0.0,0.0
229_pwLinear,prophet_1sample,,10,200,10,0.0005730295181274414,0.00019363444518632775,2.354793463540757,0.06451755045459344,0.20504348859957525,0.06028598467026137,159.0,0.0,1242.4,5.894404125948583,1242.4,5.894404125948583,7.813836477987422,0.037071724062570255,7.813836477987422,0.037071724062570255,0.0,0.0,0.0,0.0
230_machine_cpu,extra_tree,max_features=all,10,209,6,0.0003473997116088867,5.874932675530167e-05,80.2212575853949,20.03336660976127,53.69921005265903,24.597417763106645,145.88000000000002,1.0628264204469113,622.28,6.398874901105673,622.28,6.398874901105673,4.266177163345576,0.023609355553773068,4.266177163345576,0.023609355553773068,0.0,0.0,0.0,0.0
230_machine_cpu,prophet_1sample,,10,209,6,0.0005416059494018555,2.2519752899772508e-05,90.75196388656857,6.212737889355885,48.941748121089844,5.005599860705331,154.74000000000004,0.8002499609497005,1479.66,56.06361030115702,1479.66,56.06361030115702,9.559848046551563,0.3941249806181719,9.559848046551563,0.3941249806181719,0.0,0.0,0.0,0.0
294_satellite_image,extra_tree,max_features=all,10,6435,36,0.008437681198120116,0.00033081260003969484,1.1326909267340475,0.012834621509194932,0.0839582545258988,0.020346380738743418,644.4599999999999,6.7847181223688295,22955.659999999996,250.70215076859623,22955.659999999996,250.70215076859623,35.62046592860596,0.02910651905728749,35.62046592860596,0.02910651905728749,0.0,0.0,0.0,0.0
294_satellite_image,prophet_1sample,,10,6435,36,0.056887063980102535,0.0017666206836855912,1.1575418888285787,0.01346578585959677,0.07496256181069169,0.017000455265896393,575.54,3.9960480477591735,76088.64,1356.6847822541522,76088.64,1356.6847822541522,132.48799178482176,2.397289208236806,132.48799178482176,2.397289208236806,0.0,0.0,0.0,0.0
344_mv,extra_tree,max_features=all,10,40768,10,0.04303443908691405,0.0025246234269320194,0.17744511811354602,0.007241330835221664,0.0050224591057736,0.0031847402606115212,25858.18,1150.1799005373027,217258.86000000002,10331.488470128592,217258.86000000002,10331.488470128592,8.401015651139268,0.05075834433030713,8.401015651139268,0.05075834433030713,0.0,0.0,0.0,0.0
344_mv,prophet_1sample,,10,40768,10,2.2205736923217776,0.14325577120166577,0.17215370175193834,0.005628804160786722,0.008513019693233521,0.005378497954338789,31007.879999999997,139.31415434190455,1167438.96,16677.03165693465,1167438.96,16677.03165693465,37.654169227505434,0.5932108519756462,37.654169227505434,0.5932108519756462,0.0,0.0,0.0,0.0
4544_GeographicalOriginalofMusic,extra_tree,max_features=all,10,1059,117,0.009649133682250977,0.00037243136918736937,0.8244789731709871,0.031096440280511006,0.06087441261440031,0.025438254473160237,828.3,5.782905843950777,96833.62,676.0172687143427,96833.62,676.0172687143427,116.90649540069148,0.0054040926994963715,116.90649540069148,0.0054040926994963715,0.0,0.0,0.0,0.0
4544_GeographicalOriginalofMusic,prophet_1sample,,10,1059,117,0.11377905368804933,0.012608313649424104,0.8225027045340261,0.02584288158752702,0.07442412189988758,0.01633827000408234,836.4400000000002,5.533028104031274,443076.82,8622.311368281704,443076.82,8622.311368281704,529.8656829007552,12.928544358011862,529.8656829007552,12.928544358011862,0.0,0.0,0.0,0.0
485_analcatdata_vehicle,extra_tree,max_features=all,10,48,4,0.0002694272994995117,0.00010478834791225096,188.28695185378547,12.364794799374732,82.97367888190736,9.925063760421327,37.239999999999995,0.17435595774162616,52.080000000000005,0.381575680566779,52.080000000000005,0.381575680566779,1.3987584953374428,0.009593816340828235,1.3987584953374428,0.009593816340828235,0.0,0.0,0.0,0.0
485_analcatdata_vehicle,prophet_1sample,,10,48,4,0.00027439594268798825,6.154354990059383e-05,206.01008214975053,8.532982975457298,85.43563898818468,4.815260508327834,36.94,0.09165151389911809,90.4,0.681175454637057,90.4,0.681175454637057,2.4473802750118536,0.022312560706389394,2.4473802750118536,0.022312560706389394,0.0,0.0,0.0,0.0
503_wind,extra_tree,max_features=all,10,6574,14,0.009143447875976563,0.00024091481444013288,4.900967729452097,0.059136266830994016,0.24087668448713676,0.06871881015260911,4797.08,51.23937548409428,65752.5,720.9913799762097,65752.5,720.9913799762097,13.706848032489258,0.021115361418160842,13.706848032489258,0.021115361418160842,0.0,0.0,0.0,0.0
503_wind,prophet_1sample,,10,6574,14,0.07444851398468018,0.0031405939501526286,4.9843061584295505,0.06291494483373089,0.2527228106443893,0.07192391399901994,4931.12,37.151495259276054,219552.44,2223.10841445036,219552.44,2223.10841445036,44.53203415924021,0.573389129393743,44.53203415924021,0.573389129393743,0.0,0.0,0.0,0.0
505_tecator,extra_tree,max_features=all,10,240,124,0.002068657875061035,0.00011106772423731203,3.150950536627355,0.34481526242014815,1.0289247740173786,0.4036317777363717,159.64000000000001,0.8616263691415254,19782.219999999998,105.34968248646983,19782.219999999998,105.34968248646983,123.91736289931096,0.07084895297043546,123.91736289931096,0.07084895297043546,0.0,0.0,0.0,0.0
505_tecator,prophet_1sample,,10,240,124,0.015361275672912598,0.000551738619029614,3.640348932299169,0.3250674520043504,0.9135556577604742,0.3270688658846043,161.04,1.292439553712284,141135.86000000002,4695.9008848569165,141135.86000000002,4695.9008848569165,876.6624363696443,30.412347259782543,876.6624363696443,30.412347259782543,0.0,0.0,0.0,0.0
519_vinnie,extra_tree,max_features=all,10,380,2,0.0002971220016479492,5.9793191052954275e-05,1.8314911285653817,0.033782110838683405,0.2383305211062549,0.0465317380751377,69.97999999999999,0.35156791662493675,95.99999999999999,0.8809086218218102,95.99999999999999,0.8809086218218102,1.3729076120011845,0.014459865150170033,1.3729076120011845,0.014459865150170033,0.0,0.0,0.0,0.0
519_vinnie,prophet_1sample,,10,380,2,0.0009255409240722656,0.0017126437020614838,1.8702905421102507,0.032985273154266415,0.2642697542327442,0.01903821022005964,124.16000000000001,0.24979991993593584,177.38,7.507569513497695,177.38,7.507569513497695,1.4283538908763531,0.06015272877411861,1.4283538908763531,0.06015272877411861,0.0,0.0,0.0,0.0
522_pm10,extra_tree,max_features=all,10,500,7,0.000608968734741211,6.596139271168523e-05,1.019792926678377,0.02968379544455011,0.04676712762379126,0.019436362065464424,386.08000000000004,2.020297007867899,2612.9,16.011558325160035,2612.9,16.011558325160035,6.767749123308457,0.01958503714267536,6.767749123308457,0.01958503714267536,0.0,0.0,0.0,0.0
522_pm10,prophet_1sample,,10,500,7,0.001753573417663574,0.0003260121670146614,1.0176900255913683,0.030594569161134923,0.06723531076976837,0.023052962688695243,380.4,2.2838563877792204,7134.12,239.53617179874936,7134.12,239.53617179874936,18.76127999260511,0.606909798106276,18.76127999260511,0.606909798106276,0.0,0.0,0.0,0.0
523_analcatdata_neavote,extra_tree,max_features=all,10,100,2,0.00024191856384277343,3.459617859287344e-05,1.0498285798240736,0.14064508008751425,0.38553737362031437,0.12535905513861442,4.4,0.0,6.08,0.09797958971132721,6.08,0.09797958971132721,1.3800000000000001,0.024494897427831803,1.3800000000000001,0.024494897427831803,0.0,0.0,0.0,0.0
523_analcatdata_neavote,prophet_1sample,,10,100,2,0.00028545856475830077,0.00010438146247621397,1.0498285798240736,0.14064508008751425,0.38553737362031437,0.12535905513861442,7.400000000000001,8.881784197001252e-16,8.64,0.2939387691339812,8.64,0.2939387691339812,1.1635714285714287,0.03849198167230716,1.1635714285714287,0.03849198167230716,0.0,0.0,0.0,0.0
527_analcatdata_election2000,extra_tree,max_features=all,10,67,14,0.00032087802886962894,7.085567540499778e-05,31104.405928611937,5314.48378210985,18841.377146520615,5367.486509158367,52.6,0.0,723.02,1.6696107330752317,723.02,1.6696107330752317,13.745595065312049,0.031677635938527994,13.745595065312049,0.031677635938527994,0.0,0.0,0.0,0.0
527_analcatdata_election2000,prophet_1sample,,10,67,14,0.00045390605926513665,0.0001072823574717897,50246.593680070524,6262.200165064735,24763.87116964845,4582.2211488581215,52.6,0.0,1358.28,60.91497024541667,1358.28,60.91497024541667,25.820740203193033,1.1585821753844667,25.820740203193033,1.1585821753844667,0.0,0.0,0.0,0.0
529_pollen,extra_tree,max_features=all,10,3848,4,0.002353029251098633,0.00034862848387884836,2.2213912725410596,0.01977169590745206,0.051278467167287047,0.013424848657914554,2896.9399999999996,63.66267666380364,11587.500000000002,254.6129336856241,11587.500000000002,254.6129336856241,3.9999109090965526,5.375744502751241e-05,3.9999109090965526,5.375744502751241e-05,0.0,0.0,0.0,0.0
529_pollen,prophet_1sample,,10,3848,4,0.016006875038146972,0.000794275830558219,2.27928517784671,0.021008601871136838,0.06738029321615736,0.020960077865929825,3029.62,9.045418729942838,51630.899999999994,585.9501087976689,51630.899999999994,585.9501087976689,17.043625842334404,0.22138910741661733,17.043625842334404,0.22138910741661733,0.0,0.0,0.0,0.0
537_houses,extra_tree,max_features=all,10,20640,8,0.014548931121826172,0.0007652902999342605,102095.3926266156,2989.991876463314,8014.825886871328,3901.7116028181945,9383.22,938.5365648710763,73479.01999999999,7295.309769132493,73479.01999999999,7295.309769132493,7.831548262926228,0.009946863154849371,7.831548262926228,0.009946863154849371,0.0,0.0,0.0,0.0
537_houses,prophet_1sample,,10,20640,8,0.2066941261291504,0.008939033302724816,103067.88626969836,1488.0849748338694,5570.491245843232,2732.311501639953,11869.240000000002,134.97528069983798,452774.4,7224.78832741831,452774.4,7224.78832741831,38.19758857508323,0.5571937418527543,38.19758857508323,0.5571937418527543,0.0,0.0,0.0,0.0
542_pollution,extra_tree,max_features=all,10,60,15,0.0003144645690917969,6.596864426333131e-05,58.80588860961584,3.214418171417636,9.137310217429256,2.7477496502699394,47.0,0.0,693.08,2.6925081244074494,693.08,2.6925081244074494,14.746382978723403,0.057287406902285905,14.746382978723403,0.057287406902285905,0.0,0.0,0.0,0.0
542_pollution,prophet_1sample,,10,60,15,0.0004660940170288086,0.00012211160976373595,63.734310698659456,6.54806898150412,14.162069001708819,4.338525294711196,47.0,0.0,1451.3400000000001,77.00384665716382,1451.3400000000001,77.00384665716382,30.879574468085103,1.6383797161098697,30.879574468085103,1.6383797161098697,0.0,0.0,0.0,0.0
547_no2,extra_tree,max_features=all,10,500,7,0.0006297397613525391,9.61277011470284e-05,0.7077855421605806,0.015318448720236915,0.051019245682569915,0.011749980640789663,395.98,2.1268756428150644,2687.68,16.173608131768262,2687.68,16.173608131768262,6.787430319688413,0.009062726277476741,6.787430319688413,0.009062726277476741,0.0,0.0,0.0,0.0
547_no2,prophet_1sample,,10,500,7,0.0016046571731567383,0.00022774428413400896,0.7022296682570721,0.03306880486849608,0.05588359734303559,0.013626760472630698,396.84,0.6311893535223805,7035.7,137.71583060781342,7035.7,137.71583060781342,17.729656716573295,0.33211093669478703,17.729656716573295,0.33211093669478703,0.0,0.0,0.0,0.0
556_analcatdata_apnea2,extra_tree,max_features=all,10,475,3,0.0003400993347167969,5.275422209541327e-05,1266.2466229720326,73.94978534763837,312.61541974721274,105.47258598913336,277.76,6.106914114346136,333.65999999999997,4.9880256615217915,333.65999999999997,4.9880256615217915,1.202031923729026,0.015231216220187431,1.202031923729026,0.015231216220187431,0.0,0.0,0.0,0.0
556_analcatdata_apnea2,prophet_1sample,,10,475,3,0.0005797481536865235,0.0002816941200636434,1285.4645785350817,89.25359734802562,408.516759701071,137.877015559554,249.92000000000002,1.7893015397076069,778.86,20.894027854867993,778.86,20.894027854867993,3.1179703359010973,0.08148972307182586,3.1179703359010973,0.08148972307182586,0.0,0.0,0.0,0.0
557_analcatdata_apnea1,extra_tree,max_features=all,10,475,3,0.00032754898071289066,2.5047741678980458e-05,1224.0720365715044,90.72172039274277,337.82555566760675,31.589106000508547,260.64,2.8730471628568894,310.96,5.099647046610187,310.96,5.099647046610187,1.1937792747115146,0.016067452582987578,1.1937792747115146,0.016067452582987578,0.0,0.0,0.0,0.0
557_analcatdata_apnea1,prophet_1sample,,10,475,3,0.0004798507690429688,0.00010172524978717112,1191.3257598543805,83.86498684351349,331.6567224291704,44.86995875601066,234.04000000000002,1.72464489098481,753.72,21.22549410496727,753.72,21.22549410496727,3.2197046287847733,0.07927212041894517,3.2197046287847733,0.07927212041894517,0.0,0.0,0.0,0.0
560_bodyfat,extra_tree,max_features=all,10,252,14,0.0005259132385253906,6.26221937915912e-05,1.984808650270741,0.3377575560513957,0.6511968866370956,0.14459002154518888,170.58,4.10312076351647,2376.2400000000002,55.928225432244886,2376.2400000000002,55.928225432244886,13.930921570618509,0.009596599058881133,13.930921570618509,0.009596599058881133,0.0,0.0,0.0,0.0
560_bodyfat,prophet_1sample,,10,252,14,0.0010145902633666992,0.00018102932929877098,2.174591578917968,0.34031405060867237,0.8630858434544153,0.2673395815189477,158.0,0.9549869109050668,3869.7799999999997,213.67344149425784,3869.7799999999997,213.67344149425784,24.492780967290336,1.340572445436569,24.492780967290336,1.340572445436569,0.0,0.0,0.0,0.0
561_cpu,extra_tree,max_features=all,10,209,7,0.0003579330444335938,5.455793228821597e-05,65.55967362335545,19.692090551110446,44.82075459804108,23.754635493959366,126.06000000000002,0.6135144660071203,669.7,5.362275636332013,669.7,5.362275636332013,5.314348932376861,0.04890703036523346,5.314348932376861,0.04890703036523346,0.0,0.0,0.0,0.0
561_cpu,prophet_1sample,,10,209,7,0.0006643009185791015,5.5269578542423464e-05,73.4973969847952,11.705226781046495,55.88038735044698,12.6618717140458,125.4,1.1454256850621105,1904.3399999999997,56.93821563765416,1904.3399999999997,56.93821563765416,15.201967181321303,0.5467388867967641,15.201967181321303,0.5467388867967641,0.0,0.0,0.0,0.0
562_cpu_small,extra_tree,max_features=all,10,8192,12,0.008031702041625977,0.0002850054673412815,4.179216436070379,0.05232484250817974,0.12632387332384254,0.025718141973104035,4115.460000000001,199.7558720038037,47102.76,2283.7345201226867,47102.76,2283.7345201226867,11.446035328318787,0.02407021124464428,11.446035328318787,0.02407021124464428,0.0,0.0,0.0,0.0
562_cpu_small,prophet_1sample,,10,8192,12,0.13810359001159667,0.07309405179727989,4.554073337564812,0.08707942766583905,0.23413027132090827,0.08961502821198877,4267.5599999999995,58.97069102528831,209654.24,5409.864399631473,209654.24,5409.864399631473,49.18996669917907,1.8817991039574664,49.18996669917907,1.8817991039574664,0.0,0.0,0.0,0.0
564_fried,extra_tree,max_features=all,10,40768,10,0.04687505722045898,0.0010684810654392233,2.1889630858068436,0.017002752440928765,0.027743666351770186,0.006508273751048411,27627.019999999997,803.4206044158936,275830.92,8017.472859299247,275830.92,8017.472859299247,9.984102912883026,0.00043615001203642183,9.984102912883026,0.00043615001203642183,0.0,0.0,0.0,0.0
564_fried,prophet_1sample,,10,40768,10,0.42220243453979495,0.01773542301887427,1.9940979526042124,0.007381827496273715,0.01585958807429524,0.007470705433004752,27655.659999999996,546.49746605085,855228.2,14362.830336949606,855228.2,14362.830336949606,30.93470027320767,0.17371347997235925,30.93470027320767,0.17371347997235925,0.0,0.0,0.0,0.0
573_cpu_act,extra_tree,max_features=all,10,8192,21,0.012034277915954591,0.0012277961378473919,3.607396813257656,0.03124310753439839,0.14890090503938608,0.023896857667134012,3661.56,301.1673262490471,70399.51999999999,5527.424784255321,70399.51999999999,5527.424784255321,19.236238168176932,0.0971662199830316,19.236238168176932,0.0971662199830316,0.0,0.0,0.0,0.0
573_cpu_act,prophet_1sample,,10,8192,21,0.18354564666748047,0.036120748374523594,3.983837931940699,0.09226350700558963,0.20367703957520952,0.11025264249243373,3913.22,111.70176184823585,346603.5399999999,10974.162814921236,346603.5399999999,10974.162814921236,88.77360110457019,5.302242160323246,88.77360110457019,5.302242160323246,0.0,0.0,0.0,0.0
574_house_16H,extra_tree,max_features=all,10,22784,16,0.026870012283325195,0.002480961811988664,49984.78923770439,668.569326067419,1531.8044597991461,588.9112914149273,9463.66,507.91755275831895,143218.6,7870.388615564038,143218.6,7870.388615564038,15.131351818477858,0.03573419824134607,15.131351818477858,0.03573419824134607,0.0,0.0,0.0,0.0
574_house_16H,prophet_1sample,,10,22784,16,0.8214534568786622,0.1135760059877302,52826.306442457586,692.9110124651886,1720.941822566816,612.374934663524,10324.68,157.590207817618,1198617.42,24485.26188799295,1198617.42,24485.26188799295,116.49583053853048,2.6500562444638955,116.49583053853048,2.6500562444638955,0.0,0.0,0.0,0.0
579_fri_c0_250_5,extra_tree,max_features=all,10,250,5,0.0004217576980590821,9.61612882784779e-05,0.7812675361931376,0.04004440210229885,0.07505244961782795,0.0281148696249495,199.0,0.0,995.0,0.0,995.0,0.0,5.0,0.0,5.0,0.0,0.0,0.0,0.0,0.0
579_fri_c0_250_5,prophet_1sample,,10,250,5,0.0008462810516357422,0.00016941807861191912,0.7802390772281905,0.03341359706616401,0.08158292558217435,0.014582456381147926,199.0,0.0,3559.2599999999998,133.09503521919967,3559.2599999999998,133.09503521919967,17.88572864321608,0.6688192724582888,17.88572864321608,0.6688192724582888,0.0,0.0,0.0,0.0
581_fri_c3_500_25,extra_tree,max_features=all,10,500,25,0.0013404226303100587,5.436269871641123e-05,0.6919408564698414,0.06405378835556978,0.07502577898365134,0.027584443390092344,398.6,0.721110255092793,9965.0,18.027756377319946,9965.0,18.027756377319946,25.0,0.0,25.0,0.0,0.0,0.0,0.0,0.0
581_fri_c3_500_25,prophet_1sample,,10,500,25,0.004272370338439942,0.0002643053229123473,0.5038761522548808,0.011552248200871784,0.04868210212920023,0.01830079793370801,398.58000000000004,0.7665507158694798,18950.48,931.9598969912815,18950.48,931.9598969912815,47.54607863938721,2.3670802937635225,47.54607863938721,2.3670802937635225,0.0,0.0,0.0,0.0
582_fri_c1_500_25,extra_tree,max_features=all,10,500,25,0.001464099884033203,0.00015544062311496814,0.7446976789994459,0.04384058957933795,0.0742254486116893,0.037200281585022976,398.9,0.30000000000000004,9972.5,7.5,9972.5,7.5,25.0,0.0,25.0,0.0,0.0,0.0,0.0,0.0
582_fri_c1_500_25,prophet_1sample,,10,500,25,0.004380087852478028,0.000384756741036218,0.5608134260853138,0.01928458501519197,0.044061640362847654,0.012137800542541663,398.76,0.32000000000000167,18655.14,575.9416432243812,18655.14,575.9416432243812,46.784280246579115,1.4347693483709667,46.784280246579115,1.4347693483709667,0.0,0.0,0.0,0.0
583_fri_c1_1000_50,extra_tree,max_features=all,10,1000,50,0.004755167961120606,0.0008347162512810516,0.6604233347660541,0.038567193072361,0.0480890035242688,0.01300430734286695,797.8800000000001,1.8093092604637708,39894.0,90.46546302318913,39894.0,90.46546302318913,50.0,0.0,50.0,0.0,0.0,0.0,0.0,0.0
583_fri_c1_1000_50,prophet_1sample,,10,1000,50,0.020188117027282716,0.008922213886768273,0.4914999262507521,0.014195881251675523,0.03586445172807892,0.013223791853880486,795.2,2.3528705871764384,67582.28000000001,1756.9209115950546,67582.28000000001,1756.9209115950546,85.00477043951751,2.2148912119797584,85.00477043951751,2.2148912119797584,0.0,0.0,0.0,0.0
584_fri_c4_500_25,extra_tree,max_features=all,10,500,25,0.0015833568572998045,0.000534537403496698,0.7119585024173467,0.07174343841850424,0.07614577207444159,0.040767415923834205,398.76000000000005,0.4176122603564141,9969.0,10.44030650891055,9969.0,10.44030650891055,25.0,0.0,25.0,0.0,0.0,0.0,0.0,0.0
584_fri_c4_500_25,prophet_1sample,,10,500,25,0.004325256347656249,0.0004627062886201849,0.4972486478148971,0.02324600863978232,0.045412339195845794,0.020374812703194363,398.9,0.1843908891458627,18221.1,406.87745821069996,18221.1,406.87745821069996,45.67829251019528,1.0156676872570947,45.67829251019528,1.0156676872570947,0.0,0.0,0.0,0.0
586_fri_c3_1000_25,extra_tree,max_features=all,10,1000,25,0.0025798368453979494,0.00024032451940494723,0.5905584828886338,0.04483355696306273,0.04083079916619032,0.010538790082916985,793.52,3.8607771238443584,19838.0,96.51942809610924,19838.0,96.51942809610924,25.0,0.0,25.0,0.0,0.0,0.0,0.0,0.0
586_fri_c3_1000_25,prophet_1sample,,10,1000,25,0.010070071220397948,0.0018109618421681072,0.43555878439290624,0.00909110144921829,0.0322287031163719,0.007109794888370587,795.58,1.4545102268461356,39143.1,1736.4276138094558,39143.1,1736.4276138094558,49.203057909017765,2.1667797541175653,49.203057909017765,2.1667797541175653,0.0,0.0,0.0,0.0
588_fri_c4_1000_100,extra_tree,max_features=all,10,1000,100,0.008730955123901369,0.00047354168486098206,0.6308240002857005,0.023025889362680418,0.04661635569131768,0.012660205892406698,795.2,2.863564212655261,79520.0,286.35642126552705,79520.0,286.35642126552705,100.0,0.0,100.0,0.0,0.0,0.0,0.0,0.0
588_fri_c4_1000_100,prophet_1sample,,10,1000,100,0.033089957237243645,0.0016108287784426414,0.44715286951870425,0.019949533222756274,0.03673618386390176,0.008018638012102031,791.66,4.353435425040774,121149.7,4326.364900236691,121149.7,4326.364900236691,153.06964924140738,5.266723994828191,153.06964924140738,5.266723994828191,0.0,0.0,0.0,0.0
589_fri_c2_1000_25,extra_tree,max_features=all,10,1000,25,0.0026136493682861325,0.0002588102813756605,0.592740401828997,0.0246437362396156,0.049764055971409996,0.012171931613583624,796.58,2.6343120544081313,19914.5,65.85780136020334,19914.5,65.85780136020334,25.0,0.0,25.0,0.0,0.0,0.0,0.0,0.0
589_fri_c2_1000_25,prophet_1sample,,10,1000,25,0.009962496757507325,0.0013176081307149073,0.4768207595635351,0.014379937452076554,0.03226522264378162,0.012771785586806627,795.0,2.9583779339360743,39005.06,1568.8750340291606,39005.06,1568.8750340291606,49.08025420475998,2.0489223284007996,49.08025420475998,2.0489223284007996,0.0,0.0,0.0,0.0
590_fri_c0_1000_50,extra_tree,max_features=all,10,1000,50,0.004400177001953125,0.00015814184721516246,0.7750485043122994,0.020168006257268535,0.0361300524189868,0.01212244893947943,798.72,0.36000000000000987,39936.0,18.0,39936.0,18.0,50.0,0.0,50.0,0.0,0.0,0.0,0.0,0.0
590_fri_c0_1000_50,prophet_1sample,,10,1000,50,0.017473912239074706,0.000650029783442897,0.6293795050782185,0.015382504357786177,0.03178581544605761,0.011073589187966148,797.8,1.2806248474865485,71512.78,1794.4986006124384,71512.78,1794.4986006124384,89.64450290496076,2.3731063594311057,89.64450290496076,2.3731063594311057,0.0,0.0,0.0,0.0
591_fri_c1_100_10,extra_tree,max_features=all,10,100,10,0.0017135477066040038,0.004216985047633596,0.8060429314124073,0.0846549492720703,0.1689325498298276,0.0523865389618075,79.0,0.0,790.0,0.0,790.0,0.0,10.0,0.0,10.0,0.0,0.0,0.0,0.0,0.0
591_fri_c1_100_10,prophet_1sample,,10,100,10,0.00046173095703125,4.0293844760891706e-05,0.6292005287028472,0.05480024345857881,0.11828841127891813,0.04797306200529454,79.0,0.0,1691.8400000000001,205.33554587552538,1691.8400000000001,205.33554587552538,21.415696202531645,2.5991841250066523,21.415696202531645,2.5991841250066523,0.0,0.0,0.0,0.0
592_fri_c4_1000_25,extra_tree,max_features=all,10,1000,25,0.002512164115905762,9.817451887433125e-05,0.6083719846248715,0.040491972434574294,0.05621364416742784,0.02540251826951081,794.8999999999999,3.0492622058458556,19872.5,76.23155514614666,19872.5,76.23155514614666,25.0,0.0,25.0,0.0,0.0,0.0,0.0,0.0
592_fri_c4_1000_25,prophet_1sample,,10,1000,25,0.010041427612304688,0.0006138218475248204,0.44574964974182124,0.013667335847231652,0.018494304227919235,0.0061999544491895065,795.36,2.153694500155483,38265.04,725.7418097367677,38265.04,725.7418097367677,48.110680751581114,0.9141059980841535,48.110680751581114,0.9141059980841535,0.0,0.0,0.0,0.0
593_fri_c1_1000_10,extra_tree,max_features=all,10,1000,10,0.0012726449966430663,5.050828829484663e-05,0.5198977067798708,0.027832868955458886,0.03633499194956373,0.013316388078272403,798.1800000000001,0.7972452571197819,7981.8,7.972452571197899,7981.8,7.972452571197899,10.0,0.0,10.0,0.0,0.0,0.0,0.0,0.0
593_fri_c1_1000_10,prophet_1sample,,10,1000,10,0.0049589347839355475,0.00033483746464468074,0.4607456772708255,0.01161358945624126,0.02716800529167097,0.008973713938361803,794.9399999999999,2.598538050519935,21027.82,349.4144181341118,21027.82,349.4144181341118,26.453996503836585,0.47389539525289215,26.453996503836585,0.47389539525289215,0.0,0.0,0.0,0.0
594_fri_c2_100_5,extra_tree,max_features=all,10,100,5,0.0002746868133544922,3.458224268097886e-05,0.7310072616376423,0.11844888237738424,0.120157953511037,0.038377944633869294,79.0,0.0,395.0,0.0,395.0,0.0,5.0,0.0,5.0,0.0,0.0,0.0,0.0,0.0
594_fri_c2_100_5,prophet_1sample,,10,100,5,0.0003724479675292969,4.484026037045727e-05,0.6991051372545151,0.055971507817291904,0.1606874861364353,0.055061441807802966,79.0,0.0,938.3,83.35386013856828,938.3,83.35386013856828,11.877215189873418,1.0551121536527637,11.877215189873418,1.0551121536527637,0.0,0.0,0.0,0.0
595_fri_c0_1000_10,extra_tree,max_features=all,10,1000,10,0.0012648677825927734,5.000995643463067e-05,0.6997122220095044,0.013864119977131896,0.03403827031195784,0.01086835518969412,798.4200000000001,0.6954135460285362,7984.2,6.9541354602854835,7984.2,6.9541354602854835,10.0,0.0,10.0,0.0,0.0,0.0,0.0,0.0
595_fri_c0_1000_10,prophet_1sample,,10,1000,10,0.005887675285339356,0.00041915019408305906,0.6425887683554363,0.017158228592856723,0.036332833064601666,0.008458751050011136,797.4399999999999,1.3937001112147418,23574.419999999995,319.1447000969936,23574.419999999995,319.1447000969936,29.562511958365384,0.41136867582958925,29.562511958365384,0.41136867582958925,0.0,0.0,0.0,0.0
596_fri_c2_250_5,extra_tree,max_features=all,10,250,5,0.0003804922103881836,7.271906194755264e-05,0.5980988081893862,0.03464356248927866,0.08997069727547849,0.023931167416105254,199.0,0.0,995.0,0.0,995.0,0.0,5.0,0.0,5.0,0.0,0.0,0.0,0.0,0.0
596_fri_c2_250_5,prophet_1sample,,10,250,5,0.0007472848892211913,0.00017388957368782537,0.5513387843231301,0.02793817778380134,0.06368610444345527,0.012882911003287879,198.98,0.05999999999999659,2774.4399999999996,99.03828754577701,2774.4399999999996,99.03828754577701,13.943346530632962,0.4945628488238598,13.943346530632962,0.4945628488238598,0.0,0.0,0.0,0.0
597_fri_c2_500_5,extra_tree,max_features=all,10,500,5,0.0005186986923217773,5.286452288836095e-05,0.5091220180676832,0.031248682919246804,0.04346971848450419,0.025609480453767937,398.64,0.8845337754998398,1993.2,4.422668877499197,1993.2,4.422668877499197,5.0,0.0,5.0,0.0,0.0,0.0,0.0,0.0
597_fri_c2_500_5,prophet_1sample,,10,500,5,0.0014235448837280275,0.00026051270082092475,0.49660082244818493,0.018837409734922754,0.043470193658518216,0.012317111128199092,398.7,0.38209946349085955,6417.48,257.8159529586949,6417.48,257.8159529586949,16.095851415142914,0.63792082106923,16.095851415142914,0.63792082106923,0.0,0.0,0.0,0.0
598_fri_c0_1000_25,extra_tree,max_features=all,10,1000,25,0.002464089393615723,8.137185532261694e-05,0.7373537031229015,0.034632653808479914,0.04067452250458768,0.009459165615591335,798.52,0.7493997598078118,19963.0,18.734993995195193,19963.0,18.734993995195193,25.0,0.0,25.0,0.0,0.0,0.0,0.0,0.0
598_fri_c0_1000_25,prophet_1sample,,10,1000,25,0.01026167392730713,0.0004648258465919126,0.6198674963509491,0.014607675042609004,0.02672960363250217,0.007607232458459576,797.12,1.7959955456514956,42101.04,678.1992969621838,42101.04,678.1992969621838,52.82180921241267,0.9280683355139978,52.82180921241267,0.9280683355139978,0.0,0.0,0.0,0.0
599_fri_c2_1000_5,extra_tree,max_features=all,10,1000,5,0.0008311748504638671,4.073438184899209e-05,0.43312262056258294,0.01733557938614529,0.023792941513643535,0.008822829014458638,796.4399999999999,1.8413038858374255,3982.2,9.206519429187123,3982.2,9.206519429187123,5.0,0.0,5.0,0.0,0.0,0.0,0.0,0.0
599_fri_c2_1000_5,prophet_1sample,,10,1000,5,0.0032771062850952145,0.0003492750384639056,0.4417260137261126,0.015547872285405266,0.02117401485448874,0.008822150325820491,792.72,3.197749208427708,14043.980000000001,498.5191386496608,14043.980000000001,498.5191386496608,17.720278557342198,0.6481618063901139,17.720278557342198,0.6481618063901139,0.0,0.0,0.0,0.0
601_fri_c1_250_5,extra_tree,max_features=all,10,250,5,0.000372776985168457,6.1461620442146e-05,0.6433357130046352,0.02696078025379979,0.06531842478414676,0.028859791059247852,199.0,0.0,995.0,0.0,995.0,0.0,5.0,0.0,5.0,0.0,0.0,0.0,0.0,0.0
601_fri_c1_250_5,prophet_1sample,,10,250,5,0.0007478809356689455,0.00020710781989272082,0.5781225978471286,0.03336739070505444,0.05950450916063712,0.015648289774049477,199.0,0.0,2846.3799999999997,102.36520697971545,2846.3799999999997,102.36520697971545,14.303417085427137,0.5143980250236959,14.303417085427137,0.5143980250236959,0.0,0.0,0.0,0.0
602_fri_c3_250_10,extra_tree,max_features=all,10,250,10,0.0004827642440795898,6.775407034664823e-05,0.6663245126332004,0.04382263614497175,0.07612725217938436,0.02552843663296813,198.82,0.47707441767506076,1988.2,4.770744176750625,1988.2,4.770744176750625,10.0,0.0,10.0,0.0,0.0,0.0,0.0,0.0
602_fri_c3_250_10,prophet_1sample,,10,250,10,0.0011131525039672853,0.00022034817741169952,0.6017634985836963,0.024662671745264587,0.09093654407930349,0.018964461661643547,198.88,0.2039607805437104,4666.5,298.15189752875966,4666.5,298.15189752875966,23.466306153220838,1.5120460226723516,23.466306153220838,1.5120460226723516,0.0,0.0,0.0,0.0
603_fri_c0_250_50,extra_tree,max_features=all,10,250,50,0.001218075752258301,9.123713129665003e-05,0.9798048322757247,0.04063038066291103,0.08663691579341369,0.019191742809561606,198.98,0.05999999999999659,9949.0,3.0,9949.0,3.0,50.0,0.0,50.0,0.0,0.0,0.0,0.0,0.0
603_fri_c0_250_50,prophet_1sample,,10,250,50,0.0032388448715209963,0.00024404203041785701,0.800850555294188,0.03587244909794788,0.06633992442829309,0.028553546767334945,199.0,0.0,17019.24,672.0444854323262,17019.24,672.0444854323262,85.52381909547739,3.377107966996615,85.52381909547739,3.377107966996615,0.0,0.0,0.0,0.0
604_fri_c4_500_10,extra_tree,max_features=all,10,500,10,0.0007297611236572266,6.422548979394241e-05,0.6149847650337772,0.040378965921561684,0.0681349847527605,0.02849055408905221,398.64000000000004,0.3878143885933066,3986.4,3.8781438859330635,3986.4,3.8781438859330635,10.0,0.0,10.0,0.0,0.0,0.0,0.0,0.0
604_fri_c4_500_10,prophet_1sample,,10,500,10,0.0022942829132080083,0.0002751383204405103,0.5174924214918962,0.03618773329692996,0.04484151639507385,0.016309517750260703,398.76000000000005,0.37735924528226256,9777.06,294.39669903040715,9777.06,294.39669903040715,24.519072018524422,0.7410413838772627,24.519072018524422,0.7410413838772627,0.0,0.0,0.0,0.0
605_fri_c2_250_25,extra_tree,max_features=all,10,250,25,0.0007663726806640625,7.517984064852806e-05,0.871977192894129,0.08706836795135085,0.1041393141065522,0.02765280474574274,199.0,0.0,4975.0,0.0,4975.0,0.0,25.0,0.0,25.0,0.0,0.0,0.0,0.0,0.0
605_fri_c2_250_25,prophet_1sample,,10,250,25,0.0018544101715087893,0.00023454504496437832,0.6048838445292826,0.022917081163939864,0.06298286620943483,0.012044058030580706,198.92000000000002,0.2400000000000034,8607.34,356.40468066511147,8607.34,356.40468066511147,43.26981419920113,1.7745334277200873,43.26981419920113,1.7745334277200873,0.0,0.0,0.0,0.0
606_fri_c2_1000_10,extra_tree,max_features=all,10,1000,10,0.0013218212127685547,7.792848067492722e-05,0.5475585311310556,0.03449460136511512,0.04075832099306763,0.011368928474811319,797.2800000000001,1.793766985982279,7972.8,17.937669859822932,7972.8,17.937669859822932,10.0,0.0,10.0,0.0,0.0,0.0,0.0,0.0
606_fri_c2_1000_10,prophet_1sample,,10,1000,10,0.004742574691772462,0.0004932149309286045,0.47989345114953535,0.022136735848654377,0.0288102259473624,0.022277757097146807,795.86,2.1261232325526187,19995.700000000004,514.3611746623186,19995.700000000004,514.3611746623186,25.12676125841795,0.6485328935197067,25.12676125841795,0.6485328935197067,0.0,0.0,0.0,0.0
607_fri_c4_1000_50,extra_tree,max_features=all,10,1000,50,0.0045256948471069335,0.00020051393272638109,0.6176399812962013,0.03591035110747614,0.04969347243851187,0.014595872701822696,797.0200000000001,1.5190786681406787,39851.0,75.95393340703298,39851.0,75.95393340703298,50.0,0.0,50.0,0.0,0.0,0.0,0.0,0.0
607_fri_c4_1000_50,prophet_1sample,,10,1000,50,0.016844053268432614,0.0007065523981537243,0.45144875485560176,0.011500885438868376,0.028813549545444794,0.011855766701774179,797.6000000000001,1.196662024132124,66699.25999999998,1742.4642092163592,66699.25999999998,1742.4642092163592,83.62468847009197,2.276375656197149,83.62468847009197,2.276375656197149,0.0,0.0,0.0,0.0
608_fri_c3_1000_10,extra_tree,max_features=all,10,1000,10,0.0012710857391357423,7.627319470980181e-05,0.507816449051846,0.019771603604101778,0.03375824900548317,0.015027351375263842,794.74,3.315478849276523,7947.4,33.15478849276527,7947.4,33.15478849276527,10.0,0.0,10.0,0.0,0.0,0.0,0.0,0.0
608_fri_c3_1000_10,prophet_1sample,,10,1000,10,0.005278277397155761,0.00034523458059710217,0.43557371839561715,0.016698681197317853,0.03139223046697102,0.01570374628457259,794.5400000000001,2.947609200691301,20466.88,377.9706253136617,20466.88,377.9706253136617,25.758118509458008,0.4951883814801207,25.758118509458008,0.4951883814801207,0.0,0.0,0.0,0.0
609_fri_c0_1000_5,extra_tree,max_features=all,10,1000,5,0.0008376693725585938,3.832116766604824e-05,0.6125551467048791,0.012260078726015802,0.031930497644453194,0.010013763912635233,798.1400000000001,1.0394229168149074,3990.7,5.197114584074513,3990.7,5.197114584074513,5.0,0.0,5.0,0.0,0.0,0.0,0.0,0.0
609_fri_c0_1000_5,prophet_1sample,,10,1000,5,0.0045307111740112305,0.0005418746030940216,0.6185087737184409,0.006621159276358228,0.033488494981193814,0.00886587980388634,796.94,1.5100993344810154,17051.659999999996,324.7354375487843,17051.659999999996,324.7354375487843,21.397779111306548,0.41884951371457757,21.397779111306548,0.41884951371457757,0.0,0.0,0.0,0.0
611_fri_c3_100_5,extra_tree,max_features=all,10,100,5,0.0002954339981079102,8.260359810440318e-05,0.7245043850692694,0.09852644428241177,0.12125357011244373,0.038127689771323615,79.0,0.0,395.0,0.0,395.0,0.0,5.0,0.0,5.0,0.0,0.0,0.0,0.0,0.0
611_fri_c3_100_5,prophet_1sample,,10,100,5,0.00039603710174560545,9.248000744009378e-05,0.6687783292519566,0.02382526390683748,0.1850423081561236,0.03485017005258664,79.0,0.0,951.24,38.33158488766149,951.24,38.33158488766149,12.041012658227848,0.4852099352868542,12.041012658227848,0.4852099352868542,0.0,0.0,0.0,0.0
612_fri_c1_1000_5,extra_tree,max_features=all,10,1000,5,0.0008324289321899414,3.5550268383551694e-05,0.46629204344912667,0.009831115775795443,0.025822417917373518,0.007598849146927872,797.22,2.218918655561762,3986.1,11.09459327780879,3986.1,11.09459327780879,5.0,0.0,5.0,0.0,0.0,0.0,0.0,0.0
612_fri_c1_1000_5,prophet_1sample,,10,1000,5,0.0034879016876220707,0.00045287032521597304,0.4609099184272186,0.006852587710691011,0.02034013364419642,0.0064747176489429415,796.1800000000001,1.0562196741208634,14522.840000000002,307.00062280067124,14522.840000000002,307.00062280067124,18.242482388313746,0.38683712881162713,18.242482388313746,0.38683712881162713,0.0,0.0,0.0,0.0
613_fri_c3_250_5,extra_tree,max_features=all,10,250,5,0.00037158966064453124,8.069711999038769e-05,0.6235932430855791,0.051314933250087014,0.08712892358013372,0.027295195254167487,199.0,0.0,995.0,0.0,995.0,0.0,5.0,0.0,5.0,0.0,0.0,0.0,0.0,0.0
613_fri_c3_250_5,prophet_1sample,,10,250,5,0.0007219743728637695,0.00016886125350991602,0.59696835605749,0.02058828445315524,0.08516012432109206,0.022312828890490088,198.98,0.05999999999999659,2851.52,78.76203146186626,2851.52,78.76203146186626,14.330749708136645,0.39476511883514503,14.330749708136645,0.39476511883514503,0.0,0.0,0.0,0.0
615_fri_c4_250_10,extra_tree,max_features=all,10,250,10,0.0004935932159423828,7.27614292973176e-05,0.7730156196247835,0.053023794174899753,0.11807714285062787,0.05384065033510622,198.98,0.05999999999999659,1989.8,0.6000000000000001,1989.8,0.6000000000000001,10.0,0.0,10.0,0.0,0.0,0.0,0.0,0.0
615_fri_c4_250_10,prophet_1sample,,10,250,10,0.0011274480819702148,0.00021312939072929394,0.6113256738619944,0.031191921680543407,0.07871638225378842,0.02385012200337883,199.0,0.0,4659.2,255.78145358880104,4659.2,255.78145358880104,23.413065326633166,1.2853339376321666,23.413065326633166,1.2853339376321666,0.0,0.0,0.0,0.0
616_fri_c4_500_50,extra_tree,max_features=all,10,500,50,0.0023268556594848635,0.00013415160382722062,0.7528475401956563,0.04666020140341226,0.051151046052084,0.017254287794526514,398.84000000000003,0.24979991993593628,19942.0,12.489995996796797,19942.0,12.489995996796797,50.0,0.0,50.0,0.0,0.0,0.0,0.0,0.0
616_fri_c4_500_50,prophet_1sample,,10,500,50,0.007607769966125488,0.0006733544623307917,0.5355975733748453,0.020501365383771054,0.053122859596405635,0.022099026072304514,398.78000000000003,0.2891366458960216,33031.38,547.2535386820269,33031.38,547.2535386820269,82.83351383286092,1.399429727592441,82.83351383286092,1.399429727592441,0.0,0.0,0.0,0.0
617_fri_c3_500_5,extra_tree,max_features=all,10,500,5,0.0005417299270629882,7.241623250361962e-05,0.5483583665519662,0.045077621789088425,0.06032799038620511,0.026934007696370943,398.9,0.24083189157584875,1994.5,1.2041594578792296,1994.5,1.2041594578792296,5.0,0.0,5.0,0.0,0.0,0.0,0.0,0.0
617_fri_c3_500_5,prophet_1sample,,10,500,5,0.001558060646057129,0.0002627271872261321,0.5204863658563882,0.023779256664181684,0.058722848004649705,0.02795211947884521,398.4,0.7266360849833927,6613.960000000001,217.58280814439362,6613.960000000001,217.58280814439362,16.601682801521115,0.5302824468933959,16.601682801521115,0.5302824468933959,0.0,0.0,0.0,0.0
618_fri_c3_1000_50,extra_tree,max_features=all,10,1000,50,0.0045861005783081055,0.00016292860768610265,0.6025135455942061,0.02433316141818728,0.05176887960985763,0.018602863845676016,795.6600000000001,4.034897768221646,39783.0,201.74488841108217,39783.0,201.74488841108217,50.0,0.0,50.0,0.0,0.0,0.0,0.0,0.0
618_fri_c3_1000_50,prophet_1sample,,10,1000,50,0.01766550064086914,0.0006117064291733618,0.45514400188464965,0.01550753697898059,0.03360965571990985,0.016151456446987313,796.3800000000001,1.652755275290322,67655.45999999999,1494.5385054925837,67655.45999999999,1494.5385054925837,84.9495740198939,1.8197175440898197,84.9495740198939,1.8197175440898197,0.0,0.0,0.0,0.0
620_fri_c1_1000_25,extra_tree,max_features=all,10,1000,25,0.002517576217651367,0.00010432242693309517,0.6499351116834808,0.04646731767686787,0.05646669096652185,0.04025679711493713,797.7800000000001,1.1813551540497889,19944.5,29.53387885124472,19944.5,29.53387885124472,25.0,0.0,25.0,0.0,0.0,0.0,0.0,0.0
620_fri_c1_1000_25,prophet_1sample,,10,1000,25,0.009526605606079102,0.00034171160191417564,0.4759910682027284,0.015956169229580968,0.019108148329110917,0.007056827279038317,797.22,1.37535449975634,39377.82,915.8572179111756,39377.82,915.8572179111756,49.39291166682045,1.1065915586134147,49.39291166682045,1.1065915586134147,0.0,0.0,0.0,0.0
621_fri_c0_100_10,extra_tree,max_features=all,10,100,10,0.0003253698348999023,6.504084794700265e-05,0.9205026961393681,0.07863974938499624,0.17231643971304625,0.08130722544796874,79.0,0.0,790.0,0.0,790.0,0.0,10.0,0.0,10.0,0.0,0.0,0.0,0.0,0.0
621_fri_c0_100_10,prophet_1sample,,10,100,10,0.0005224752426147461,0.00016879241117820495,0.8225512461560202,0.04850048300954586,0.16135365672116447,0.020975315532507113,79.0,0.0,1742.3799999999999,60.933173231007785,1742.3799999999999,60.933173231007785,22.05544303797468,0.771305990265921,22.05544303797468,0.771305990265921,0.0,0.0,0.0,0.0
622_fri_c2_1000_50,extra_tree,max_features=all,10,1000,50,0.004459071159362793,0.0001412492632717966,0.6209954547731202,0.04222969782754886,0.047546306910092116,0.02196921405643076,798.2199999999999,0.7400000000000072,39911.0,37.0,39911.0,37.0,50.0,0.0,50.0,0.0,0.0,0.0,0.0,0.0
622_fri_c2_1000_50,prophet_1sample,,10,1000,50,0.01676313877105713,0.0005206755553357499,0.47092681285404464,0.01275032209523965,0.023709979561307586,0.006718040994660011,796.54,1.4725488107360007,66938.43999999999,1348.3419056010987,66938.43999999999,1348.3419056010987,84.03973516074934,1.7866272047250356,84.03973516074934,1.7866272047250356,0.0,0.0,0.0,0.0
623_fri_c4_1000_10,extra_tree,max_features=all,10,1000,10,0.0012527990341186523,4.9224888334259026e-05,0.5191254970501429,0.022700367269349632,0.03900026657106979,0.012864422752430934,795.4999999999999,2.418677324489561,7955.0,24.186773244895647,7955.0,24.186773244895647,10.0,0.0,10.0,0.0,0.0,0.0,0.0,0.0
623_fri_c4_1000_10,prophet_1sample,,10,1000,10,0.005015978813171387,0.00044802950764864135,0.4449814437798639,0.01200104696170841,0.030013620276283896,0.012012228245158369,794.26,1.61257557962409,20036.42,340.6669159164125,20036.42,340.6669159164125,25.229737015785453,0.4365450013944316,25.229737015785453,0.4365450013944316,0.0,0.0,0.0,0.0
624_fri_c0_100_5,extra_tree,max_features=all,10,100,5,0.000292506217956543,6.518687318344865e-05,0.7958271377480217,0.047305927893516515,0.12176677932026429,0.03842040420423933,79.0,0.0,395.0,0.0,395.0,0.0,5.0,0.0,5.0,0.0,0.0,0.0,0.0,0.0
624_fri_c0_100_5,prophet_1sample,,10,100,5,0.00042646884918212896,0.00014449031893582693,0.8442192800064655,0.07594781685532556,0.1510267174977565,0.046349633767418526,79.0,0.0,1091.68,44.73470241322726,1091.68,44.73470241322726,13.818734177215191,0.5662620558636358,13.818734177215191,0.5662620558636358,0.0,0.0,0.0,0.0
626_fri_c2_500_50,extra_tree,max_features=all,10,500,50,0.002285823822021484,0.0001033030474502815,0.6983783943870343,0.023095884688406648,0.06352732691314385,0.027342556219110428,398.84,0.36660605559646253,19942.0,18.33030277982336,19942.0,18.33030277982336,50.0,0.0,50.0,0.0,0.0,0.0,0.0,0.0
626_fri_c2_500_50,prophet_1sample,,10,500,50,0.007238831520080567,0.00022425297295913186,0.5592919318143601,0.019277545427199706,0.05311144330639134,0.011264313780461466,398.82,0.3155946767611944,32792.9,1405.6686501448344,32792.9,1405.6686501448344,82.22450430605487,3.522046855588476,82.22450430605487,3.522046855588476,0.0,0.0,0.0,0.0
627_fri_c2_500_10,extra_tree,max_features=all,10,500,10,0.0007325077056884766,4.344588823153034e-05,0.6055617457547547,0.058394043817268516,0.05640197296860673,0.01643868882256203,398.86,0.3104834939251986,3988.6,3.104834939252004,3988.6,3.104834939252004,10.0,0.0,10.0,0.0,0.0,0.0,0.0,0.0
627_fri_c2_500_10,prophet_1sample,,10,500,10,0.0022038793563842777,0.0003444038720894375,0.5344116569553058,0.011908619113778383,0.044014515614709725,0.011669712197214736,398.59999999999997,0.8148619514985385,9763.699999999999,390.6727965958213,9763.699999999999,390.6727965958213,24.49484181083725,0.9807929427022176,24.49484181083725,0.9807929427022176,0.0,0.0,0.0,0.0
628_fri_c3_1000_5,extra_tree,max_features=all,10,1000,5,0.0008570384979248048,9.624803764858785e-05,0.46002301990838906,0.014415704245352781,0.029591506897995574,0.01082741408060968,795.6,1.943193248238581,3978.0,9.715966241192895,3978.0,9.715966241192895,5.0,0.0,5.0,0.0,0.0,0.0,0.0,0.0
628_fri_c3_1000_5,prophet_1sample,,10,1000,5,0.0033886909484863283,0.0002747656468005313,0.43207922303881297,0.012633282942520621,0.02412468038512656,0.007971989197673796,794.08,2.268391500601268,14068.16,145.62210821163126,14068.16,145.62210821163126,17.719272174354472,0.2162613822409132,17.719272174354472,0.2162613822409132,0.0,0.0,0.0,0.0
631_fri_c1_500_5,extra_tree,max_features=all,10,500,5,0.0005276679992675781,7.478323972261656e-05,0.5676731451711536,0.029706380187238524,0.055732186790007944,0.02304583200335174,398.98,0.05999999999999658,1994.9,0.3,1994.9,0.3,5.0,0.0,5.0,0.0,0.0,0.0,0.0,0.0
631_fri_c1_500_5,prophet_1sample,,10,500,5,0.0014654302597045899,0.00034544917859384306,0.533409920162666,0.0159815936544172,0.036548413930210286,0.01126351129809938,398.7,0.3255764119219983,6351.0,251.4589747851527,6351.0,251.4589747851527,15.929639354667595,0.6331212008760176,15.929639354667595,0.6331212008760176,0.0,0.0,0.0,0.0
633_fri_c0_500_25,extra_tree,max_features=all,10,500,25,0.0016794824600219727,0.0007807934711258343,0.8119528530296114,0.021613703715550044,0.05458885891871858,0.020037004042115697,399.0,0.0,9975.0,0.0,9975.0,0.0,25.0,0.0,25.0,0.0,0.0,0.0,0.0,0.0
633_fri_c0_500_25,prophet_1sample,,10,500,25,0.004438648223876953,0.0005106801770585238,0.6859106874836128,0.026984055484053228,0.051959437947167564,0.00965940064870132,399.0,0.0,19633.079999999998,434.51032853086446,19633.079999999998,434.51032853086446,49.20571428571428,1.0889983171199633,49.20571428571428,1.0889983171199633,0.0,0.0,0.0,0.0
634_fri_c2_100_10,extra_tree,max_features=all,10,100,10,0.0003250932693481445,7.710928082736846e-05,0.8485209842239474,0.060076765358412304,0.1454781155048465,0.05945191633927747,79.0,0.0,790.0,0.0,790.0,0.0,10.0,0.0,10.0,0.0,0.0,0.0,0.0,0.0
634_fri_c2_100_10,prophet_1sample,,10,100,10,0.000495753288269043,0.00012737097952095867,0.7429106317932401,0.04456764447790027,0.1384614103655521,0.03269164439958342,79.0,0.0,1631.3000000000002,115.36790714925878,1631.3000000000002,115.36790714925878,20.649367088607594,1.4603532550539093,20.649367088607594,1.4603532550539093,0.0,0.0,0.0,0.0
635_fri_c0_250_10,extra_tree,max_features=all,10,250,10,0.00046254158020019525,5.249051420419979e-05,0.8152341668104078,0.029625698099197427,0.07014890233107555,0.03479330523544886,199.0,0.0,1990.0,0.0,1990.0,0.0,10.0,0.0,10.0,0.0,0.0,0.0,0.0,0.0
635_fri_c0_250_10,prophet_1sample,,10,250,10,0.0010691165924072265,0.00024664721871759185,0.7169594694083395,0.026879567292455955,0.06827309620999204,0.018003352228275125,199.0,0.0,4816.04,167.09869658378545,4816.04,167.09869658378545,24.20120603015075,0.8396919426320875,24.20120603015075,0.8396919426320875,0.0,0.0,0.0,0.0
637_fri_c1_500_50,extra_tree,max_features=all,10,500,50,0.0023137331008911133,0.00011190334383257416,0.7324571286684135,0.04806608286415741,0.0749985497578394,0.01978919703410059,399.0,0.0,19950.0,0.0,19950.0,0.0,50.0,0.0,50.0,0.0,0.0,0.0,0.0,0.0
637_fri_c1_500_50,prophet_1sample,,10,500,50,0.007152333259582519,0.00026784340640903927,0.5621109438543215,0.013599283054718482,0.04615035624676854,0.019817024233724664,398.9,0.18439088914586269,32883.96000000001,1168.4163840001559,32883.96000000001,1168.4163840001559,82.43829845284752,2.9335975272638666,82.43829845284752,2.9335975272638666,0.0,0.0,0.0,0.0
641_fri_c1_500_10,extra_tree,max_features=all,10,500,10,0.0007245922088623047,3.470575193456419e-05,0.6228994056280778,0.05462043843461142,0.06412609608135256,0.02669792066697823,398.88,0.20396078054371317,3988.8,2.039607805437114,3988.8,2.039607805437114,10.0,0.0,10.0,0.0,0.0,0.0,0.0,0.0
641_fri_c1_500_10,prophet_1sample,,10,500,10,0.0021793794631958007,0.00044939515910557643,0.5027701743634777,0.02025805841361658,0.024635087152560686,0.010967459812178023,398.54,0.5868560300448501,9895.66,549.9942257878713,9895.66,549.9942257878713,24.828806212113186,1.3723200813213885,24.828806212113186,1.3723200813213885,0.0,0.0,0.0,0.0
643_fri_c2_500_25,extra_tree,max_features=all,10,500,25,0.0013187170028686522,3.976656232214458e-05,0.699670492797098,0.036920576665050026,0.06738537299596445,0.03277085334891662,398.82,0.32802438933713735,9970.5,8.200609733428363,9970.5,8.200609733428363,25.0,0.0,25.0,0.0,0.0,0.0,0.0,0.0
643_fri_c2_500_25,prophet_1sample,,10,500,25,0.004125676155090332,0.00034590509066613067,0.5550593776151935,0.013313301036991678,0.04184064048786134,0.016271880353801272,398.84000000000003,0.17435595774161702,18764.1,987.4847857055825,18764.1,987.4847857055825,47.048286612129225,2.4858639178389885,47.048286612129225,2.4858639178389885,0.0,0.0,0.0,0.0
644_fri_c4_250_25,extra_tree,max_features=all,10,250,25,0.0007863473892211915,8.369635764659412e-05,0.8247097662513806,0.04186835045214622,0.10474981629768318,0.043385245024424,199.0,0.0,4975.0,0.0,4975.0,0.0,25.0,0.0,25.0,0.0,0.0,0.0,0.0,0.0
644_fri_c4_250_25,prophet_1sample,,10,250,25,0.0018455171585083005,0.0001615980151133998,0.6578281996925843,0.029752796847668326,0.10677061437508226,0.019861491227337325,199.0,0.0,8898.94,544.4356861925933,8898.94,544.4356861925933,44.71829145728643,2.7358577195607707,44.71829145728643,2.7358577195607707,0.0,0.0,0.0,0.0
645_fri_c3_500_50,extra_tree,max_features=all,10,500,50,0.0023685550689697267,0.00012448091482375966,0.7891772341205172,0.0605021801075494,0.10078882375694487,0.026564929217818646,398.84000000000003,0.3072458299147424,19942.0,15.362291495737216,19942.0,15.362291495737216,50.0,0.0,50.0,0.0,0.0,0.0,0.0,0.0
645_fri_c3_500_50,prophet_1sample,,10,500,50,0.008289060592651368,0.00044938601051333263,0.5517873912029864,0.03535945167506854,0.07743331716271623,0.019009175878603415,398.12,0.9927738916792699,34268.340000000004,1144.2907149846144,34268.340000000004,1144.2907149846144,86.0768742092248,2.9033962267595066,86.0768742092248,2.9033962267595066,0.0,0.0,0.0,0.0
646_fri_c3_500_10,extra_tree,max_features=all,10,500,10,0.0007410764694213867,8.477553518836074e-05,0.5612348674859788,0.02469586224725302,0.047073298850289116,0.0188135056992311,398.93999999999994,0.1280624847486497,3989.4,1.2806248474865698,3989.4,1.2806248474865698,10.0,0.0,10.0,0.0,0.0,0.0,0.0,0.0
646_fri_c3_500_10,prophet_1sample,,10,500,10,0.002472996711730957,0.0006196247612569517,0.4857671746896027,0.018784765633583344,0.041165676852280966,0.017552872084744455,398.52000000000004,0.7599999999999925,9838.58,743.3350063060394,9838.58,743.3350063060394,24.687304320403083,1.8443818951943234,24.687304320403083,1.8443818951943234,0.0,0.0,0.0,0.0
647_fri_c1_250_10,extra_tree,max_features=all,10,250,10,0.0004854774475097656,9.01573097713605e-05,0.7647257167288195,0.0834044086864237,0.08003061185785476,0.045762390910554104,199.0,0.0,1990.0,0.0,1990.0,0.0,10.0,0.0,10.0,0.0,0.0,0.0,0.0,0.0
647_fri_c1_250_10,prophet_1sample,,10,250,10,0.0010071516036987305,0.00017287673037326952,0.6087221577152776,0.02860300769421198,0.07343017136878494,0.027501624792423723,199.0,0.0,4478.679999999999,169.769236318009,4478.679999999999,169.769236318009,22.505929648241203,0.8531117402915025,22.505929648241203,0.8531117402915025,0.0,0.0,0.0,0.0
648_fri_c1_250_50,extra_tree,max_features=all,10,250,50,0.0012322473526000977,7.727341589123007e-05,0.8675143438427068,0.07769170169744752,0.12168945002191604,0.023629873753251474,199.0,0.0,9950.0,0.0,9950.0,0.0,50.0,0.0,50.0,0.0,0.0,0.0,0.0,0.0
648_fri_c1_250_50,prophet_1sample,,10,250,50,0.0031486463546752928,0.00015229700264013501,0.6298345118931626,0.03126239846143226,0.08833203903787054,0.029417372686560035,199.0,0.0,16056.659999999998,1041.1439249210455,16056.659999999998,1041.1439249210455,80.68673366834172,5.231879019703745,80.68673366834172,5.231879019703745,0.0,0.0,0.0,0.0
649_fri_c0_500_5,extra_tree,max_features=all,10,500,5,0.0005335712432861328,5.342188149090446e-05,0.6602488520723309,0.02719711054318125,0.040902124152645575,0.009520288060341716,399.0,0.0,1995.0,0.0,1995.0,0.0,5.0,0.0,5.0,0.0,0.0,0.0,0.0,0.0
649_fri_c0_500_5,prophet_1sample,,10,500,5,0.0017727804183959959,0.00027515820471007003,0.6592919431051244,0.024986184943202084,0.03615890620134509,0.014975657703757975,398.68,0.4915282290977784,7528.88,278.22674494016576,7528.88,278.22674494016576,18.886742831620843,0.714787964313906,18.886742831620843,0.714787964313906,0.0,0.0,0.0,0.0
650_fri_c0_500_50,extra_tree,max_features=all,10,500,50,0.002340993881225586,0.0001868967092646084,0.8353793809092223,0.043722071678674215,0.06202162400886187,0.014533658594888381,398.96,0.11999999999999318,19948.0,6.0,19948.0,6.0,50.0,0.0,50.0,0.0,0.0,0.0,0.0,0.0
650_fri_c0_500_50,prophet_1sample,,10,500,50,0.007770776748657228,0.0005366102382290126,0.69129576342091,0.027561091608741727,0.03104327716949561,0.014001843345075902,398.98,0.05999999999999658,35111.06,1547.2961191704712,35111.06,1547.2961191704712,88.00164569715747,3.8840748456967087,88.00164569715747,3.8840748456967087,0.0,0.0,0.0,0.0
651_fri_c0_100_25,extra_tree,max_features=all,10,100,25,0.00043867588043212887,6.99361213951398e-05,1.0297545325157516,0.07363979187227357,0.14052864060088094,0.06937755424416937,79.0,0.0,1975.0,0.0,1975.0,0.0,25.0,0.0,25.0,0.0,0.0,0.0,0.0,0.0
651_fri_c0_100_25,prophet_1sample,,10,100,25,0.0007714605331420897,0.00015468215974427532,0.8960948451134486,0.06005665042625664,0.11140675622004392,0.04760444277909783,79.0,0.0,3604.0,183.16707127647157,3604.0,183.16707127647157,45.62025316455696,2.318570522486982,45.62025316455696,2.318570522486982,0.0,0.0,0.0,0.0
653_fri_c0_250_25,extra_tree,max_features=all,10,250,25,0.0007711458206176758,7.99490481332001e-05,0.8910182352239004,0.041953084052018745,0.06182710158057545,0.02473406461600148,199.0,0.0,4975.0,0.0,4975.0,0.0,25.0,0.0,25.0,0.0,0.0,0.0,0.0,0.0
653_fri_c0_250_25,prophet_1sample,,10,250,25,0.0018244552612304687,0.00021990075963179822,0.7411159956710466,0.03623395565385725,0.07564639061441426,0.02545257220706565,199.0,0.0,9459.36,418.475431058981,9459.36,418.475431058981,47.534472361809044,2.102891613361712,47.534472361809044,2.102891613361712,0.0,0.0,0.0,0.0
654_fri_c0_500_10,extra_tree,max_features=all,10,500,10,0.0008072566986083985,0.0002354081363368983,0.7706029349675854,0.02431207163091385,0.04104728844938206,0.0186852340289101,399.0,0.0,3990.0,0.0,3990.0,0.0,10.0,0.0,10.0,0.0,0.0,0.0,0.0,0.0
654_fri_c0_500_10,prophet_1sample,,10,500,10,0.002346944808959961,0.00031451197433077644,0.7126356562822133,0.02214940565829464,0.04989370415233328,0.01295598912060167,398.91999999999996,0.1599999999999909,10737.000000000002,330.20151423032576,10737.000000000002,330.20151423032576,26.915269281198892,0.8288922014465304,26.915269281198892,0.8288922014465304,0.0,0.0,0.0,0.0
656_fri_c1_100_5,extra_tree,max_features=all,10,100,5,0.0002816390991210937,4.776949891072599e-05,0.7300773517598671,0.055791623750672155,0.14696435744800768,0.058130256786010755,79.0,0.0,395.0,0.0,395.0,0.0,5.0,0.0,5.0,0.0,0.0,0.0,0.0,0.0
656_fri_c1_100_5,prophet_1sample,,10,100,5,0.00040252685546875004,0.00011485897674124781,0.7280007376000479,0.04105949235088007,0.09365656706362,0.04115934788597239,79.0,0.0,1105.3799999999999,146.35199896140813,1105.3799999999999,146.35199896140813,13.992151898734175,1.8525569488785842,13.992151898734175,1.8525569488785842,0.0,0.0,0.0,0.0
657_fri_c2_250_10,extra_tree,max_features=all,10,250,10,0.00047970771789550786,6.122569725861564e-05,0.7045272570524579,0.08509725134477489,0.10313002254234124,0.029353818190310233,199.0,0.0,1990.0,0.0,1990.0,0.0,10.0,0.0,10.0,0.0,0.0,0.0,0.0,0.0
657_fri_c2_250_10,prophet_1sample,,10,250,10,0.0010243034362792968,0.00013208051153874726,0.5566933249263146,0.02451311956541346,0.06410185466373311,0.01758422419539921,198.95999999999998,0.07999999999999545,4438.08,189.88811863831816,4438.08,189.88811863831816,22.30651439013248,0.9565099016323657,22.30651439013248,0.9565099016323657,0.0,0.0,0.0,0.0
658_fri_c3_250_25,extra_tree,max_features=all,10,250,25,0.0008005285263061523,0.0001402537630435685,0.8362009326175477,0.05192708557593096,0.12386553268677794,0.058746119272482036,199.0,0.0,4975.0,0.0,4975.0,0.0,25.0,0.0,25.0,0.0,0.0,0.0,0.0,0.0
658_fri_c3_250_25,prophet_1sample,,10,250,25,0.0020004320144653325,0.000498629450557938,0.6138186548415396,0.02296278993990192,0.06206381346056652,0.02534938791606496,199.0,0.0,9086.3,404.99872839306556,9086.3,404.99872839306556,45.65979899497487,2.035169489412392,45.65979899497487,2.035169489412392,0.0,0.0,0.0,0.0
659_sleuth_ex1714,extra_tree,max_features=all,10,47,7,0.0003333282470703125,0.00014819134308933558,2151.6318579863905,455.7529305965168,806.1348312465601,252.74043255135075,36.60000000000001,7.105427357601002e-15,247.16,1.3320660644277362,247.16,1.3320660644277362,6.753303303303303,0.03622379763175346,6.753303303303303,0.03622379763175346,0.0,0.0,0.0,0.0
659_sleuth_ex1714,prophet_1sample,,10,47,7,0.0003272056579589844,0.00010712757778762163,2183.436372484411,291.59820414610584,889.5609698699578,292.2728306478389,36.60000000000001,7.105427357601002e-15,605.6199999999999,40.998190203959,605.6199999999999,40.998190203959,16.548873873873877,1.1182619788411792,16.548873873873877,1.1182619788411792,0.0,0.0,0.0,0.0
663_rabe_266,extra_tree,max_features=all,10,120,2,0.00026277065277099606,7.611079898205441e-05,9.852887784008962,0.35434160588743996,7.129775967908506,0.24934378442568295,94.56,0.23323807579380926,118.36000000000001,1.9468949637820727,118.36000000000001,1.9468949637820727,1.251805151175812,0.02147097733907332,1.251805151175812,0.02147097733907332,0.0,0.0,0.0,0.0
663_rabe_266,prophet_1sample,,10,120,2,0.0002936983108520508,9.660498184865866e-05,9.523964096757355,0.2833824367835299,7.031369366834191,0.13030901226905242,94.20000000000002,1.4210854715202004e-14,217.32,4.066644808684431,217.32,4.066644808684431,2.30705039193729,0.04317818365494436,2.30705039193729,0.04317818365494436,0.0,0.0,0.0,0.0
665_sleuth_case2002,extra_tree,max_features=all,10,147,6,0.0002823877334594727,2.746483888793251e-05,10.635600601340695,0.5338463768497937,2.0074631273548125,0.4847818892039196,90.9,1.2140840168620979,295.12,12.440321539252919,295.12,12.440321539252919,3.2540860978282025,0.1634223416269443,3.2540860978282025,0.1634223416269443,0.0,0.0,0.0,0.0
665_sleuth_case2002,prophet_1sample,,10,147,6,0.00038416862487792967,3.2409307981636255e-05,10.553411736512494,0.5132912689412338,2.1452617152648132,0.5514035594991653,86.0,0.7042726744663615,634.88,13.79657928618541,634.88,13.79657928618541,7.388505845012621,0.16017167535764826,7.388505845012621,0.16017167535764826,0.0,0.0,0.0,0.0
666_rmftsa_ladata,extra_tree,max_features=all,10,508,10,0.0007604837417602539,0.0001166028814045829,2.7965313178326006,0.08790431960409203,0.5652110384826053,0.1259615668922722,398.14,7.183341840675557,3979.7,71.67332837255427,3979.7,71.67332837255427,9.995747129621076,0.0012855668292151986,9.995747129621076,0.0012855668292151986,0.0,0.0,0.0,0.0
666_rmftsa_ladata,prophet_1sample,,10,508,10,0.0021296739578247066,0.000290549204785812,2.6364442236318566,0.0823495925141626,0.47489337554365596,0.042509464754638154,402.02,0.7453858061433707,8972.280000000002,387.6026645935241,8972.280000000002,387.6026645935241,22.32195476638895,0.9762161762200835,22.32195476638895,0.9762161762200835,0.0,0.0,0.0,0.0
678_visualizing_environmental,extra_tree,max_features=all,10,111,3,0.00027431964874267576,4.420682920674442e-05,4.0800170885295,0.2357122516083238,0.8687239556326233,0.2512285883319681,83.66,0.7952358140828426,236.6,2.7085051227568315,236.6,2.7085051227568315,2.8280193275918744,0.0216220900691908,2.8280193275918744,0.0216220900691908,0.0,0.0,0.0,0.0
678_visualizing_environmental,prophet_1sample,,10,111,3,0.00034940719604492187,5.537687194668329e-05,4.093974170883341,0.18519876154350076,0.6434538460531766,0.22253823367227032,80.26,0.7592101158440921,480.9,24.87975080261053,480.9,24.87975080261053,5.991961988169558,0.3084518356948491,5.991961988169558,0.3084518356948491,0.0,0.0,0.0,0.0
690_visualizing_galaxy,extra_tree,max_features=all,10,323,4,0.0003661394119262696,4.223625470657046e-05,30.175476999779864,3.3724256922488376,11.934137032098139,4.074059510219847,251.99999999999994,0.8049844718999266,845.8399999999999,5.6807041817014285,845.8399999999999,5.6807041817014285,3.3563902692687444,0.022759961781126777,3.3563902692687444,0.022759961781126777,0.0,0.0,0.0,0.0
690_visualizing_galaxy,prophet_1sample,,10,323,4,0.0007090663909912109,0.00015004214999117941,31.1216823104191,1.7016025356429503,10.392077600881821,2.1796796699158523,250.84,0.7525955088890682,2490.0000000000005,102.7645074916433,2490.0000000000005,102.7645074916433,9.926995379204318,0.41588199083880734,9.926995379204318,0.41588199083880734,0.0,0.0,0.0,0.0
695_chatfield_4,extra_tree,max_features=all,10,235,12,0.00048629760742187496,5.8609731644163e-05,25.189847002256684,0.9799260403141687,6.136082442034921,1.3143888041000236,184.92000000000002,0.52306787322488,2210.1000000000004,5.371219600798318,2210.1000000000004,5.371219600798318,11.95163801304682,0.012152321306084065,11.95163801304682,0.012152321306084065,0.0,0.0,0.0,0.0
695_chatfield_4,prophet_1sample,,10,235,12,0.0015864944458007814,0.0003070844040127497,30.21751669381188,1.6405576174036098,7.662142178340796,2.357777909884629,184.26000000000002,0.5219195340279944,8932.780000000002,481.26167892322354,8932.780000000002,481.26167892322354,48.48507211246725,2.709947636980052,48.48507211246725,2.709947636980052,0.0,0.0,0.0,0.0
706_sleuth_case1202,extra_tree,max_features=all,10,93,6,0.0003596544265747071,0.00019332280212787695,73.18421133569979,5.762838060647619,14.561379524817102,4.6860020546066785,71.84,0.3200000000000006,354.32000000000005,5.486127960592963,354.32000000000005,5.486127960592963,4.932109350540983,0.07893013835262322,4.932109350540983,0.07893013835262322,0.0,0.0,0.0,0.0
706_sleuth_case1202,prophet_1sample,,10,93,6,0.000829472541809082,0.0011115406001659337,75.94572271084608,8.418912805578548,15.235863236602222,6.0424449088442005,71.04,0.1743559577416294,885.3800000000001,34.95728250307794,885.3800000000001,34.95728250307794,12.466750732507013,0.5040239042313053,12.466750732507013,0.5040239042313053,0.0,0.0,0.0,0.0
712_chscase_geyser1,extra_tree,max_features=all,10,222,2,0.00028848648071289057,6.803990730399404e-05,8.606505238702942,0.272495435247527,1.0613363537140725,0.3845864480331802,133.11999999999998,0.7166589146867527,194.3,3.387329331494059,194.3,3.387329331494059,1.4596464772974915,0.024820260862329333,1.4596464772974915,0.024820260862329333,0.0,0.0,0.0,0.0
712_chscase_geyser1,prophet_1sample,,10,222,2,0.00037242889404296873,0.00010665816810233577,8.840807311211162,0.2978630874234261,1.2211938645445035,0.19961660287241012,164.88,0.35999999999999976,425.1,7.058186735982555,425.1,7.058186735982555,2.578282331391041,0.045020843014593,2.578282331391041,0.045020843014593,0.0,0.0,0.0,0.0
banana,extra_tree,max_features=all,10,5300,2,0.001141376495361328,6.427144832870467e-05,0.35663044760489854,0.008201397760176954,0.015392063083829219,0.003732780545147084,861.4,52.965045076918415,1686.5399999999997,103.67750189891727,1686.5399999999997,103.67750189891727,1.9582885239263441,0.006644705550435639,1.9582885239263441,0.006644705550435639,0.0,0.0,0.0,0.0
banana,prophet_1sample,,10,5300,2,0.011711750030517578,0.0014085556236889563,0.36911382063954684,0.0033765320619611352,0.011432045959035112,0.0046966240162264125,740.26,7.597920768210205,12140.06,269.7746029558753,12140.06,269.7746029558753,16.420533144558767,0.3660404504092337,16.420533144558767,0.3660404504092337,0.0,0.0,0.0,0.0
titanic,extra_tree,max_features=all,10,2099,8,0.0008962011337280272,4.235374928846087e-05,0.49051694461979684,0.008246761643093802,0.031100368009610586,0.004520578582321133,482.12000000000006,10.862854136919998,1491.6,34.69259286937195,1491.6,34.69259286937195,3.0922121388496624,0.06049675427122694,3.0922121388496624,0.06049675427122694,0.0,0.0,0.0,0.0
titanic,prophet_1sample,,10,2099,8,0.0030781698226928712,0.00021811564125613089,0.4861625522468496,0.0031995151149602163,0.030205817429276506,0.003785774983305918,473.5,4.886102741449463,4576.58,122.96371659965386,4576.58,122.96371659965386,9.655180356552135,0.2798334197573291,9.655180356552135,0.2798334197573291,0.0,0.0,0.0,0.0
