dataset,n_samples,n_features,run,prophet_root_improvement,extra_root_improvement,prophet_minus_extra,prophet_ge_extra
1027_ESL,488,4,1,382.7147607158477,284.1005804922896,98.6141802235581,1
1028_SWD,1000,10,1,110.81098369382079,62.18525966443004,48.625724029390746,1
1029_LEV,1000,4,1,237.69981347709205,237.69981347709205,0.0,1
1030_ERA,1000,4,1,477.78907987753155,443.197579414262,34.59150046326954,1
1089_USCrime,47,13,1,43918.83243243233,39789.29032258058,4129.5421098517545,1
1096_FacultySalaries,50,4,1,529.5160556673529,497.46993300390045,32.04612266345248,1
1193_BNG_lowbwt,31104,9,1,8827403505.52006,8827403505.520033,2.6702880859375e-05,1
1199_BNG_echoMonths,17496,9,1,1776435.1192998951,1776435.1192998951,0.0,1
197_cpu_act,8192,21,1,303184.72667621006,275143.0156533581,28041.71102285199,1
201_pol,15000,48,1,4561114.417718522,4532840.225962365,28274.191756157205,1
210_cloud,108,5,1,62.96158369349997,62.96158369349997,0.0,1
215_2dplanes,40768,10,1,360249.67296466755,360249.67296466755,0.0,1
218_house_8L,22784,8,1,3536936281249.375,3236928156808.133,300008124441.2422,1
225_puma8NH,8192,8,1,56102.22210850206,46452.05075627356,9650.171352228499,1
227_cpu_small,8192,12,1,2148000.952401744,2148000.952401744,0.0,1
228_elusage,55,2,1,17924.058761229917,13062.3005599701,4861.758201259818,1
229_pwLinear,200,10,1,1865.6042169350444,1865.6042169350449,-4.547473508864641e-13,1
230_machine_cpu,209,6,1,2537106.8279825,2354364.8332877224,182741.99469477776,1
294_satellite_image,6435,36,1,13623.54789519781,13089.926359308885,533.621535888924,1
344_mv,40768,10,1,1491631.9118992286,1446515.9866201095,45115.92527911905,1
4544_GeographicalOriginalofMusic,1059,117,1,403.43989184474356,361.1947339421404,42.24515790260318,1
485_analcatdata_vehicle,48,4,1,2112182.520833334,2112182.520833334,0.0,1
503_wind,6574,14,1,117741.80332508747,111417.31061246614,6324.49271262133,1
505_tecator,240,124,1,26391.83661383392,25377.612465657905,1014.2241481760138,1
519_vinnie,380,2,1,1042.2119145511601,672.6810674573785,369.53084709378163,1
522_pm10,500,7,1,19.875874543313103,18.888155918686323,0.9877186246267797,1
523_analcatdata_neavote,100,2,1,1486.3531313131318,1411.3855716586156,74.96755965451621,1
527_analcatdata_election2000,67,14,1,277785369121.9359,267447968939.36032,10337400182.575592,1
529_pollen,3848,4,1,3593.787766952948,2585.160674218805,1008.6270927341429,1
537_houses,20640,8,1,33681918972635.812,12605769610378.17,21076149362257.64,1
542_pollution,60,15,1,63250.91857412609,51847.537028175546,11403.381545950542,1
547_no2,500,7,1,64.17828689802795,32.5617875646935,31.616499333334446,1
556_analcatdata_apnea2,475,3,1,236028234.8214035,231184121.93719292,4844112.884210587,1
557_analcatdata_apnea1,475,3,1,261484785.90315914,261484785.90315914,0.0,1
560_bodyfat,252,14,1,11054.13027645267,4321.892868967192,6732.237407485478,1
561_cpu,209,7,1,3098535.468876182,3098535.468876182,0.0,1
562_cpu_small,8192,12,1,2148000.952401744,2148000.952401744,0.0,1
564_fried,40768,10,1,148860.63630690973,141665.03682101239,7195.599485897343,1
573_cpu_act,8192,21,1,303184.72667621006,275143.0156533581,28041.71102285199,1
574_house_16H,22784,16,1,7026110889740.578,2427652882731.4053,4598458007009.173,1
579_fri_c0_250_5,250,5,1,40.05912039993859,39.091621842439956,0.9674985574986366,1
581_fri_c3_500_25,500,25,1,87.91996488046112,75.60471560145207,12.315249279009052,1
582_fri_c1_500_25,500,25,1,55.97569915839779,37.97815179453501,17.99754736386278,1
583_fri_c1_1000_50,1000,50,1,231.65044860231535,152.5069970044866,79.14345159782874,1
584_fri_c4_500_25,500,25,1,73.62302422376536,70.33583292416893,3.2871912995964294,1
586_fri_c3_1000_25,1000,25,1,166.1347722103243,165.8046739521486,0.3300982581756955,1
588_fri_c4_1000_100,1000,100,1,164.44147973714155,147.04878515974897,17.392694577392575,1
589_fri_c2_1000_25,1000,25,1,132.12153101005777,42.81874723974522,89.30278377031254,1
590_fri_c0_1000_50,1000,50,1,175.75706006627013,164.29413868738277,11.462921378887359,1
591_fri_c1_100_10,100,10,1,42.25997862297421,42.25997862297421,0.0,1
592_fri_c4_1000_25,1000,25,1,168.81755044411966,144.98565716538573,23.83189327873393,1
593_fri_c1_1000_10,1000,10,1,277.1543388348978,269.8898671176856,7.2644717172122455,1
594_fri_c2_100_5,100,5,1,30.66506942071277,15.864465949302904,14.800603471409865,1
595_fri_c0_1000_10,1000,10,1,222.45172425497577,174.4492018388704,48.002522416105364,1
596_fri_c2_250_5,250,5,1,59.93514543629573,33.6921769405094,26.24296849578633,1
597_fri_c2_500_5,500,5,1,123.18866000581158,51.38346346969337,71.80519653611822,1
598_fri_c0_1000_25,1000,25,1,183.5035955395574,176.79043666532317,6.713158874234239,1
599_fri_c2_1000_5,1000,5,1,133.42753505205883,126.8787004581344,6.5488345939244255,1
601_fri_c1_250_5,250,5,1,63.530405511089555,40.58790745090492,22.942498060184633,1
602_fri_c3_250_10,250,10,1,47.57674644972511,43.37772998102705,4.199016468698055,1
603_fri_c0_250_50,250,50,1,58.84447128281859,50.32252367018074,8.521947612637845,1
604_fri_c4_500_10,500,10,1,55.01852082712696,54.207963828275126,0.8105569988518369,1
605_fri_c2_250_25,250,25,1,46.943021197081094,16.694232239987883,30.24878895709321,1
606_fri_c2_1000_10,1000,10,1,402.6313287806603,395.7151227634334,6.916206017226898,1
607_fri_c4_1000_50,1000,50,1,121.81562654344111,104.23892339817485,17.576703145266265,1
608_fri_c3_1000_10,1000,10,1,156.07817695641154,151.85192279684588,4.226254159565656,1
609_fri_c0_1000_5,1000,5,1,229.842912626133,189.06183153301504,40.78108109311796,1
611_fri_c3_100_5,100,5,1,17.157350718137266,16.56527896389878,0.5920717542384857,1
612_fri_c1_1000_5,1000,5,1,125.01421555541776,98.24581556664475,26.768399988773012,1
613_fri_c3_250_5,250,5,1,43.092814400665674,36.66518051007646,6.427633890589213,1
615_fri_c4_250_10,250,10,1,37.01076463370504,36.85555141591571,0.15521321778932418,1
616_fri_c4_500_50,500,50,1,52.719026935555405,50.152164080447506,2.5668628551078996,1
617_fri_c3_500_5,500,5,1,62.855333946415385,62.28795271907474,0.5673812273406469,1
618_fri_c3_1000_50,1000,50,1,91.10478301937086,81.10493264036575,9.99985037900511,1
620_fri_c1_1000_25,1000,25,1,113.98641337332333,90.52192550534517,23.464487867978164,1
621_fri_c0_100_10,100,10,1,18.53139420559532,11.481922446723331,7.049471758871988,1
622_fri_c2_1000_50,1000,50,1,278.44873006798747,240.52922267217923,37.91950739580824,1
623_fri_c4_1000_10,1000,10,1,177.08014279350868,171.54903916064666,5.5311036328620276,1
624_fri_c0_100_5,100,5,1,24.88352442798263,17.791978704090496,7.091545723892132,1
626_fri_c2_500_50,500,50,1,148.64133220119714,135.32764544311686,13.31368675808028,1
627_fri_c2_500_10,500,10,1,199.18189424028282,195.55647435133588,3.6254198889469365,1
628_fri_c3_1000_5,1000,5,1,133.32514947661855,130.37620500602517,2.948944470593375,1
631_fri_c1_500_5,500,5,1,95.40778417938895,39.82229759217418,55.585486587214774,1
633_fri_c0_500_25,500,25,1,120.7564474796344,91.28226899918657,29.474178480447833,1
634_fri_c2_100_10,100,10,1,46.79815123268997,46.334763519887964,0.4633877128020032,1
635_fri_c0_250_10,250,10,1,54.249171390509986,44.30521472089447,9.943956669615517,1
637_fri_c1_500_50,500,50,1,98.3355551293973,78.87638565757959,19.459169471817717,1
641_fri_c1_500_10,500,10,1,138.25462466611637,137.9675960318532,0.28702863426318004,1
643_fri_c2_500_25,500,25,1,22.05143054505095,16.447827123844633,5.603603421206316,1
644_fri_c4_250_25,250,25,1,45.513536182942914,45.208451696813164,0.3050844861297506,1
645_fri_c3_500_50,500,50,1,54.85052062610758,51.95017150890516,2.900349117202424,1
646_fri_c3_500_10,500,10,1,89.00886071309914,88.99332272773152,0.015537985367615192,1
647_fri_c1_250_10,250,10,1,64.24385952753732,60.89026170982726,3.3535978177100674,1
648_fri_c1_250_50,250,50,1,55.72353682163312,51.27772794294401,4.445808878689107,1
649_fri_c0_500_5,500,5,1,139.33489279739908,109.99982687664665,29.335065920752427,1
650_fri_c0_500_50,500,50,1,130.38152345928268,89.43265714350576,40.94886631577691,1
651_fri_c0_100_25,100,25,1,25.223056567022134,24.296567015264632,0.926489551757502,1
653_fri_c0_250_25,250,25,1,45.60871809742831,40.15847320996108,5.450244887467228,1
654_fri_c0_500_10,500,10,1,72.99279689316921,69.27862606152922,3.71417083163999,1
656_fri_c1_100_5,100,5,1,35.95178973792158,11.379569634634187,24.572220103287393,1
657_fri_c2_250_10,250,10,1,116.34098679927052,113.94660015174175,2.3943866475287763,1
658_fri_c3_250_25,250,25,1,33.384633315500224,29.980646260642622,3.403987054857602,1
659_sleuth_ex1714,47,7,1,90165274.03293306,83486592.092843,6678681.94009006,1
663_rabe_266,120,2,1,209258.40857142865,191704.53750000003,17553.871071428614,1
665_sleuth_case2002,147,6,1,2499.5185345975733,1132.9104768033358,1366.6080577942375,1
666_rmftsa_ladata,508,10,1,1270.57701806553,1262.7506883262822,7.82632973924774,1
678_visualizing_environmental,111,3,1,372.69353572719837,296.4170033332525,76.27653239394584,1
690_visualizing_galaxy,323,4,1,1141196.5987269864,911005.6031909408,230190.99553604564,1
695_chatfield_4,235,12,1,244188.04229071934,244107.56434987747,80.47794084186899,1
706_sleuth_case1202,93,6,1,369984.61667948274,243176.0275485938,126808.58913088895,1
712_chscase_geyser1,222,2,1,26272.357523628743,25123.271931519415,1149.085592109328,1
banana,5300,2,1,30.32854245316821,9.178930892413518,21.149611560754693,1
titanic,2099,8,1,100.36518460895672,100.36518460895672,0.0,1
1027_ESL,488,4,2,487.8032808919469,411.2743185704689,76.52896232147799,1
1028_SWD,1000,10,2,110.81098369382079,62.63852131818061,48.17246237564018,1
1029_LEV,1000,4,2,237.69981347709205,156.52341805159602,81.17639542549603,1
1030_ERA,1000,4,2,323.7143406337559,205.6135847176015,118.10075591615441,1
1089_USCrime,47,13,2,46882.606334841425,46882.606334841425,0.0,1
1096_FacultySalaries,50,4,2,539.6760081845675,476.4167129420116,63.259295242555936,1
1193_BNG_lowbwt,31104,9,2,8827403505.520039,8827403505.520042,-3.814697265625e-06,0
1199_BNG_echoMonths,17496,9,2,1776435.1192998951,1776435.1192998942,9.313225746154785e-10,1
197_cpu_act,8192,21,2,2148000.952401744,2148000.952401744,0.0,1
201_pol,15000,48,2,1315752.5581599213,855313.9949370084,460438.56322291296,1
210_cloud,108,5,2,62.96158369349997,62.96158369349993,3.552713678800501e-14,1
215_2dplanes,40768,10,2,360249.67296466767,360249.67296466755,1.1641532182693481e-10,1
218_house_8L,22784,8,2,10163624414418.156,9870556646358.068,293067768060.0879,1
225_puma8NH,8192,8,2,69572.12546983529,64140.73712633572,5431.388343499566,1
227_cpu_small,8192,12,2,2148000.952401744,2107975.6564766,40025.295925144106,1
228_elusage,55,2,2,19434.439085405633,19359.26000605138,75.17907935425319,1
229_pwLinear,200,10,2,1865.6042169350444,1865.6042169350444,0.0,1
230_machine_cpu,209,6,2,2985536.486316956,2985536.486316956,0.0,1
294_satellite_image,6435,36,2,14073.831941648325,14014.252332309006,59.57960933931827,1
344_mv,40768,10,2,1041784.9986452986,1041784.9986452982,4.656612873077393e-10,1
4544_GeographicalOriginalofMusic,1059,117,2,325.6419768834547,321.1406180430032,4.5013588404514735,1
485_analcatdata_vehicle,48,4,2,2112182.520833334,2112182.520833334,0.0,1
503_wind,6574,14,2,119334.59029969054,105584.90825488305,13749.682044807487,1
505_tecator,240,124,2,13155.26732061938,13121.610383573236,33.65693704614387,1
519_vinnie,380,2,2,1781.0089117023347,192.99950009071063,1588.009411611624,1
522_pm10,500,7,2,21.55758597876938,15.90589246626972,5.651693512499662,1
523_analcatdata_neavote,100,2,2,1486.3531313131318,1486.3531313131318,0.0,1
527_analcatdata_election2000,67,14,2,277785369121.9359,277785369121.9359,0.0,1
529_pollen,3848,4,2,3845.1699049864474,868.6820652194438,2976.4878397670036,1
537_houses,20640,8,2,84989534569207.77,13662685813859.213,71326848755348.55,1
542_pollution,60,15,2,69845.68783118762,63250.91857412609,6594.769257061533,1
547_no2,500,7,2,32.91124595311058,16.369989090598274,16.541256862512306,1
556_analcatdata_apnea2,475,3,2,75216828.08894695,63305336.168771744,11911491.92017521,1
557_analcatdata_apnea1,475,3,2,70887402.11368474,62258385.20140457,8629016.912280172,1
560_bodyfat,252,14,2,11203.682638325397,5583.678089468964,5620.004548856434,1
561_cpu,209,7,2,1846930.378573955,1773937.842608132,72992.5359658231,1
562_cpu_small,8192,12,2,2148000.952401744,2107975.6564766,40025.295925144106,1
564_fried,40768,10,2,149286.1911493194,145209.18155934743,4077.0095899719745,1
573_cpu_act,8192,21,2,2148000.952401744,2148000.952401744,0.0,1
574_house_16H,22784,16,2,4358596138385.742,2029634277004.4414,2328961861381.301,1
579_fri_c0_250_5,250,5,2,39.355634504272814,39.301849758586336,0.053784745686478175,1
581_fri_c3_500_25,500,25,2,66.12394686778009,60.045931378813066,6.078015488967026,1
582_fri_c1_500_25,500,25,2,106.16474417930135,98.23867318770627,7.926070991595083,1
583_fri_c1_1000_50,1000,50,2,238.42089830559746,58.82876555367034,179.59213275192712,1
584_fri_c4_500_25,500,25,2,73.03565288297767,64.85787470038463,8.177778182593045,1
586_fri_c3_1000_25,1000,25,2,141.61952599502126,139.7317313190589,1.8877946759623683,1
588_fri_c4_1000_100,1000,100,2,179.27963347356868,176.934007113078,2.3456263604906837,1
589_fri_c2_1000_25,1000,25,2,119.00444650176416,98.39103775579235,20.61340874597181,1
590_fri_c0_1000_50,1000,50,2,180.63622949336468,162.79649370089498,17.839735792469696,1
591_fri_c1_100_10,100,10,2,20.988005699016597,11.980219693826939,9.007786005189658,1
592_fri_c4_1000_25,1000,25,2,118.83158142219911,118.75282682165562,0.07875460054349048,1
593_fri_c1_1000_10,1000,10,2,245.45342826251158,71.20859691012402,174.24483135238756,1
594_fri_c2_100_5,100,5,2,31.570121665696348,13.513194281504468,18.05692738419188,1
595_fri_c0_1000_10,1000,10,2,142.70029203782917,133.56505733549807,9.135234702331104,1
596_fri_c2_250_5,250,5,2,60.624973527509496,33.24619094024982,27.37878258725968,1
597_fri_c2_500_5,500,5,2,118.10195474771922,69.0484417973916,49.053512950327615,1
598_fri_c0_1000_25,1000,25,2,246.31307903855577,245.22549603377837,1.0875830047774002,1
599_fri_c2_1000_5,1000,5,2,118.85819460394305,90.49427164323777,28.36392296070528,1
601_fri_c1_250_5,250,5,2,24.878052412233558,23.684612284018357,1.193440128215201,1
602_fri_c3_250_10,250,10,2,31.266719918692715,16.66282127209081,14.603898646601905,1
603_fri_c0_250_50,250,50,2,36.7093684701058,31.167074280590008,5.542294189515793,1
604_fri_c4_500_10,500,10,2,45.86261552793758,39.720554670979325,6.142060856958253,1
605_fri_c2_250_25,250,25,2,45.2413991725588,16.1620558482567,29.0793433243021,1
606_fri_c2_1000_10,1000,10,2,348.2160249784297,111.9187287829011,236.2972961955286,1
607_fri_c4_1000_50,1000,50,2,136.92154055602612,86.71490435548426,50.20663620054185,1
608_fri_c3_1000_10,1000,10,2,139.69959270141158,79.02633495412135,60.67325774729022,1
609_fri_c0_1000_5,1000,5,2,215.3118197916483,200.08014192037743,15.231677871270875,1
611_fri_c3_100_5,100,5,2,21.000957135263494,16.56527896389878,4.435678171364714,1
612_fri_c1_1000_5,1000,5,2,216.17875050694238,72.86978700723665,143.30896349970573,1
613_fri_c3_250_5,250,5,2,40.0148696999907,38.80089240063535,1.2139772993553493,1
615_fri_c4_250_10,250,10,2,33.02926440603268,24.346345265494534,8.682919140538147,1
616_fri_c4_500_50,500,50,2,65.39070571576121,56.88425607675583,8.506449639005382,1
617_fri_c3_500_5,500,5,2,75.84823974624544,64.1990766127113,11.649163133534145,1
618_fri_c3_1000_50,1000,50,2,126.02734210651943,121.09246320644183,4.934878900077592,1
620_fri_c1_1000_25,1000,25,2,233.8398417104222,108.91984594437247,124.91999576604974,1
621_fri_c0_100_10,100,10,2,16.70988278933993,11.212520163171483,5.497362626168446,1
622_fri_c2_1000_50,1000,50,2,291.7911407773208,112.82120622626019,178.9699345510606,1
623_fri_c4_1000_10,1000,10,2,133.89530095422833,74.18176501705625,59.71353593717208,1
624_fri_c0_100_5,100,5,2,23.655044058054465,23.03424880781219,0.6207952502422742,1
626_fri_c2_500_50,500,50,2,88.98398330623604,42.53319827009051,46.45078503614553,1
627_fri_c2_500_10,500,10,2,122.662765633839,67.32490365901947,55.33786197481953,1
628_fri_c3_1000_5,1000,5,2,152.6294957663755,130.40608841376772,22.22340735260778,1
631_fri_c1_500_5,500,5,2,68.73222687629328,44.455119478439414,24.277107397853868,1
633_fri_c0_500_25,500,25,2,132.15115431006063,126.99916944668092,5.15198486337971,1
634_fri_c2_100_10,100,10,2,37.922551115150384,21.018392258439732,16.90415885671065,1
635_fri_c0_250_10,250,10,2,64.26777230981361,41.16055729300612,23.107215016807487,1
637_fri_c1_500_50,500,50,2,71.93836632641546,40.01810995946323,31.92025636695223,1
641_fri_c1_500_10,500,10,2,33.62330251418243,17.58500030521577,16.038302208966655,1
643_fri_c2_500_25,500,25,2,61.5760778511773,43.967886314085376,17.608191537091926,1
644_fri_c4_250_25,250,25,2,48.940938576890375,26.605367308491367,22.335571268399008,1
645_fri_c3_500_50,500,50,2,96.24206396035487,85.92767942932213,10.314384531032744,1
646_fri_c3_500_10,500,10,2,47.952168835655925,36.65234703119417,11.299821804461757,1
647_fri_c1_250_10,250,10,2,30.513104697308677,17.4562436185918,13.056861078716878,1
648_fri_c1_250_50,250,50,2,31.7912768949827,23.596052814695597,8.195224080287105,1
649_fri_c0_500_5,500,5,2,139.88101901638782,116.62968228040818,23.25133673597965,1
650_fri_c0_500_50,500,50,2,82.98869237345741,79.40884514947017,3.579847223987244,1
651_fri_c0_100_25,100,25,2,19.350927186175426,19.21910066007181,0.131826526103616,1
653_fri_c0_250_25,250,25,2,53.50783355876399,52.43768056796455,1.0701529907994427,1
654_fri_c0_500_10,500,10,2,73.96841186138823,66.7009032718434,7.267508589544832,1
656_fri_c1_100_5,100,5,2,33.545178185594295,10.111277963211425,23.43390022238287,1
657_fri_c2_250_10,250,10,2,54.96734624663486,26.100999152944667,28.866347093690194,1
658_fri_c3_250_25,250,25,2,40.38868812840718,23.6030147602211,16.78567336818608,1
659_sleuth_ex1714,47,7,2,126395847.08591613,118826551.68177518,7569295.404140949,1
663_rabe_266,120,2,2,217941.63333333345,213514.97999999998,4426.653333333466,1
665_sleuth_case2002,147,6,2,5440.556647383368,5417.909297052156,22.647350331211783,1
666_rmftsa_ladata,508,10,2,1686.0013464447095,1352.426999493763,333.5743469509464,1
678_visualizing_environmental,111,3,2,373.6760294375456,372.69353572719837,0.982493710347228,1
690_visualizing_galaxy,323,4,2,1153305.60660912,511272.5104345521,642033.0961745679,1
695_chatfield_4,235,12,2,283894.6551231226,281607.24678548437,2287.4083376382478,1
706_sleuth_case1202,93,6,2,97896.55647487578,54073.81633064523,43822.74014423054,1
712_chscase_geyser1,222,2,2,25123.271931519415,20168.33845614617,4954.933475373244,1
banana,5300,2,2,29.558885364342586,18.721077588762796,10.83780777557979,1
titanic,2099,8,2,100.36518460895672,100.36518460895672,0.0,1
1027_ESL,488,4,3,487.8032808919469,487.8032808919469,0.0,1
1028_SWD,1000,10,3,142.74029136765103,62.63852131818061,80.10177004947042,1
1029_LEV,1000,4,3,237.69981347709205,209.82105759896513,27.878755878126924,1
1030_ERA,1000,4,3,459.5851312549387,449.7534508480521,9.831680406886562,1
1089_USCrime,47,13,3,43993.00714285707,39789.29032258058,4203.716820276495,1
1096_FacultySalaries,50,4,3,550.446606513699,516.1470763061575,34.299530207541466,1
1193_BNG_lowbwt,31104,9,3,8827403505.520039,8827403505.520039,0.0,1
1199_BNG_echoMonths,17496,9,3,1776435.1192998951,1776435.1192998942,9.313225746154785e-10,1
197_cpu_act,8192,21,3,2019329.5172935305,661893.1008401259,1357436.4164534046,1
201_pol,15000,48,3,2972229.327154126,2696673.5705566783,275555.7565974477,1
210_cloud,108,5,3,62.96158369349993,62.80010386561653,0.16147982788340443,1
215_2dplanes,40768,10,3,360249.67296466755,360249.6729646675,5.820766091346741e-11,1
218_house_8L,22784,8,3,14914966506743.297,14070190330023.334,844776176719.9629,1
225_puma8NH,8192,8,3,69080.37609070346,66440.46711084171,2639.9089798617497,1
227_cpu_small,8192,12,3,303184.72667621006,278021.14305690094,25163.583619309124,1
228_elusage,55,2,3,20703.341656126602,11259.78654863163,9443.555107494973,1
229_pwLinear,200,10,3,1865.6042169350444,1865.6042169350444,0.0,1
230_machine_cpu,209,6,3,2985536.486316956,2985536.486316956,0.0,1
294_satellite_image,6435,36,3,14250.607473665907,13917.057051547874,333.55042211803266,1
344_mv,40768,10,3,1041784.9986452986,1041784.9986452986,0.0,1
4544_GeographicalOriginalofMusic,1059,117,3,323.1854703174938,313.7750591979132,9.410411119580601,1
485_analcatdata_vehicle,48,4,3,2112182.520833334,2112182.520833334,0.0,1
503_wind,6574,14,3,89339.1390068031,89273.90993039447,65.22907640863559,1
505_tecator,240,124,3,35228.97252736298,29412.952801817824,5816.019725545157,1
519_vinnie,380,2,3,1798.909569377989,1781.0089117023347,17.90065767565443,1
522_pm10,500,7,3,38.459338673717895,33.99136523157114,4.467973442146757,1
523_analcatdata_neavote,100,2,3,1486.3531313131318,1411.3855716586156,74.96755965451621,1
527_analcatdata_election2000,67,14,3,277785369121.9359,271464257171.91187,6321111950.024048,1
529_pollen,3848,4,3,7977.571089417968,7879.011821771894,98.55926764607466,1
537_houses,20640,8,3,78283459576566.61,9030674237874.998,69252785338691.61,1
542_pollution,60,15,3,69845.68783118762,68220.99818525242,1624.6896459351992,1
547_no2,500,7,3,62.53101982499467,57.69872196338065,4.832297861614023,1
556_analcatdata_apnea2,475,3,3,236028234.8214035,70988265.2889472,165039969.5324563,1
557_analcatdata_apnea1,475,3,3,230715560.89263248,68277237.3557904,162438323.53684208,1
560_bodyfat,252,14,3,11863.062074798456,4461.59383694347,7401.468237854986,1
561_cpu,209,7,3,3098535.468876182,3098535.468876182,0.0,1
562_cpu_small,8192,12,3,303184.72667621006,278021.14305690094,25163.583619309124,1
564_fried,40768,10,3,267148.69579434267,267099.86019083444,48.83560350822518,1
573_cpu_act,8192,21,3,2019329.5172935305,661893.1008401259,1357436.4164534046,1
574_house_16H,22784,16,3,7441069185796.75,5806943084805.324,1634126100991.4258,1
579_fri_c0_250_5,250,5,3,40.05912039993859,31.409043949394714,8.650076450543878,1
581_fri_c3_500_25,500,25,3,70.45364152016685,67.5283823330762,2.92525918709066,1
582_fri_c1_500_25,500,25,3,68.09238732532782,64.372443431482,3.719943893845823,1
583_fri_c1_1000_50,1000,50,3,192.20011863810646,122.89477059316619,69.30534804494027,1
584_fri_c4_500_25,500,25,3,69.37890079816287,67.15171873944274,2.227182058720132,1
586_fri_c3_1000_25,1000,25,3,161.53113557974177,143.32788530798038,18.20325027176139,1
588_fri_c4_1000_100,1000,100,3,166.2811349497157,164.64818372173067,1.6329512279850178,1
589_fri_c2_1000_25,1000,25,3,300.5725225534592,236.44201442542237,64.13050812803681,1
590_fri_c0_1000_50,1000,50,3,192.3910149298398,168.4714778205883,23.919537109251507,1
591_fri_c1_100_10,100,10,3,23.296362549201675,22.19823813478141,1.0981244144202655,1
592_fri_c4_1000_25,1000,25,3,164.7711998298999,148.42587692994502,16.34532289995488,1
593_fri_c1_1000_10,1000,10,3,237.51588813641774,132.61763645860276,104.89825167781498,1
594_fri_c2_100_5,100,5,3,40.521197236258764,38.15784410163412,2.3633531346246457,1
595_fri_c0_1000_10,1000,10,3,240.80526568915167,228.6400913072619,12.165174381889756,1
596_fri_c2_250_5,250,5,3,75.15756987390063,61.2282736012136,13.929296272687026,1
597_fri_c2_500_5,500,5,3,131.55326505607547,123.23782203291756,8.315443023157911,1
598_fri_c0_1000_25,1000,25,3,165.5865871274027,152.76334012838714,12.823246999015566,1
599_fri_c2_1000_5,1000,5,3,384.7294610638193,338.4121025915347,46.31735847228464,1
601_fri_c1_250_5,250,5,3,64.82457519994261,57.10391292671606,7.7206622732265515,1
602_fri_c3_250_10,250,10,3,31.894690590794568,27.918013404825203,3.976677185969365,1
603_fri_c0_250_50,250,50,3,47.25482379050786,46.50779188348511,0.7470319070227447,1
604_fri_c4_500_10,500,10,3,90.08430001826909,75.57547021380873,14.508829804460362,1
605_fri_c2_250_25,250,25,3,74.08106923255934,51.65824127295477,22.422827959604575,1
606_fri_c2_1000_10,1000,10,3,314.5011536952498,249.6692279859435,64.83192570930629,1
607_fri_c4_1000_50,1000,50,3,144.72858260912903,111.93870143296363,32.78988117616541,1
608_fri_c3_1000_10,1000,10,3,155.06708596637236,143.1322311488949,11.934854817477458,1
609_fri_c0_1000_5,1000,5,3,251.66993985613908,181.67399199762576,69.99594785851332,1
611_fri_c3_100_5,100,5,3,15.228874088174415,14.987007349322607,0.2418667388518081,1
612_fri_c1_1000_5,1000,5,3,228.08446459377575,220.4377032051001,7.646761388675657,1
613_fri_c3_250_5,250,5,3,40.34665790293673,40.28409387210914,0.06256403082758766,1
615_fri_c4_250_10,250,10,3,58.312047066580135,53.37047092032954,4.941576146250597,1
616_fri_c4_500_50,500,50,3,70.20599483927384,68.36804433008278,1.8379505091910602,1
617_fri_c3_500_5,500,5,3,63.29834981516552,61.88715240940542,1.411197405760106,1
618_fri_c3_1000_50,1000,50,3,127.57905563016334,116.86285792026314,10.7161977099002,1
620_fri_c1_1000_25,1000,25,3,215.14667776588203,160.6501219870629,54.49655577881913,1
621_fri_c0_100_10,100,10,3,19.52067533377553,15.19179721900013,4.328878114775399,1
622_fri_c2_1000_50,1000,50,3,288.2665083207198,218.9494326535447,69.31707566717512,1
623_fri_c4_1000_10,1000,10,3,177.08014279350868,157.74381160488804,19.336331188620647,1
624_fri_c0_100_5,100,5,3,24.88352442798263,21.782824073768502,3.1007003542141263,1
626_fri_c2_500_50,500,50,3,145.69382078535494,120.67905631042004,25.014764474934907,1
627_fri_c2_500_10,500,10,3,139.57107394020346,135.24366331103784,4.327410629165627,1
628_fri_c3_1000_5,1000,5,3,151.3125023195256,132.8937341128509,18.418768206674713,1
631_fri_c1_500_5,500,5,3,109.50296292055225,106.58635926116438,2.9166036593878744,1
633_fri_c0_500_25,500,25,3,125.34281736179841,84.30651780409524,41.036299557703174,1
634_fri_c2_100_10,100,10,3,44.35869216780321,28.226434888421657,16.132257279381555,1
635_fri_c0_250_10,250,10,3,66.4572891640875,63.657924981407234,2.7993641826802644,1
637_fri_c1_500_50,500,50,3,91.7115389318871,64.15097365440141,27.560565277485694,1
641_fri_c1_500_10,500,10,3,90.6144135875083,67.94405570452142,22.670357882986877,1
643_fri_c2_500_25,500,25,3,117.9557224874178,90.30989946282,27.645823024597803,1
644_fri_c4_250_25,250,25,3,52.06493065873042,37.95385909861101,14.111071560119406,1
645_fri_c3_500_50,500,50,3,73.23420907688725,71.693905952341,1.5403031245462557,1
646_fri_c3_500_10,500,10,3,79.05400266560967,70.72140633742308,8.332596328186597,1
647_fri_c1_250_10,250,10,3,69.7638502291977,46.79693871311389,22.96691151608381,1
648_fri_c1_250_50,250,50,3,59.74210549399625,46.00535290199173,13.736752592004521,1
649_fri_c0_500_5,500,5,3,96.97036848895209,96.49459568051577,0.475772808436318,1
650_fri_c0_500_50,500,50,3,115.5437048174135,93.05803051985593,22.485674297557566,1
651_fri_c0_100_25,100,25,3,23.565256969093056,22.843116888082765,0.7221400810102914,1
653_fri_c0_250_25,250,25,3,44.30976021093808,43.33879288977287,0.9709673211652117,1
654_fri_c0_500_10,500,10,3,131.140915237657,123.33920702383725,7.801708213819751,1
656_fri_c1_100_5,100,5,3,41.69826686812997,41.69826686812997,0.0,1
657_fri_c2_250_10,250,10,3,83.5712550950681,72.87765504103052,10.693600054037574,1
658_fri_c3_250_25,250,25,3,39.16122146906602,34.62443767066796,4.536783798398062,1
659_sleuth_ex1714,47,7,3,126880626.02213489,126823536.82608,57089.19605489075,1
663_rabe_266,120,2,3,209258.40857142865,161713.61111111104,47544.79746031761,1
665_sleuth_case2002,147,6,3,4901.280282655711,2842.488038829725,2058.7922438259857,1
666_rmftsa_ladata,508,10,3,1506.7795537703978,1395.161550151564,111.61800361883388,1
678_visualizing_environmental,111,3,3,474.0331506447303,420.75699933466774,53.27615131006257,1
690_visualizing_galaxy,323,4,3,1829644.06061864,1810876.5625211308,18767.498097509146,1
695_chatfield_4,235,12,3,221581.49138733716,221084.60645541787,496.88493191928137,1
706_sleuth_case1202,93,6,3,372294.31532463245,358417.63309200876,13876.682232623687,1
712_chscase_geyser1,222,2,3,26517.58575028731,26454.843590393644,62.74215989366712,1
banana,5300,2,3,35.62584602178481,23.851332033748804,11.774513988036006,1
titanic,2099,8,3,100.36518460895672,100.36518460895672,0.0,1
1027_ESL,488,4,4,382.7147607158477,346.46641696678313,36.24834374906459,1
1028_SWD,1000,10,4,142.74029136765103,110.81098369382079,31.929307673830237,1
1029_LEV,1000,4,4,237.69981347709205,237.69981347709205,0.0,1
1030_ERA,1000,4,4,740.1634626493048,653.930840342221,86.23262230708383,1
1089_USCrime,47,13,4,45899.32805429883,45622.695652173825,276.63240212500386,1
1096_FacultySalaries,50,4,4,578.9312059465683,552.3302519546387,26.6009539919296,1
1193_BNG_lowbwt,31104,9,4,8827403505.52006,8827403505.520042,1.71661376953125e-05,1
1199_BNG_echoMonths,17496,9,4,1776435.1192998951,1776435.1192998947,4.656612873077393e-10,1
197_cpu_act,8192,21,4,2148000.952401744,2148000.952401744,0.0,1
201_pol,15000,48,4,4426139.12590556,4376388.916812509,49750.20909305103,1
210_cloud,108,5,4,61.50972230877649,61.12749886486736,0.3822234439091261,1
215_2dplanes,40768,10,4,360249.67296466755,360249.67296466744,1.1641532182693481e-10,1
218_house_8L,22784,8,4,15915179441162.598,10715198328552.11,5199981112610.488,1
225_puma8NH,8192,8,4,69632.557282752,62543.64830398922,7088.9089787627745,1
227_cpu_small,8192,12,4,2148000.952401744,2148000.952401744,0.0,1
228_elusage,55,2,4,19354.78068938629,3224.5600939861624,16130.22059540013,1
229_pwLinear,200,10,4,1865.6042169350444,1865.6042169350444,0.0,1
230_machine_cpu,209,6,4,2985536.486316956,2985536.486316956,0.0,1
294_satellite_image,6435,36,4,13987.53399311663,13526.664735102586,460.86925801404504,1
344_mv,40768,10,4,1765348.402480625,1159539.1716027518,605809.2308778733,1
4544_GeographicalOriginalofMusic,1059,117,4,334.28372477702453,333.20434072177915,1.0793840552453844,1
485_analcatdata_vehicle,48,4,4,2112182.520833334,2112182.520833334,0.0,1
503_wind,6574,14,4,67626.69458584377,66758.0782523601,868.6163334836747,1
505_tecator,240,124,4,36634.11007947025,35048.99354805834,1585.1165314119135,1
519_vinnie,380,2,4,1798.909569377989,1625.1054695562452,173.80409982174388,1
522_pm10,500,7,4,45.9019984442173,43.8087271704581,2.0932712737592,1
523_analcatdata_neavote,100,2,4,1486.3531313131318,1411.3855716586156,74.96755965451621,1
527_analcatdata_election2000,67,14,4,277785369121.9359,271464257171.91187,6321111950.024048,1
529_pollen,3848,4,4,2971.117239111176,2573.0251540981117,398.0920850130642,1
537_houses,20640,8,4,52674560895061.03,14846964335820.758,37827596559240.27,1
542_pollution,60,15,4,63250.91857412609,52760.138061363716,10490.780512762372,1
547_no2,500,7,4,66.25359899571905,63.6430660738349,2.6105329218841433,1
556_analcatdata_apnea2,475,3,4,236028234.8214035,231184121.93719292,4844112.884210587,1
557_analcatdata_apnea1,475,3,4,261484785.90315914,261484785.90315914,0.0,1
560_bodyfat,252,14,4,11242.73300915739,9648.931611839631,1593.8013973177585,1
561_cpu,209,7,4,2238539.9571381006,1937664.8692661314,300875.0878719692,1
562_cpu_small,8192,12,4,2148000.952401744,2148000.952401744,0.0,1
564_fried,40768,10,4,143769.11249377707,137254.79946107778,6514.313032699283,1
573_cpu_act,8192,21,4,2148000.952401744,2148000.952401744,0.0,1
574_house_16H,22784,16,4,6315601101460.047,5741604666338.801,573996435121.2461,1
579_fri_c0_250_5,250,5,4,57.612701321677875,51.410997886998445,6.20170343467943,1
581_fri_c3_500_25,500,25,4,70.38177928684291,57.617552877095946,12.764226409746968,1
582_fri_c1_500_25,500,25,4,34.34926144544596,23.81060134137516,10.5386601040708,1
583_fri_c1_1000_50,1000,50,4,241.2381230846314,237.27016404552091,3.9679590391104966,1
584_fri_c4_500_25,500,25,4,58.607279143883716,51.391712842479805,7.215566301403911,1
586_fri_c3_1000_25,1000,25,4,142.67844478349184,133.16169621152625,9.516748571965593,1
588_fri_c4_1000_100,1000,100,4,155.5990425038587,152.63627626934408,2.9627662345146177,1
589_fri_c2_1000_25,1000,25,4,51.372114169812164,39.32199218319596,12.050121986616205,1
590_fri_c0_1000_50,1000,50,4,249.17322223845747,204.01817944056066,45.15504279789681,1
591_fri_c1_100_10,100,10,4,30.570711513048792,6.096620147381088,24.474091365667704,1
592_fri_c4_1000_25,1000,25,4,108.61247735802216,107.7695307904633,0.8429465675588546,1
593_fri_c1_1000_10,1000,10,4,83.4768580725522,58.96206404565601,24.514794026896197,1
594_fri_c2_100_5,100,5,4,33.62389853491865,8.61288950089125,25.011009034027403,1
595_fri_c0_1000_10,1000,10,4,161.09653498378543,157.5845834532579,3.51195153052754,1
596_fri_c2_250_5,250,5,4,50.06829288159679,17.43042114260321,32.63787173899358,1
597_fri_c2_500_5,500,5,4,120.6886820652631,25.476491277172897,95.2121907880902,1
598_fri_c0_1000_25,1000,25,4,123.40691226185879,120.83558500668757,2.5713272551712265,1
599_fri_c2_1000_5,1000,5,4,144.0550184092026,65.79277327875116,78.26224513045145,1
601_fri_c1_250_5,250,5,4,37.38125952141765,29.567264165422117,7.81399535599553,1
602_fri_c3_250_10,250,10,4,47.57674644972511,43.37772998102708,4.1990164686980265,1
603_fri_c0_250_50,250,50,4,56.397760101736154,55.506739268239166,0.891020833496988,1
604_fri_c4_500_10,500,10,4,79.41992326514254,71.91748243821401,7.5024408269285345,1
605_fri_c2_250_25,250,25,4,51.95038519326138,11.664272854215596,40.286112339045786,1
606_fri_c2_1000_10,1000,10,4,88.14504992840031,36.80873775405087,51.336312174349445,1
607_fri_c4_1000_50,1000,50,4,187.25113338685208,178.02318280675286,9.227950580099218,1
608_fri_c3_1000_10,1000,10,4,153.92538334244864,144.00863455911852,9.91674878333012,1
609_fri_c0_1000_5,1000,5,4,239.62826884515118,226.99739906294406,12.630869782207128,1
611_fri_c3_100_5,100,5,4,21.000957135263494,18.70906426143614,2.2918928738273543,1
612_fri_c1_1000_5,1000,5,4,224.77117041922827,102.68592026510021,122.08525015412806,1
613_fri_c3_250_5,250,5,4,54.0946327489074,48.65424767333265,5.440385075574753,1
615_fri_c4_250_10,250,10,4,44.34361381210256,38.32482921808432,6.018784594018243,1
616_fri_c4_500_50,500,50,4,88.26847289191281,83.96810058417971,4.300372307733099,1
617_fri_c3_500_5,500,5,4,76.63658271465772,69.13794364793834,7.498639066719377,1
618_fri_c3_1000_50,1000,50,4,150.2276045157057,144.7165774429524,5.511027072753308,1
620_fri_c1_1000_25,1000,25,4,227.70907848355267,80.82860846707865,146.88047001647402,1
621_fri_c0_100_10,100,10,4,14.342302129260801,11.481922446723331,2.86037968253747,1
622_fri_c2_1000_50,1000,50,4,379.09474389004475,346.79060233367477,32.304141556369984,1
623_fri_c4_1000_10,1000,10,4,126.70594438567434,102.14583654383398,24.560107841840363,1
624_fri_c0_100_5,100,5,4,14.425937864521842,14.114915755847193,0.3110221086746492,1
626_fri_c2_500_50,500,50,4,179.57597781531982,178.47066311309493,1.105314702224888,1
627_fri_c2_500_10,500,10,4,76.95657021514984,14.409478387211323,62.547091827938516,1
628_fri_c3_1000_5,1000,5,4,151.40076589426815,133.3272866529431,18.07347924132506,1
631_fri_c1_500_5,500,5,4,95.88722293455123,40.851818131849456,55.03540480270178,1
633_fri_c0_500_25,500,25,4,74.93221882628194,72.64546967916161,2.2867491471203323,1
634_fri_c2_100_10,100,10,4,45.34422779412634,7.643181691665426,37.701046102460914,1
635_fri_c0_250_10,250,10,4,64.26777230981361,35.152172395285135,29.115599914528474,1
637_fri_c1_500_50,500,50,4,120.94979466099142,119.9154700901039,1.0343245708875202,1
641_fri_c1_500_10,500,10,4,76.17560076972603,20.140125682649,56.03547508707703,1
643_fri_c2_500_25,500,25,4,20.05145281993373,9.499083561580562,10.552369258353167,1
644_fri_c4_250_25,250,25,4,45.140106110699804,35.54403060009395,9.596075510605857,1
645_fri_c3_500_50,500,50,4,106.63133626904951,104.44909929370522,2.1822369753442956,1
646_fri_c3_500_10,500,10,4,82.92274857532192,79.5663188241182,3.35642975120372,1
647_fri_c1_250_10,250,10,4,30.521609327565102,17.315371060250698,13.206238267314404,1
648_fri_c1_250_50,250,50,4,75.35205833510086,68.93265222553491,6.419406109565955,1
649_fri_c0_500_5,500,5,4,151.27598676991664,139.82141234743494,11.454574422481699,1
650_fri_c0_500_50,500,50,4,125.05315168551681,121.59201429605174,3.4611373894650654,1
651_fri_c0_100_25,100,25,4,17.771005149322022,17.097897525215988,0.6731076241060343,1
653_fri_c0_250_25,250,25,4,52.43768056796455,50.52177898096728,1.915901586997272,1
654_fri_c0_500_10,500,10,4,69.41713731708529,59.7268645920397,9.690272725045588,1
656_fri_c1_100_5,100,5,4,15.44499545213614,13.201337002220697,2.2436584499154435,1
657_fri_c2_250_10,250,10,4,47.73822492015576,13.74266506323319,33.99555985692257,1
658_fri_c3_250_25,250,25,4,25.900145515562286,23.848909666876033,2.051235848686254,1
659_sleuth_ex1714,47,7,4,161188942.05592275,156772859.2623584,4416082.793564349,1
663_rabe_266,120,2,4,213514.97999999998,120813.66000000005,92701.31999999993,1
665_sleuth_case2002,147,6,4,4901.280282655711,4726.395866038722,174.88441661698926,1
666_rmftsa_ladata,508,10,4,1117.3322517624051,814.6605901759673,302.67166158643784,1
678_visualizing_environmental,111,3,4,284.52760423849224,242.69992183419197,41.827682404300276,1
690_visualizing_galaxy,323,4,4,1810876.5625211308,1529502.5318265092,281374.0306946216,1
695_chatfield_4,235,12,4,207467.2531032347,205988.2807692206,1478.9723340140772,1
706_sleuth_case1202,93,6,4,364787.4240706728,292121.9568821159,72665.46718855685,1
712_chscase_geyser1,222,2,4,23206.25504536243,19081.62717785854,4124.627867503892,1
banana,5300,2,4,21.964042134506258,11.781725389068871,10.182316745437387,1
titanic,2099,8,4,100.36518460895672,100.36518460895672,0.0,1
1027_ESL,488,4,5,487.8032808919469,487.8032808919469,0.0,1
1028_SWD,1000,10,5,142.74029136765103,142.74029136765103,0.0,1
1029_LEV,1000,4,5,156.52341805159602,125.81091219096345,30.712505860632575,1
1030_ERA,1000,4,5,521.8836867321838,477.78907987753155,44.094606854652284,1
1089_USCrime,47,13,5,41876.99999999987,39789.29032258058,2087.7096774192905,1
1096_FacultySalaries,50,4,5,571.6008121154359,524.6696319467983,46.93118016863764,1
1193_BNG_lowbwt,31104,9,5,8827403505.520039,8827403505.520058,-1.9073486328125e-05,0
1199_BNG_echoMonths,17496,9,5,1776435.1192998951,1776435.1192998951,0.0,1
197_cpu_act,8192,21,5,2148000.952401744,2148000.952401744,0.0,1
201_pol,15000,48,5,1275890.6416503526,1177854.9696296402,98035.6720207124,1
210_cloud,108,5,5,61.6075135755024,61.12749886486736,0.4800147106350394,1
215_2dplanes,40768,10,5,360249.67296466755,360249.6729646676,-5.820766091346741e-11,0
218_house_8L,22784,8,5,7155344079184.555,1111688858874.6875,6043655220309.867,1
225_puma8NH,8192,8,5,38262.96841060208,23469.488985604738,14793.479424997342,1
227_cpu_small,8192,12,5,2148000.952401744,2148000.952401744,0.0,1
228_elusage,55,2,5,19359.260006051387,15415.987586965824,3943.2724190855624,1
229_pwLinear,200,10,5,1865.6042169350444,1865.6042169350444,0.0,1
230_machine_cpu,209,6,5,2985536.486316956,2985536.486316956,0.0,1
294_satellite_image,6435,36,5,13868.541494695259,13157.176234323124,711.3652603721348,1
344_mv,40768,10,5,1041784.9986452986,1041784.9986452982,4.656612873077393e-10,1
4544_GeographicalOriginalofMusic,1059,117,5,392.9731224332868,392.94089278572574,0.03222964756105284,1
485_analcatdata_vehicle,48,4,5,2112182.520833334,2112182.520833334,0.0,1
503_wind,6574,14,5,125736.33337532918,122405.69006391648,3330.6433114126994,1
505_tecator,240,124,5,37109.40159843071,37032.57499857291,76.82659985779901,1
519_vinnie,380,2,5,1629.5100185758536,823.522432883362,805.9875856924916,1
522_pm10,500,7,5,22.01314475292287,8.2230741970601,13.79007055586277,1
523_analcatdata_neavote,100,2,5,1486.3531313131318,1411.3855716586156,74.96755965451621,1
527_analcatdata_election2000,67,14,5,277785369121.9359,277785369121.9359,0.0,1
529_pollen,3848,4,5,7786.788851274914,5213.4135182008795,2573.3753330740346,1
537_houses,20640,8,5,85081701075638.0,74074371204920.36,11007329870717.64,1
542_pollution,60,15,5,46033.990006384556,43286.02819758793,2747.961808796623,1
547_no2,500,7,5,60.60631206357725,20.22891087992599,40.37740118365126,1
556_analcatdata_apnea2,475,3,5,236028234.8214035,75216828.08894695,160811406.73245656,1
557_analcatdata_apnea1,475,3,5,230715560.89263248,70887402.11368474,159828158.77894774,1
560_bodyfat,252,14,5,11730.168875856996,9515.829257742922,2214.3396181140743,1
561_cpu,209,7,5,3098535.468876182,2776790.492785967,321744.97609021515,1
562_cpu_small,8192,12,5,2148000.952401744,2148000.952401744,0.0,1
564_fried,40768,10,5,222840.07770598994,171102.21817648134,51737.8595295086,1
573_cpu_act,8192,21,5,2148000.952401744,2148000.952401744,0.0,1
574_house_16H,22784,16,5,7026341196503.902,2232534387822.3945,4793806808681.508,1
579_fri_c0_250_5,250,5,5,55.27845776228949,50.06213404804265,5.21632371424684,1
581_fri_c3_500_25,500,25,5,91.23132489462989,91.04514148350049,0.18618341112940584,1
582_fri_c1_500_25,500,25,5,95.64746103584775,65.47229865801017,30.17516237783758,1
583_fri_c1_1000_50,1000,50,5,158.816745778552,128.21157448339352,30.60517129515847,1
584_fri_c4_500_25,500,25,5,77.67536317597273,77.39292847629622,0.28243469967651436,1
586_fri_c3_1000_25,1000,25,5,167.32558207094098,167.24369102457348,0.08189104636750244,1
588_fri_c4_1000_100,1000,100,5,128.85912253545249,126.99569514985026,1.8634273856022219,1
589_fri_c2_1000_25,1000,25,5,174.88015180101297,43.964043481810165,130.9161083192028,1
590_fri_c0_1000_50,1000,50,5,256.1063685638267,235.43880239034036,20.667566173486364,1
591_fri_c1_100_10,100,10,5,33.89011424521461,6.541570113600351,27.34854413161426,1
592_fri_c4_1000_25,1000,25,5,162.5159416598961,152.27466567682592,10.241275983070182,1
593_fri_c1_1000_10,1000,10,5,109.39728258196385,98.68533933307796,10.711943248885888,1
594_fri_c2_100_5,100,5,5,26.010527768645602,8.940731124648227,17.069796643997375,1
595_fri_c0_1000_10,1000,10,5,166.7127122463055,152.23241121768265,14.480301028622847,1
596_fri_c2_250_5,250,5,5,29.960838438994372,26.843732856340125,3.117105582654247,1
597_fri_c2_500_5,500,5,5,138.54592889587255,51.85260120340416,86.69332769246839,1
598_fri_c0_1000_25,1000,25,5,236.3175220547231,199.78238432048977,36.53513773423333,1
599_fri_c2_1000_5,1000,5,5,183.56702873258337,66.90363069876656,116.6633980338168,1
601_fri_c1_250_5,250,5,5,41.26313902470264,29.58763049842625,11.675508526276388,1
602_fri_c3_250_10,250,10,5,30.396775568827707,26.541054384606802,3.8557211842209043,1
603_fri_c0_250_50,250,50,5,63.34252765736231,54.79527121939985,8.54725643796246,1
604_fri_c4_500_10,500,10,5,74.48796769597533,65.6131313930722,8.874836302903134,1
605_fri_c2_250_25,250,25,5,58.877470903887215,14.332628159055943,44.54484274483127,1
606_fri_c2_1000_10,1000,10,5,127.01613955863024,33.96367662888858,93.05246292974167,1
607_fri_c4_1000_50,1000,50,5,139.60147510876743,115.08396064738258,24.51751446138485,1
608_fri_c3_1000_10,1000,10,5,139.98131426436817,131.00716622260387,8.974148041764295,1
609_fri_c0_1000_5,1000,5,5,228.70564681129565,224.06812169160366,4.637525119691986,1
611_fri_c3_100_5,100,5,5,21.000957135263494,19.721169784168687,1.2797873510948072,1
612_fri_c1_1000_5,1000,5,5,193.57132564135998,101.26131083649739,92.31001480486259,1
613_fri_c3_250_5,250,5,5,55.49748072547072,51.45159608716824,4.045884638302482,1
615_fri_c4_250_10,250,10,5,43.10249344998181,42.275878281262024,0.8266151687197834,1
616_fri_c4_500_50,500,50,5,61.62636685765892,57.977372657970875,3.6489941996880475,1
617_fri_c3_500_5,500,5,5,76.63658271465772,63.437324853322906,13.199257861334814,1
618_fri_c3_1000_50,1000,50,5,140.46357395837128,139.67364210445783,0.7899318539134583,1
620_fri_c1_1000_25,1000,25,5,186.22456851383595,119.28437396737002,66.94019454646593,1
621_fri_c0_100_10,100,10,5,14.762458710320573,14.594209638557487,0.16824907176308557,1
622_fri_c2_1000_50,1000,50,5,145.98988454781215,43.245381690567456,102.7445028572447,1
623_fri_c4_1000_10,1000,10,5,133.87860043532294,101.2684678819898,32.61013255333313,1
624_fri_c0_100_5,100,5,5,31.85759470663264,29.137515494747625,2.7200792118850146,1
626_fri_c2_500_50,500,50,5,148.71090279360524,46.55412058511905,102.15678220848619,1
627_fri_c2_500_10,500,10,5,176.56045066946467,21.947068671532236,154.61338199793244,1
628_fri_c3_1000_5,1000,5,5,138.36934407285923,130.38556594785547,7.9837781250037665,1
631_fri_c1_500_5,500,5,5,113.73552921521076,43.82780241742532,69.90772679778544,1
633_fri_c0_500_25,500,25,5,124.22769323886678,121.3728651038268,2.8548281350399805,1
634_fri_c2_100_10,100,10,5,31.20022431867276,6.619459577632014,24.580764741040745,1
635_fri_c0_250_10,250,10,5,45.926558843952535,44.980613047855456,0.9459457960970781,1
637_fri_c1_500_50,500,50,5,107.72784640534738,40.22268709143066,67.50515931391672,1
641_fri_c1_500_10,500,10,5,110.11787502511439,68.43785015598388,41.680024869130506,1
643_fri_c2_500_25,500,25,5,142.1821671548086,25.19135778806327,116.99080936674534,1
644_fri_c4_250_25,250,25,5,50.61925198165787,48.25853425878843,2.3607177228694383,1
645_fri_c3_500_50,500,50,5,88.89230538186084,78.96300866177421,9.929296720086626,1
646_fri_c3_500_10,500,10,5,82.92274857532192,71.73343270225809,11.189315873063833,1
647_fri_c1_250_10,250,10,5,34.187401772102675,26.812387509588483,7.375014262514192,1
648_fri_c1_250_50,250,50,5,35.76126685435791,28.34948272234763,7.411784132010283,1
649_fri_c0_500_5,500,5,5,149.20062887996153,140.61810916676774,8.58251971319379,1
650_fri_c0_500_50,500,50,5,134.84407059563728,133.23227749357113,1.6117931020661445,1
651_fri_c0_100_25,100,25,5,27.13604672020918,25.223056567022134,1.912990153187046,1
653_fri_c0_250_25,250,25,5,47.2581463874327,46.744027134913495,0.5141192525192082,1
654_fri_c0_500_10,500,10,5,73.35150571881934,70.61022026718845,2.741285451630887,1
656_fri_c1_100_5,100,5,5,15.451906252006928,10.676727542271877,4.7751787097350515,1
657_fri_c2_250_10,250,10,5,56.056206901155775,12.082611714348388,43.97359518680739,1
658_fri_c3_250_25,250,25,5,41.15779273227122,38.93611815538212,2.2216745768891,1
659_sleuth_ex1714,47,7,5,156279403.78728753,142208448.38350803,14070955.403779507,1
663_rabe_266,120,2,5,196482.03750000003,191704.53750000003,4777.5,1
665_sleuth_case2002,147,6,5,3787.608503401362,3630.787854301555,156.82064909980727,1
666_rmftsa_ladata,508,10,5,1657.9915557436,1180.4670830976384,477.5244726459616,1
678_visualizing_environmental,111,3,5,296.4170033332525,251.49412976671812,44.922873566534406,1
690_visualizing_galaxy,323,4,5,924166.9156405716,861918.9571800176,62247.958460554015,1
695_chatfield_4,235,12,5,238602.301910965,238158.91614475977,443.38576620523236,1
706_sleuth_case1202,93,6,5,365724.66716898914,345392.5782624637,20332.08890652546,1
712_chscase_geyser1,222,2,5,26517.58575028731,25617.04460289639,900.5411473909226,1
banana,5300,2,5,40.90542013441109,37.731483981667,3.1739361527440906,1
titanic,2099,8,5,100.36518460895672,100.36518460895672,0.0,1
1027_ESL,488,4,6,406.27201649102346,401.6278671676271,4.644149323396391,1
1028_SWD,1000,10,6,142.74029136765103,142.74029136765103,0.0,1
1029_LEV,1000,4,6,237.69981347709205,237.69981347709205,0.0,1
1030_ERA,1000,4,6,477.78907987753155,443.197579414262,34.59150046326954,1
1089_USCrime,47,13,6,45899.32805429883,39789.29032258058,6110.03773171825,1
1096_FacultySalaries,50,4,6,604.0807805329587,592.1710056827237,11.909774850234953,1
1193_BNG_lowbwt,31104,9,6,8827403505.520039,8827403505.52003,9.5367431640625e-06,1
1199_BNG_echoMonths,17496,9,6,1776435.1192998951,1776435.1192998947,4.656612873077393e-10,1
197_cpu_act,8192,21,6,300372.23446334945,288725.81286354165,11646.4215998078,1
201_pol,15000,48,6,4475664.474411235,4474016.560991223,1647.9134200122207,1
210_cloud,108,5,6,62.96158369349997,62.96158369349997,0.0,1
215_2dplanes,40768,10,6,360249.6729646676,360249.67296466755,5.820766091346741e-11,1
218_house_8L,22784,8,6,2883081138275.5303,2395144228598.582,487936909676.94824,1
225_puma8NH,8192,8,6,58348.07945116001,24591.22107444849,33756.85837671152,1
227_cpu_small,8192,12,6,2148000.952401744,2148000.952401744,0.0,1
228_elusage,55,2,6,20703.341656126617,20703.341656126617,0.0,1
229_pwLinear,200,10,6,1865.6042169350444,1865.604216935044,4.547473508864641e-13,1
230_machine_cpu,209,6,6,2279093.320857787,2036285.497518868,242807.8233389191,1
294_satellite_image,6435,36,6,15592.028171687536,15171.194821008743,420.83335067879307,1
344_mv,40768,10,6,1041784.9986452986,1041784.9986452986,0.0,1
4544_GeographicalOriginalofMusic,1059,117,6,293.2104794007555,263.82952623207063,29.38095316868487,1
485_analcatdata_vehicle,48,4,6,2112182.520833334,2112182.520833334,0.0,1
503_wind,6574,14,6,98840.3191583961,95774.9682475705,3065.3509108255967,1
505_tecator,240,124,6,34608.69887192045,33849.032777664645,759.6660942558083,1
519_vinnie,380,2,6,1042.2119145511601,897.9745232646827,144.23739128647742,1
522_pm10,500,7,6,15.159084917994448,15.041361488641598,0.11772342935284996,1
523_analcatdata_neavote,100,2,6,1486.3531313131318,1411.3855716586156,74.96755965451621,1
527_analcatdata_election2000,67,14,6,277785369121.9359,271464257171.91187,6321111950.024048,1
529_pollen,3848,4,6,7962.955794072186,7813.970474624017,148.98531944816932,1
537_houses,20640,8,6,75750096024506.44,47194734994615.88,28555361029890.555,1
542_pollution,60,15,6,80986.42770403204,70147.44047580077,10838.987228231272,1
547_no2,500,7,6,26.86111095478347,18.983547383682378,7.877563571101092,1
556_analcatdata_apnea2,475,3,6,236028234.8214035,231184121.93719292,4844112.884210587,1
557_analcatdata_apnea1,475,3,6,261484785.90315914,261484785.90315914,0.0,1
560_bodyfat,252,14,6,11181.566402436374,9717.805776124062,1463.7606263123125,1
561_cpu,209,7,6,3098535.468876182,3098535.468876182,0.0,1
562_cpu_small,8192,12,6,2148000.952401744,2148000.952401744,0.0,1
564_fried,40768,10,6,249514.13964606222,214621.27573680982,34892.863909252395,1
573_cpu_act,8192,21,6,300372.23446334945,288725.81286354165,11646.4215998078,1
574_house_16H,22784,16,6,7633410891022.0,7517902473689.617,115508417332.38281,1
579_fri_c0_250_5,250,5,6,40.00276259760028,39.30184975858633,0.7009128390139523,1
581_fri_c3_500_25,500,25,6,68.28522104110567,54.50375122074007,13.7814698203656,1
582_fri_c1_500_25,500,25,6,108.91841773833056,98.00225595969818,10.916161778632386,1
583_fri_c1_1000_50,1000,50,6,283.75670696111183,258.3126686123171,25.44403834879472,1
584_fri_c4_500_25,500,25,6,73.44596517352215,60.92932456397318,12.516640609548972,1
586_fri_c3_1000_25,1000,25,6,143.69415130196285,119.1762896788706,24.517861623092244,1
588_fri_c4_1000_100,1000,100,6,130.39041874286985,129.7521362804613,0.6382824624085686,1
589_fri_c2_1000_25,1000,25,6,78.8577680095035,77.22846185471735,1.6293061547861498,1
590_fri_c0_1000_50,1000,50,6,232.74066180492719,201.24010236947257,31.50055943545462,1
591_fri_c1_100_10,100,10,6,33.89011424521461,33.15389142176846,0.7362228234461483,1
592_fri_c4_1000_25,1000,25,6,106.77554791830451,106.57892366909459,0.1966242492099184,1
593_fri_c1_1000_10,1000,10,6,246.73389745773108,246.51624770525632,0.21764975247475604,1
594_fri_c2_100_5,100,5,6,35.6532158937337,33.623898534918645,2.0293173588150566,1
595_fri_c0_1000_10,1000,10,6,214.9183138783858,175.31191284100586,39.606401037379925,1
596_fri_c2_250_5,250,5,6,76.4268344051633,67.02122141432741,9.405612990835891,1
597_fri_c2_500_5,500,5,6,149.98272644497996,147.03676004372534,2.9459664012546227,1
598_fri_c0_1000_25,1000,25,6,247.13143366909765,246.31307903855588,0.8183546305417622,1
599_fri_c2_1000_5,1000,5,6,326.36370707677503,320.43527356419236,5.9284335125826715,1
601_fri_c1_250_5,250,5,6,54.78609955885646,51.69473635998588,3.0913631988705816,1
602_fri_c3_250_10,250,10,6,44.70381686312104,43.37772998102705,1.326086882093989,1
603_fri_c0_250_50,250,50,6,63.31149940762701,52.10291680560485,11.208582602022162,1
604_fri_c4_500_10,500,10,6,94.35089639312622,75.23104737984802,19.1198490132782,1
605_fri_c2_250_25,250,25,6,66.72018217296801,15.627110277870429,51.09307189509758,1
606_fri_c2_1000_10,1000,10,6,376.0787191964237,370.1120545001413,5.9666646962824075,1
607_fri_c4_1000_50,1000,50,6,190.363679037123,189.25339547508293,1.110283562040081,1
608_fri_c3_1000_10,1000,10,6,179.7421239631555,171.06236846353437,8.679755499621137,1
609_fri_c0_1000_5,1000,5,6,211.92117743400934,199.08727582792162,12.833901606087721,1
611_fri_c3_100_5,100,5,6,18.79614047811886,16.565278963898777,2.2308615142200843,1
612_fri_c1_1000_5,1000,5,6,215.5820178606699,210.43084165348773,5.151176207182175,1
613_fri_c3_250_5,250,5,6,39.875014137943225,39.512806016471416,0.36220812147180936,1
615_fri_c4_250_10,250,10,6,56.07489956020707,48.54315717492523,7.531742385281845,1
616_fri_c4_500_50,500,50,6,84.671518070661,82.85940096578892,1.8121171048720726,1
617_fri_c3_500_5,500,5,6,82.43095854045481,64.19907661271131,18.2318819277435,1
618_fri_c3_1000_50,1000,50,6,164.8520592089303,164.8381224553319,0.013936753598414953,1
620_fri_c1_1000_25,1000,25,6,211.11308645888892,94.66946107838112,116.4436253805078,1
621_fri_c0_100_10,100,10,6,18.148761860694236,17.888133616117642,0.26062824457659417,1
622_fri_c2_1000_50,1000,50,6,382.4192858474924,373.44281780057395,8.976468046918455,1
623_fri_c4_1000_10,1000,10,6,165.9484459869609,149.12007419753377,16.828371789427138,1
624_fri_c0_100_5,100,5,6,27.38496344725175,19.232358738182313,8.152604709069436,1
626_fri_c2_500_50,500,50,6,190.18175904525143,187.90509598979574,2.2766630554556855,1
627_fri_c2_500_10,500,10,6,199.5653030735756,195.03149295056832,4.533810123007271,1
628_fri_c3_1000_5,1000,5,6,153.19463791737405,149.8358973779865,3.3587405393875542,1
631_fri_c1_500_5,500,5,6,117.83885144565215,116.20660971578849,1.6322417298636651,1
633_fri_c0_500_25,500,25,6,130.33242939795406,126.32267804245981,4.009751355494245,1
634_fri_c2_100_10,100,10,6,43.70352753300551,40.86980502157154,2.833722511433976,1
635_fri_c0_250_10,250,10,6,65.69592185316918,48.07029784640891,17.62562400676027,1
637_fri_c1_500_50,500,50,6,142.54222130634673,129.64612786794822,12.896093438398509,1
641_fri_c1_500_10,500,10,6,120.7868693951385,120.00156017845512,0.7853092166833733,1
643_fri_c2_500_25,500,25,6,52.21899108258643,28.32933114066111,23.889659941925316,1
644_fri_c4_250_25,250,25,6,30.570483125712286,24.35563530714012,6.214847818572167,1
645_fri_c3_500_50,500,50,6,96.24206396035487,87.15469240452686,9.087371555828014,1
646_fri_c3_500_10,500,10,6,84.3644256698983,73.69268157521003,10.671744094688265,1
647_fri_c1_250_10,250,10,6,69.7638502291977,62.74007673415588,7.023773495041823,1
648_fri_c1_250_50,250,50,6,74.64276844395461,72.54998014739635,2.092788296558254,1
649_fri_c0_500_5,500,5,6,124.661407781035,116.6296822804081,8.03172550062689,1
650_fri_c0_500_50,500,50,6,121.19310849262132,116.62694245077756,4.566166041843758,1
651_fri_c0_100_25,100,25,6,18.120040455703787,16.8706717810433,1.249368674660488,1
653_fri_c0_250_25,250,25,6,51.34413432094776,50.378429113839616,0.9657052071081438,1
654_fri_c0_500_10,500,10,6,102.69713098485721,95.40658666423565,7.290544320621564,1
656_fri_c1_100_5,100,5,6,41.69826686812997,35.95178973792156,5.746477130208412,1
657_fri_c2_250_10,250,10,6,113.84656886220586,102.30881500391065,11.537753858295204,1
658_fri_c3_250_25,250,25,6,27.980323371761187,23.22923988912825,4.751083482632936,1
659_sleuth_ex1714,47,7,6,156279403.78728753,151747287.82982978,4532115.957457751,1
663_rabe_266,120,2,6,217941.63333333345,209258.40857142865,8683.2247619048,1
665_sleuth_case2002,147,6,6,3630.787854301555,2842.488038829725,788.2998154718298,1
666_rmftsa_ladata,508,10,6,1574.037416143467,1384.6148364378337,189.42257970563332,1
678_visualizing_environmental,111,3,6,373.6760294375456,237.2372709676414,136.4387584699042,1
690_visualizing_galaxy,323,4,6,1152109.673168527,1138437.9555120138,13671.71765651321,1
695_chatfield_4,235,12,6,200547.67292580626,200333.32158141397,214.35134439228568,1
706_sleuth_case1202,93,6,6,84996.6521260998,26674.127441756427,58322.52468434337,1
712_chscase_geyser1,222,2,6,25172.601844995756,11332.402271837396,13840.19957315836,1
banana,5300,2,6,0.7405370084856031,0.11310590957259592,0.6274310989130072,1
titanic,2099,8,6,100.36518460895672,100.36518460895672,0.0,1
1027_ESL,488,4,7,382.7147607158477,50.95344987869305,331.76131083715467,1
1028_SWD,1000,10,7,142.74029136765103,62.63852131818061,80.10177004947042,1
1029_LEV,1000,4,7,156.52341805159602,125.81091219096345,30.712505860632575,1
1030_ERA,1000,4,7,323.7143406337559,57.385172933761964,266.32916769999395,1
1089_USCrime,47,13,7,41876.99999999987,39789.29032258058,2087.7096774192905,1
1096_FacultySalaries,50,4,7,550.446606513699,175.72236894857429,374.72423756512467,1
1193_BNG_lowbwt,31104,9,7,8827403505.52006,8827403505.52003,3.0517578125e-05,1
1199_BNG_echoMonths,17496,9,7,1776435.1192998951,1776435.1192998951,0.0,1
197_cpu_act,8192,21,7,300372.23446334945,257529.23893321515,42842.9955301343,1
201_pol,15000,48,7,2625315.9792649895,2439534.2951617315,185781.68410325795,1
210_cloud,108,5,7,38.346120071763,35.33746773242338,3.0086523393396263,1
215_2dplanes,40768,10,7,360249.67296466767,360249.67296466755,1.1641532182693481e-10,1
218_house_8L,22784,8,7,16241724345219.098,16194575147725.16,47149197493.9375,1
225_puma8NH,8192,8,7,69429.32882465815,4680.748160816962,64748.58066384119,1
227_cpu_small,8192,12,7,2137280.2337786527,1801102.2091107052,336178.02466794755,1
228_elusage,55,2,7,18647.817297293994,5878.6761293538,12769.141167940194,1
229_pwLinear,200,10,7,1865.6042169350444,1865.604216935044,4.547473508864641e-13,1
230_machine_cpu,209,6,7,2279093.320857787,1734806.6387559813,544286.6821018057,1
294_satellite_image,6435,36,7,12014.286474131583,8187.4080419586935,3826.878432172889,1
344_mv,40768,10,7,1783118.762480233,1726075.9335367396,57042.82894349354,1
4544_GeographicalOriginalofMusic,1059,117,7,378.4208197898478,367.95746848985084,10.463351299996987,1
485_analcatdata_vehicle,48,4,7,2112182.520833334,2112182.520833334,0.0,1
503_wind,6574,14,7,88847.94118641019,80562.9936343118,8284.947552098383,1
505_tecator,240,124,7,36815.2944815979,29412.952801817824,7402.341679780075,1
519_vinnie,380,2,7,103.3789766863672,33.423385640882316,69.95559104548488,1
522_pm10,500,7,7,50.79029515069783,50.77849335697783,0.011801793719996567,1
523_analcatdata_neavote,100,2,7,1486.3531313131318,1486.3531313131318,0.0,1
527_analcatdata_election2000,67,14,7,277785369121.9359,271464257171.91187,6321111950.024048,1
529_pollen,3848,4,7,7838.657683451847,115.53461494773245,7723.123068504115,1
537_houses,20640,8,7,78862592438588.17,8359210749038.987,70503381689549.19,1
542_pollution,60,15,7,63250.91857412609,52760.138061363716,10490.780512762372,1
547_no2,500,7,7,67.87386385279426,64.97711436254977,2.8967494902444884,1
556_analcatdata_apnea2,475,3,7,236028234.8214035,4445251.370527267,231582983.45087624,1
557_analcatdata_apnea1,475,3,7,230715560.89263248,12398114.400527954,218317446.49210453,1
560_bodyfat,252,14,7,11861.009302025692,11832.258460323728,28.75084170196351,1
561_cpu,209,7,7,787240.7987758969,759852.03257252,27388.76620337693,1
562_cpu_small,8192,12,7,2137280.2337786527,1801102.2091107052,336178.02466794755,1
564_fried,40768,10,7,112123.14098087233,110636.86091870227,1486.280062170059,1
573_cpu_act,8192,21,7,300372.23446334945,257529.23893321515,42842.9955301343,1
574_house_16H,22784,16,7,7530787172607.754,6200496626861.461,1330290545746.293,1
579_fri_c0_250_5,250,5,7,29.749701244890417,28.906496130754913,0.8432051141355039,1
581_fri_c3_500_25,500,25,7,61.95265101245019,47.10275502645622,14.849895985993967,1
582_fri_c1_500_25,500,25,7,86.55509845028234,56.002553914352234,30.55254453593011,1
583_fri_c1_1000_50,1000,50,7,241.14066089759575,126.43959370157631,114.70106719601944,1
584_fri_c4_500_25,500,25,7,72.78328090712199,52.95847166797304,19.824809239148948,1
586_fri_c3_1000_25,1000,25,7,142.67844478349184,83.61163166396894,59.066813119522905,1
588_fri_c4_1000_100,1000,100,7,96.17771708362766,95.52563360271097,0.6520834809166871,1
589_fri_c2_1000_25,1000,25,7,140.6748847702719,122.49680372709241,18.178081043179475,1
590_fri_c0_1000_50,1000,50,7,256.9147139078961,252.6146456618407,4.300068246055389,1
591_fri_c1_100_10,100,10,7,27.03530659572951,11.703502306502106,15.331804289227403,1
592_fri_c4_1000_25,1000,25,7,88.45475931213969,66.45342735009515,22.00133196204453,1
593_fri_c1_1000_10,1000,10,7,67.62926856008437,49.27465196480253,18.35461659528184,1
594_fri_c2_100_5,100,5,7,14.092274871831169,7.8370212543327975,6.255253617498371,1
595_fri_c0_1000_10,1000,10,7,142.70029203782917,100.89461071185093,41.80568132597824,1
596_fri_c2_250_5,250,5,7,71.18373065605181,6.848222762122635,64.33550789392918,1
597_fri_c2_500_5,500,5,7,66.50948926005717,14.273827139526034,52.23566212053113,1
598_fri_c0_1000_25,1000,25,7,164.79828384700477,153.47026895592046,11.328014891084308,1
599_fri_c2_1000_5,1000,5,7,48.56325616538999,22.227589202666863,26.335666962723124,1
601_fri_c1_250_5,250,5,7,42.55004413176354,12.498977457057865,30.051066674705677,1
602_fri_c3_250_10,250,10,7,44.70381686312104,41.66884646062387,3.034970402497173,1
603_fri_c0_250_50,250,50,7,57.645736391866805,56.39776010173618,1.247976290130623,1
604_fri_c4_500_10,500,10,7,49.05968088222568,41.704404062800194,7.355276819425484,1
605_fri_c2_250_25,250,25,7,75.30309027490426,67.54829661226628,7.754793662637979,1
606_fri_c2_1000_10,1000,10,7,103.63270034914592,21.36599856010514,82.26670178904078,1
607_fri_c4_1000_50,1000,50,7,129.16145154734818,114.80762875539779,14.353822791950392,1
608_fri_c3_1000_10,1000,10,7,138.23829467150972,84.75299115121247,53.48530352029725,1
609_fri_c0_1000_5,1000,5,7,140.14656347460095,97.06924146136292,43.07732201323803,1
611_fri_c3_100_5,100,5,7,12.904245615556944,11.53568813650123,1.3685574790557133,1
612_fri_c1_1000_5,1000,5,7,52.519799278532446,42.45697601335833,10.062823265174117,1
613_fri_c3_250_5,250,5,7,35.07825626402399,27.893337078078233,7.184919185945759,1
615_fri_c4_250_10,250,10,7,33.27077500064958,31.7872093615944,1.483565639055179,1
616_fri_c4_500_50,500,50,7,64.28023101763637,57.485828658933144,6.794402358703223,1
617_fri_c3_500_5,500,5,7,42.78104892024601,38.70537452534455,4.075674394901455,1
618_fri_c3_1000_50,1000,50,7,152.82724954552452,145.2732769343403,7.553972611184236,1
620_fri_c1_1000_25,1000,25,7,227.70907848355267,68.18006649847035,159.52901198508232,1
621_fri_c0_100_10,100,10,7,16.987260657670042,11.044674526150368,5.942586131519674,1
622_fri_c2_1000_50,1000,50,7,97.51078453997025,81.39294611844997,16.117838421520275,1
623_fri_c4_1000_10,1000,10,7,127.32476002829912,84.91659327873701,42.40816674956211,1
624_fri_c0_100_5,100,5,7,8.640107416058754,8.149121778197951,0.4909856378608026,1
626_fri_c2_500_50,500,50,7,95.66835360225772,76.83463836066835,18.833715241589374,1
627_fri_c2_500_10,500,10,7,144.50464223070585,8.521446526245008,135.98319570446085,1
628_fri_c3_1000_5,1000,5,7,151.40076589426815,99.681294079175,51.719471815093144,1
631_fri_c1_500_5,500,5,7,73.66517573697357,31.063851716397338,42.60132402057623,1
633_fri_c0_500_25,500,25,7,72.09006922204668,64.56442474270858,7.525644479338098,1
634_fri_c2_100_10,100,10,7,18.984907410627514,5.291890190504233,13.69301722012328,1
635_fri_c0_250_10,250,10,7,23.716926154162906,19.501020023574046,4.215906130588859,1
637_fri_c1_500_50,500,50,7,82.44708496574088,59.38871922705434,23.058365738686547,1
641_fri_c1_500_10,500,10,7,48.46973557484358,45.83366739597034,2.636068178873245,1
643_fri_c2_500_25,500,25,7,82.89742399057181,71.01054415887279,11.88687983169902,1
644_fri_c4_250_25,250,25,7,28.427286673686865,24.1858736076068,4.241413066080064,1
645_fri_c3_500_50,500,50,7,96.24206396035487,81.4760216917793,14.766042268575575,1
646_fri_c3_500_10,500,10,7,60.084045385505945,48.82399861345204,11.260046772053904,1
647_fri_c1_250_10,250,10,7,49.88437430163967,15.819259356908294,34.06511494473138,1
648_fri_c1_250_50,250,50,7,47.67678832520946,27.364595258760204,20.312193066449254,1
649_fri_c0_500_5,500,5,7,72.67926608853207,63.108563972838745,9.57070211569333,1
650_fri_c0_500_50,500,50,7,140.7780974600612,135.51129652935495,5.266800930706239,1
651_fri_c0_100_25,100,25,7,20.493458155485783,19.955573791031483,0.5378843644542997,1
653_fri_c0_250_25,250,25,7,47.2581463874327,46.59537835897751,0.66276802845519,1
654_fri_c0_500_10,500,10,7,61.84510158851572,54.7640456069837,7.0810559815320175,1
656_fri_c1_100_5,100,5,7,31.77812017395478,3.7112161953199987,28.06690397863478,1
657_fri_c2_250_10,250,10,7,67.2085665522159,12.043258169429691,55.16530838278621,1
658_fri_c3_250_25,250,25,7,28.567623386652286,19.808422656312104,8.759200730340183,1
659_sleuth_ex1714,47,7,7,142208448.38350803,114493970.39916702,27714477.98434101,1
663_rabe_266,120,2,7,209258.40857142865,62266.93636363634,146991.4722077923,1
665_sleuth_case2002,147,6,7,3679.5146694575296,1132.9104768033358,2546.604192654194,1
666_rmftsa_ladata,508,10,7,1262.88046106076,372.6658470308389,890.214614029921,1
678_visualizing_environmental,111,3,7,166.88063272017666,124.21469685440434,42.665935865772326,1
690_visualizing_galaxy,323,4,7,262318.7740532276,74570.78063176898,187747.99342145864,1
695_chatfield_4,235,12,7,231193.12352908484,230387.1407292025,805.9827998823312,1
706_sleuth_case1202,93,6,7,288716.9094207072,235535.5344195875,53181.37500111971,1
712_chscase_geyser1,222,2,7,20165.521375921453,8297.217234292013,11868.30414162944,1
banana,5300,2,7,2.7629876813679175,1.5232911076664095,1.239696573701508,1
titanic,2099,8,7,100.36518460895672,100.36518460895672,0.0,1
1027_ESL,488,4,8,366.000000000001,204.8409985338834,161.15900146611762,1
1028_SWD,1000,10,8,142.74029136765103,142.74029136765103,0.0,1
1029_LEV,1000,4,8,209.82105759896513,156.52341805159602,53.2976395473691,1
1030_ERA,1000,4,8,459.5851312549387,157.14680611525614,302.43832513968255,1
1089_USCrime,47,13,8,45899.32805429883,39789.29032258058,6110.03773171825,1
1096_FacultySalaries,50,4,8,512.1224584623687,414.37774973837645,97.74470872399229,1
1193_BNG_lowbwt,31104,9,8,8827403505.52006,8827403505.520042,1.71661376953125e-05,1
1199_BNG_echoMonths,17496,9,8,1776435.1192998951,1776435.1192998947,4.656612873077393e-10,1
197_cpu_act,8192,21,8,2148000.952401744,2148000.952401744,0.0,1
201_pol,15000,48,8,2414019.7747797333,1817591.1645452268,596428.6102345064,1
210_cloud,108,5,8,38.02083785275596,37.95604760262428,0.06479025013167927,1
215_2dplanes,40768,10,8,360249.67296466755,360249.67296466755,0.0,1
218_house_8L,22784,8,8,7278590734010.699,5183827300144.539,2094763433866.1602,1
225_puma8NH,8192,8,8,62584.45777435339,30950.17054825017,31634.287226103217,1
227_cpu_small,8192,12,8,2148000.952401744,2148000.952401744,0.0,1
228_elusage,55,2,8,19603.58293541676,10858.041693289004,8745.541242127758,1
229_pwLinear,200,10,8,1865.6042169350446,1865.604216935044,6.821210263296962e-13,1
230_machine_cpu,209,6,8,2744739.0003000186,2671025.282695374,73713.7176046446,1
294_satellite_image,6435,36,8,10604.45921932389,10464.087249691103,140.3719696327862,1
344_mv,40768,10,8,1807398.0329502784,1802276.7701878669,5121.2627624114975,1
4544_GeographicalOriginalofMusic,1059,117,8,272.14282974764143,264.3479406148347,7.794889132806702,1
485_analcatdata_vehicle,48,4,8,2112182.520833334,2112182.520833334,0.0,1
503_wind,6574,14,8,125558.98583615712,123257.95938447732,2301.026451679805,1
505_tecator,240,124,8,26391.83661383392,25671.464090933005,720.3725229009142,1
519_vinnie,380,2,8,103.3789766863672,33.423385640882316,69.95559104548488,1
522_pm10,500,7,8,48.21931356559202,24.421067307879184,23.798246257712833,1
523_analcatdata_neavote,100,2,8,1486.3531313131318,1486.3531313131318,0.0,1
527_analcatdata_election2000,67,14,8,277785369121.9359,271464257171.91187,6321111950.024048,1
529_pollen,3848,4,8,3680.418188002015,399.3582846232748,3281.0599033787403,1
537_houses,20640,8,8,12756450794546.406,3421615200587.75,9334835593958.656,1
542_pollution,60,15,8,42300.27224471979,38780.645287911175,3519.6269568086136,1
547_no2,500,7,8,55.31822223625937,30.551917147946625,24.76630508831275,1
556_analcatdata_apnea2,475,3,8,63305336.168771744,4445251.370527267,58860084.79824448,1
557_analcatdata_apnea1,475,3,8,62258385.20140457,12398114.400527954,49860270.80087662,1
560_bodyfat,252,14,8,11865.405778623073,11310.17354582349,555.2322327995826,1
561_cpu,209,7,8,3098535.468876182,2776790.492785967,321744.97609021515,1
562_cpu_small,8192,12,8,2148000.952401744,2148000.952401744,0.0,1
564_fried,40768,10,8,128047.27424619935,127568.05453029368,479.2197159056668,1
573_cpu_act,8192,21,8,2148000.952401744,2148000.952401744,0.0,1
574_house_16H,22784,16,8,7542710523453.945,1351606728179.1113,6191103795274.834,1
579_fri_c0_250_5,250,5,8,40.05912039993859,37.50041470133323,2.5587056986053653,1
581_fri_c3_500_25,500,25,8,85.91311481787784,84.86332001259206,1.049794805285785,1
582_fri_c1_500_25,500,25,8,65.83111358611268,43.45295687529919,22.378156710813485,1
583_fri_c1_1000_50,1000,50,8,251.46469138177605,241.0129642260539,10.451727155722153,1
584_fri_c4_500_25,500,25,8,73.08689953598861,71.0328842504578,2.0540152855308094,1
586_fri_c3_1000_25,1000,25,8,176.91595710823572,172.4174162245724,4.49854088366331,1
588_fri_c4_1000_100,1000,100,8,96.99174417283922,94.64544296614669,2.34630120669253,1
589_fri_c2_1000_25,1000,25,8,176.01180654695486,47.75148949722714,128.26031704972772,1
590_fri_c0_1000_50,1000,50,8,234.43628562446082,204.01817944056063,30.418106183900193,1
591_fri_c1_100_10,100,10,8,32.2255622169817,27.664328226017346,4.561233990964354,1
592_fri_c4_1000_25,1000,25,8,161.9751629544387,135.9705440778108,26.004618876627887,1
593_fri_c1_1000_10,1000,10,8,221.56296142959536,196.6443474939548,24.918613935640565,1
594_fri_c2_100_5,100,5,8,22.44059725939414,5.553862181632231,16.88673507776191,1
595_fri_c0_1000_10,1000,10,8,152.69017954392302,106.35063793518816,46.33954160873486,1
596_fri_c2_250_5,250,5,8,64.19337400635217,14.902037167274386,49.291336839077786,1
597_fri_c2_500_5,500,5,8,40.943282669343176,24.419453073775344,16.523829595567832,1
598_fri_c0_1000_25,1000,25,8,189.5219663299556,188.9597145757552,0.5622517542003891,1
599_fri_c2_1000_5,1000,5,8,183.50996647354316,43.72473903164223,139.78522744190093,1
601_fri_c1_250_5,250,5,8,37.88633659255197,12.22929124781399,25.65704534473798,1
602_fri_c3_250_10,250,10,8,30.527694652409878,29.349556466520625,1.178138185889253,1
603_fri_c0_250_50,250,50,8,55.714270817621,55.50673926823916,0.20753154938184082,1
604_fri_c4_500_10,500,10,8,44.481725544836536,39.48860422951964,4.993121315316898,1
605_fri_c2_250_25,250,25,8,41.23362717080947,17.99935938822138,23.23426778258809,1
606_fri_c2_1000_10,1000,10,8,304.42878656903827,247.27226823529668,57.15651833374159,1
607_fri_c4_1000_50,1000,50,8,186.0106909440616,182.77001975037535,3.2406711936862393,1
608_fri_c3_1000_10,1000,10,8,126.83314716121822,99.40653283898894,27.426614322229284,1
609_fri_c0_1000_5,1000,5,8,165.51331013293213,165.07408442652104,0.4392257064110936,1
611_fri_c3_100_5,100,5,8,3.0840286586581698,1.4668722384277202,1.6171564202304496,1
612_fri_c1_1000_5,1000,5,8,100.22806860236233,27.265222294336013,72.96284630802631,1
613_fri_c3_250_5,250,5,8,42.83910087277789,20.64528932401635,22.19381154876154,1
615_fri_c4_250_10,250,10,8,22.793358928473644,18.07357851320866,4.719780415264985,1
616_fri_c4_500_50,500,50,8,87.10028907090646,85.29038004735733,1.8099090235491246,1
617_fri_c3_500_5,500,5,8,45.75310105823934,36.36465324290242,9.388447815336917,1
618_fri_c3_1000_50,1000,50,8,150.2041718362359,146.11151820985702,4.092653626378876,1
620_fri_c1_1000_25,1000,25,8,204.49839833552858,91.29150808372867,113.2068902517999,1
621_fri_c0_100_10,100,10,8,17.90325414484535,12.287321283428973,5.6159328614163755,1
622_fri_c2_1000_50,1000,50,8,368.1373677813014,349.6747724856161,18.462595295685333,1
623_fri_c4_1000_10,1000,10,8,134.79868718756802,107.69610564408504,27.102581543482984,1
624_fri_c0_100_5,100,5,8,27.38496344725175,24.774089060824053,2.610874386427696,1
626_fri_c2_500_50,500,50,8,184.99169533779582,178.56626138875237,6.425433949043452,1
627_fri_c2_500_10,500,10,8,159.15413273321224,148.01762199955266,11.136510733659577,1
628_fri_c3_1000_5,1000,5,8,149.1002442250625,88.09706222918551,61.003181995877,1
631_fri_c1_500_5,500,5,8,57.30290559295261,26.806629454758657,30.496276138193956,1
633_fri_c0_500_25,500,25,8,126.31632617233629,98.77199551220376,27.54433066013253,1
634_fri_c2_100_10,100,10,8,35.29042621283428,32.96995898268418,2.3204672301500935,1
635_fri_c0_250_10,250,10,8,23.0764746685264,22.392901928196807,0.6835727403295948,1
637_fri_c1_500_50,500,50,8,123.36488417776135,120.59269657729806,2.7721876004632975,1
641_fri_c1_500_10,500,10,8,104.07495135222979,72.04605578012786,32.02889557210193,1
643_fri_c2_500_25,500,25,8,50.14664914689422,18.045931641199786,32.10071750569443,1
644_fri_c4_250_25,250,25,8,50.611373660420185,46.63398511747517,3.9773885429450146,1
645_fri_c3_500_50,500,50,8,92.64946217460309,87.05372867321168,5.595733501391408,1
646_fri_c3_500_10,500,10,8,47.684637410887234,35.3026708650291,12.381966545858134,1
647_fri_c1_250_10,250,10,8,61.917065075248985,49.884374301639696,12.03269077360929,1
648_fri_c1_250_50,250,50,8,74.43749995900623,70.77201208555071,3.6654878734555183,1
649_fri_c0_500_5,500,5,8,70.57846241060162,69.14166496034358,1.436797450258041,1
650_fri_c0_500_50,500,50,8,132.30111767482146,121.59201429605174,10.709103378769711,1
651_fri_c0_100_25,100,25,8,22.35861338484232,22.085312266037327,0.2733011188049943,1
653_fri_c0_250_25,250,25,8,44.71716684604081,41.02946701011322,3.6876998359275888,1
654_fri_c0_500_10,500,10,8,64.21616448726456,59.32209529423932,4.894069193025246,1
656_fri_c1_100_5,100,5,8,6.1943670164596085,5.245098594266025,0.9492684221935832,1
657_fri_c2_250_10,250,10,8,71.46466241049245,58.65131637228848,12.813346038203974,1
658_fri_c3_250_25,250,25,8,34.13618461999221,29.0987629624168,5.037421657575408,1
659_sleuth_ex1714,47,7,8,156279403.78728753,154158368.17163122,2121035.6156563163,1
663_rabe_266,120,2,8,209258.40857142865,120813.65999999997,88444.74857142867,1
665_sleuth_case2002,147,6,8,5440.556647383368,4901.280282655711,539.276364727657,1
666_rmftsa_ladata,508,10,8,1608.3640527271011,1521.5161496194733,86.84790310762787,1
678_visualizing_environmental,111,3,8,342.4522286722215,112.89232600521495,229.55990266700655,1
690_visualizing_galaxy,323,4,8,728737.1952004819,695485.6101826592,33251.58501782268,1
695_chatfield_4,235,12,8,268058.8046777525,267833.95224463736,224.8524331151275,1
706_sleuth_case1202,93,6,8,346792.55218498706,283710.20708338707,63082.34510159999,1
712_chscase_geyser1,222,2,8,26517.58575028731,8297.217234292013,18220.3685159953,1
banana,5300,2,8,1.952990585858629,0.9136295731652808,1.0393610126933481,1
titanic,2099,8,8,100.36518460895672,100.36518460895672,0.0,1
1027_ESL,488,4,9,487.8032808919469,487.8032808919469,0.0,1
1028_SWD,1000,10,9,142.74029136765103,110.81098369382079,31.929307673830237,1
1029_LEV,1000,4,9,237.69981347709205,237.69981347709205,0.0,1
1030_ERA,1000,4,9,740.1634626493048,740.1634626493048,0.0,1
1089_USCrime,47,13,9,43993.00714285707,40406.789189188916,3586.217953668158,1
1096_FacultySalaries,50,4,9,604.0807805329587,585.4354904467914,18.64529008616728,1
1193_BNG_lowbwt,31104,9,9,8827403505.520039,8827403505.520039,0.0,1
1199_BNG_echoMonths,17496,9,9,1776435.1192998951,1776435.1192998951,0.0,1
197_cpu_act,8192,21,9,2148000.952401744,2148000.952401744,0.0,1
201_pol,15000,48,9,2725146.989671454,2264684.170955114,460462.81871633977,1
210_cloud,108,5,9,49.042486569179545,48.005056827232416,1.037429741947129,1
215_2dplanes,40768,10,9,360249.6729646676,360249.67296466767,-5.820766091346741e-11,0
218_house_8L,22784,8,9,7338521518104.805,4866655521198.504,2471865996906.301,1
225_puma8NH,8192,8,9,60689.023986830696,48794.169635735336,11894.85435109536,1
227_cpu_small,8192,12,9,287393.2624165572,278179.5797856084,9213.68263094878,1
228_elusage,55,2,9,19009.909953770257,12117.15575701242,6892.754196757836,1
229_pwLinear,200,10,9,1865.6042169350444,1865.6042169350444,0.0,1
230_machine_cpu,209,6,9,2985536.486316956,2985536.486316956,0.0,1
294_satellite_image,6435,36,9,14595.753879904976,14559.477010857026,36.27686904794973,1
344_mv,40768,10,9,1813569.7329966235,1805426.4392839966,8143.29371262691,1
4544_GeographicalOriginalofMusic,1059,117,9,398.19330828867993,377.71961432299014,20.47369396568979,1
485_analcatdata_vehicle,48,4,9,2112182.520833334,2112182.520833334,0.0,1
503_wind,6574,14,9,119104.16585477667,114966.40699790142,4137.758856875254,1
505_tecator,240,124,9,26497.846438394612,24362.77944139631,2135.066996998303,1
519_vinnie,380,2,9,1798.909569377989,1795.9993332260506,2.910236151938534,1
522_pm10,500,7,9,41.81489995899429,33.99136523157114,7.8235347274231515,1
523_analcatdata_neavote,100,2,9,1486.3531313131318,1411.3855716586156,74.96755965451621,1
527_analcatdata_election2000,67,14,9,277785369121.9359,271464257171.91187,6321111950.024048,1
529_pollen,3848,4,9,7778.03927507076,2915.4116313479317,4862.627643722828,1
537_houses,20640,8,9,80377779186653.23,66115645979752.8,14262133206900.438,1
542_pollution,60,15,9,69845.68783118762,68220.99818525556,1624.689645932056,1
547_no2,500,7,9,65.25614877732494,58.583135665916046,6.673013111408892,1
556_analcatdata_apnea2,475,3,9,236028234.8214035,236028234.8214035,0.0,1
557_analcatdata_apnea1,475,3,9,261484785.90315914,230715560.89263248,30769225.010526657,1
560_bodyfat,252,14,9,11844.715499669464,6716.824020305459,5127.891479364005,1
561_cpu,209,7,9,3098535.468876182,3098535.468876182,0.0,1
562_cpu_small,8192,12,9,287393.2624165572,278179.5797856084,9213.68263094878,1
564_fried,40768,10,9,267099.86019083374,259341.01156548155,7758.848625352199,1
573_cpu_act,8192,21,9,2148000.952401744,2148000.952401744,0.0,1
574_house_16H,22784,16,9,2314856584772.6953,2084694610658.2188,230161974114.47656,1
579_fri_c0_250_5,250,5,9,52.93308512714742,48.59689809927289,4.33618702787453,1
581_fri_c3_500_25,500,25,9,68.89025662874991,56.17114884670684,12.719107782043068,1
582_fri_c1_500_25,500,25,9,103.12190470269906,96.87580044736887,6.246104255330181,1
583_fri_c1_1000_50,1000,50,9,237.37599656391222,81.91298707105216,155.46300949286007,1
584_fri_c4_500_25,500,25,9,67.46309499602859,58.809980538674324,8.653114457354263,1
586_fri_c3_1000_25,1000,25,9,143.94082198119634,128.2609261611209,15.679895820075444,1
588_fri_c4_1000_100,1000,100,9,154.34660718838683,143.03705434939206,11.309552838994762,1
589_fri_c2_1000_25,1000,25,9,282.1552225623986,173.60362940269715,108.55159315970144,1
590_fri_c0_1000_50,1000,50,9,170.74328852979806,140.53509430174825,30.20819422804982,1
591_fri_c1_100_10,100,10,9,16.774136904348058,11.980219693826939,4.793917210521119,1
592_fri_c4_1000_25,1000,25,9,118.83158142219911,112.82623121411075,6.005350208088359,1
593_fri_c1_1000_10,1000,10,9,219.88426069086415,148.11711296204214,71.76714772882201,1
594_fri_c2_100_5,100,5,9,36.96975958486928,36.81831195157533,0.15144763329394806,1
595_fri_c0_1000_10,1000,10,9,238.20242148595173,220.12378924147106,18.078632244480673,1
596_fri_c2_250_5,250,5,9,74.2585827745462,49.441851015504454,24.816731759041744,1
597_fri_c2_500_5,500,5,9,133.2899537978443,125.46265049801497,7.827303299829339,1
598_fri_c0_1000_25,1000,25,9,256.86368652596633,242.78949756744885,14.074188958517482,1
599_fri_c2_1000_5,1000,5,9,329.39658499575324,314.42554899554904,14.971036000204208,1
601_fri_c1_250_5,250,5,9,57.695275514577745,55.65647286480521,2.038802649772535,1
602_fri_c3_250_10,250,10,9,41.66884646062387,36.810550221939216,4.858296238684652,1
603_fri_c0_250_50,250,50,9,53.13726718715512,50.32252367018074,2.8147435169743744,1
604_fri_c4_500_10,500,10,9,89.62488873660803,85.58374423614643,4.0411445004615985,1
605_fri_c2_250_25,250,25,9,69.49937283283015,40.64823487852806,28.85113795430209,1
606_fri_c2_1000_10,1000,10,9,332.0147928992902,72.27747006684172,259.7373228324485,1
607_fri_c4_1000_50,1000,50,9,119.68052598943882,71.53744430604917,48.14308168338965,1
608_fri_c3_1000_10,1000,10,9,153.92538334244864,151.81708968937397,2.108293653074668,1
609_fri_c0_1000_5,1000,5,9,240.1245480738848,234.05590974546953,6.068638328415261,1
611_fri_c3_100_5,100,5,9,21.000957135263494,18.869869287070745,2.131087848192749,1
612_fri_c1_1000_5,1000,5,9,229.19790313724934,228.0844645937758,1.113438543473535,1
613_fri_c3_250_5,250,5,9,51.667726862512524,46.39672776820578,5.270999094306745,1
615_fri_c4_250_10,250,10,9,58.136487816275675,48.67694252700002,9.459545289275653,1
616_fri_c4_500_50,500,50,9,51.37030890290595,50.152164080447506,1.2181448224584415,1
617_fri_c3_500_5,500,5,9,63.29834981516552,61.77557927618895,1.522770538976573,1
618_fri_c3_1000_50,1000,50,9,125.73712341577766,108.55494951232956,17.182173903448103,1
620_fri_c1_1000_25,1000,25,9,207.5691992064386,102.20149841952343,105.36770078691518,1
621_fri_c0_100_10,100,10,9,21.44396536573894,20.94317936978102,0.5007859959579193,1
622_fri_c2_1000_50,1000,50,9,275.5873524232643,90.68449016741306,184.90286225585123,1
623_fri_c4_1000_10,1000,10,9,178.2380863658326,164.3333492220596,13.90473714377299,1
624_fri_c0_100_5,100,5,9,16.976565975204906,15.152012370973999,1.824553604230907,1
626_fri_c2_500_50,500,50,9,92.3427773886811,19.883138226812946,72.45963916186815,1
627_fri_c2_500_10,500,10,9,144.01107821699898,54.285854271482094,89.72522394551689,1
628_fri_c3_1000_5,1000,5,9,135.97166887533433,132.79830252891372,3.1733663464206074,1
631_fri_c1_500_5,500,5,9,99.36086888055166,95.09683990353278,4.2640289770188815,1
633_fri_c0_500_25,500,25,9,129.37141263117053,128.19232609593305,1.1790865352374738,1
634_fri_c2_100_10,100,10,9,35.920171851954365,18.400735290557662,17.519436561396702,1
635_fri_c0_250_10,250,10,9,64.40082156434941,57.45524561370739,6.945575950642024,1
637_fri_c1_500_50,500,50,9,79.92107398183828,36.27563855293823,43.64543542890004,1
641_fri_c1_500_10,500,10,9,93.55682800532651,60.12852079505595,33.42830721027056,1
643_fri_c2_500_25,500,25,9,74.08549123594699,57.72085874376887,16.364632492178117,1
644_fri_c4_250_25,250,25,9,35.78002423917832,27.816142222890278,7.963882016288039,1
645_fri_c3_500_50,500,50,9,96.24206396035487,64.4732590789645,31.768804881390366,1
646_fri_c3_500_10,500,10,9,88.14104942861576,85.92878716855637,2.21226226005939,1
647_fri_c1_250_10,250,10,9,54.00689257876269,36.8587159852279,17.148176593534785,1
648_fri_c1_250_50,250,50,9,51.35025644382361,20.05361229873226,31.29664414509135,1
649_fri_c0_500_5,500,5,9,153.25894920241888,142.66065472030863,10.598294482110248,1
650_fri_c0_500_50,500,50,9,131.33102004910182,88.1459322293727,43.18508781972912,1
651_fri_c0_100_25,100,25,9,19.350927186175426,18.479710898720143,0.8712162874552831,1
653_fri_c0_250_25,250,25,9,49.80690266436588,47.90094749673824,1.9059551676276385,1
654_fri_c0_500_10,500,10,9,127.95541357538107,123.56450809388079,4.390905481500283,1
656_fri_c1_100_5,100,5,9,41.69826686812997,41.69826686812997,0.0,1
657_fri_c2_250_10,250,10,9,74.53207192873322,22.965149342272554,51.56692258646066,1
658_fri_c3_250_25,250,25,9,31.485643285237472,23.00585128408605,8.479792001151424,1
659_sleuth_ex1714,47,7,9,180463588.90496394,177814625.96087795,2648962.9440859854,1
663_rabe_266,120,2,9,196482.03750000003,161713.61111111104,34768.426388889,1
665_sleuth_case2002,147,6,9,3730.489752408199,1132.9104768033358,2597.579275604863,1
666_rmftsa_ladata,508,10,9,1555.344442692311,1228.242727640536,327.10171505177505,1
678_visualizing_environmental,111,3,9,419.9029341090606,240.33770785485103,179.56522625420956,1
690_visualizing_galaxy,323,4,9,1748805.9092214582,1718550.1990442388,30255.710177219473,1
695_chatfield_4,235,12,9,254023.882976858,249125.34061091568,4898.542365942325,1
706_sleuth_case1202,93,6,9,401990.0944496124,321014.93993651785,80975.15451309457,1
712_chscase_geyser1,222,2,9,26454.843590393644,22336.591041215634,4118.252549178011,1
banana,5300,2,9,68.56358023922513,46.945302341616866,21.618277897608266,1
titanic,2099,8,9,100.36518460895672,100.36518460895672,0.0,1
1027_ESL,488,4,10,406.27201649102346,401.6278671676271,4.644149323396391,1
1028_SWD,1000,10,10,142.74029136765103,110.81098369382079,31.929307673830237,1
1029_LEV,1000,4,10,156.52341805159602,125.81091219096345,30.712505860632575,1
1030_ERA,1000,4,10,477.78907987753155,433.08070895835226,44.70837091917929,1
1089_USCrime,47,13,10,46882.606334841425,46488.90043290012,393.70590194130637,1
1096_FacultySalaries,50,4,10,469.71165161070894,447.7297826598119,21.981868950897024,1
1193_BNG_lowbwt,31104,9,10,8827403505.520039,8827403505.52004,-1.9073486328125e-06,0
1199_BNG_echoMonths,17496,9,10,1776435.1192998951,1776435.1192998951,0.0,1
197_cpu_act,8192,21,10,168252.8361597287,99346.69659384836,68906.13956588034,1
201_pol,15000,48,10,4501434.774925139,4475664.474411235,25770.30051390361,1
210_cloud,108,5,10,49.29244886157575,47.05306750040841,2.2393813611673394,1
215_2dplanes,40768,10,10,360249.67296466755,360249.67296466755,0.0,1
218_house_8L,22784,8,10,7306052974806.641,2973357238071.7344,4332695736734.9062,1
225_puma8NH,8192,8,10,69679.92028106129,59269.046532406384,10410.873748654907,1
227_cpu_small,8192,12,10,303184.72667621006,287546.7097502928,15638.01692591724,1
228_elusage,55,2,10,12117.15575701241,3429.235929257655,8687.919827754755,1
229_pwLinear,200,10,10,1865.604216935044,1865.604216935044,0.0,1
230_machine_cpu,209,6,10,2985536.486316956,2839771.689834532,145764.79648242425,1
294_satellite_image,6435,36,10,13868.541494695259,13836.277173447168,32.26432124809071,1
344_mv,40768,10,10,1041784.9986452986,1041784.9986452986,0.0,1
4544_GeographicalOriginalofMusic,1059,117,10,334.28372477702453,320.25061377162496,14.033111005399576,1
485_analcatdata_vehicle,48,4,10,2112182.520833334,2112182.520833334,0.0,1
503_wind,6574,14,10,117982.27657636238,114242.75441399636,3739.522162366018,1
505_tecator,240,124,10,26196.674578847134,23429.895717799336,2766.7788610477983,1
519_vinnie,380,2,10,1629.5100185758536,1625.1054695562452,4.404549019608339,1
522_pm10,500,7,10,43.128065649948155,34.46536258121006,8.662703068738097,1
523_analcatdata_neavote,100,2,10,1486.3531313131318,1486.3531313131318,0.0,1
527_analcatdata_election2000,67,14,10,277785369121.9359,277785369121.9359,0.0,1
529_pollen,3848,4,10,8259.776850500308,7942.220339699881,317.5565108004266,1
537_houses,20640,8,10,81355640865879.64,35561238164580.19,45794402701299.45,1
542_pollution,60,15,10,47937.74896968459,43286.02819758584,4651.72077209875,1
547_no2,500,7,10,59.79901537858609,56.840231356248125,2.958784022337966,1
556_analcatdata_apnea2,475,3,10,236028234.8214035,236028234.8214035,0.0,1
557_analcatdata_apnea1,475,3,10,261484785.90315914,261484785.90315914,0.0,1
560_bodyfat,252,14,10,7699.952892385269,3428.7034957828264,4271.249396602442,1
561_cpu,209,7,10,2716469.3545647045,2626956.364035088,89512.99052961636,1
562_cpu_small,8192,12,10,303184.72667621006,287546.7097502928,15638.01692591724,1
564_fried,40768,10,10,266116.78037317615,176025.95723509547,90090.82313808068,1
573_cpu_act,8192,21,10,168252.8361597287,99346.69659384836,68906.13956588034,1
574_house_16H,22784,16,10,6054967708074.59,2857245282686.883,3197722425387.707,1
579_fri_c0_250_5,250,5,10,38.18145141126527,37.49175222707126,0.6896991841940121,1
581_fri_c3_500_25,500,25,10,92.66207183429651,91.32655125989965,1.3355205743968668,1
582_fri_c1_500_25,500,25,10,116.70540613033447,115.72990588805442,0.9755002422800487,1
583_fri_c1_1000_50,1000,50,10,244.52065018426043,233.5513038106431,10.969346373617327,1
584_fri_c4_500_25,500,25,10,116.09156738523751,113.2098497599925,2.8817176252450167,1
586_fri_c3_1000_25,1000,25,10,188.41135483016956,187.77751456953092,0.6338402606386353,1
588_fri_c4_1000_100,1000,100,10,125.69107021275403,107.57037017199326,18.120700040760767,1
589_fri_c2_1000_25,1000,25,10,383.6046877107961,381.52897155504877,2.0757161557473296,1
590_fri_c0_1000_50,1000,50,10,146.92760039181485,142.08088304209082,4.846717349724031,1
591_fri_c1_100_10,100,10,10,34.454542964711614,33.890114245214626,0.5644287194969877,1
592_fri_c4_1000_25,1000,25,10,132.2177744564883,132.20770094686736,0.010073509620951882,1
593_fri_c1_1000_10,1000,10,10,221.56296142959536,217.09817907663881,4.464782352956547,1
594_fri_c2_100_5,100,5,10,38.15784410163413,36.96975958486928,1.188084516764853,1
595_fri_c0_1000_10,1000,10,10,154.73118819918477,148.9773314205567,5.753856778628062,1
596_fri_c2_250_5,250,5,10,66.80317714101912,57.3833398540212,9.419837286997918,1
597_fri_c2_500_5,500,5,10,147.21718375468848,134.40762825642977,12.809555498258703,1
598_fri_c0_1000_25,1000,25,10,146.95613073671757,107.98165149271381,38.97447924400376,1
599_fri_c2_1000_5,1000,5,10,330.06666357111527,329.5694029508273,0.4972606202879888,1
601_fri_c1_250_5,250,5,10,58.307157962261925,57.39237253870573,0.9147854235561965,1
602_fri_c3_250_10,250,10,10,32.44536416957561,26.72770968825867,5.717654481316941,1
603_fri_c0_250_50,250,50,10,35.566388891849925,30.903682679768185,4.662706212081741,1
604_fri_c4_500_10,500,10,10,74.00602641294955,68.78823596367282,5.217790449276734,1
605_fri_c2_250_25,250,25,10,93.65586042091944,93.24160332108724,0.4142570998321986,1
606_fri_c2_1000_10,1000,10,10,355.0574358779694,353.549835790833,1.5076000871363817,1
607_fri_c4_1000_50,1000,50,10,152.4997434262997,138.77229182364056,13.72745160265913,1
608_fri_c3_1000_10,1000,10,10,134.80871677127107,134.71519252941098,0.09352424186008079,1
609_fri_c0_1000_5,1000,5,10,161.10165597014338,160.75928073414354,0.3423752359998389,1
611_fri_c3_100_5,100,5,10,18.79614047811886,17.180392261054408,1.6157482170644535,1
612_fri_c1_1000_5,1000,5,10,226.3922527882715,219.25510379237272,7.1371489958987695,1
613_fri_c3_250_5,250,5,10,40.34665790293673,34.91466889176675,5.431989011169975,1
615_fri_c4_250_10,250,10,10,46.564968985257124,41.94170821251092,4.623260772746207,1
616_fri_c4_500_50,500,50,10,85.96343383038595,76.00996453031563,9.953469300070324,1
617_fri_c3_500_5,500,5,10,63.29834981516552,63.08366438362572,0.2146854315398059,1
618_fri_c3_1000_50,1000,50,10,156.52185112073835,153.46560516709206,3.0562459536462825,1
620_fri_c1_1000_25,1000,25,10,237.22965767871455,235.2742667568885,1.9553909218260515,1
621_fri_c0_100_10,100,10,10,15.618864928032423,14.781413432970155,0.8374514950622682,1
622_fri_c2_1000_50,1000,50,10,297.5494349855416,285.78470693185307,11.764728053688543,1
623_fri_c4_1000_10,1000,10,10,134.79868718756802,123.99996032951083,10.798726858057194,1
624_fri_c0_100_5,100,5,10,27.38496344725175,25.018923822932045,2.366039624319704,1
626_fri_c2_500_50,500,50,10,148.36966628430108,146.6442272181005,1.725439066200579,1
627_fri_c2_500_10,500,10,10,170.8574837342695,165.6860303581191,5.171453376150396,1
628_fri_c3_1000_5,1000,5,10,149.1002442250625,148.29548184680198,0.8047623782605342,1
631_fri_c1_500_5,500,5,10,116.77184266859109,108.42432188163136,8.347520786959734,1
633_fri_c0_500_25,500,25,10,50.09979801274159,31.643643705720763,18.456154307020824,1
634_fri_c2_100_10,100,10,10,44.35869216780321,42.68959312288117,1.6690990449220422,1
635_fri_c0_250_10,250,10,10,67.38283087090065,54.530063201214034,12.852767669686614,1
637_fri_c1_500_50,500,50,10,108.02021837209526,105.4058752628367,2.614343109258556,1
641_fri_c1_500_10,500,10,10,111.95083610014723,111.70020847068292,0.2506276294643044,1
643_fri_c2_500_25,500,25,10,152.14197038528926,150.25866621137908,1.883304173910176,1
644_fri_c4_250_25,250,25,10,49.70280886185657,47.484751606870304,2.218057254986263,1
645_fri_c3_500_50,500,50,10,106.63133626904951,104.83304406638275,1.798292202666758,1
646_fri_c3_500_10,500,10,10,82.0982461751578,69.92325088457707,12.174995290580725,1
647_fri_c1_250_10,250,10,10,70.95991110651724,69.15477897807436,1.805132128442878,1
648_fri_c1_250_50,250,50,10,64.26715599372136,63.93422258148817,0.3329334122331886,1
649_fri_c0_500_5,500,5,10,72.67926608853207,68.75895965819876,3.920306430333312,1
650_fri_c0_500_50,500,50,10,81.90489037797943,78.72732164467695,3.177568733302479,1
651_fri_c0_100_25,100,25,10,13.12746225014817,6.000098986386837,7.127363263761334,1
653_fri_c0_250_25,250,25,10,33.91667935492026,29.205328306604912,4.7113510483153505,1
654_fri_c0_500_10,500,10,10,80.42494771434679,75.42555189547048,4.999395818876309,1
656_fri_c1_100_5,100,5,10,41.69826686812997,41.69826686812996,7.105427357601002e-15,1
657_fri_c2_250_10,250,10,10,90.73868580051096,85.84723788409876,4.891447916412204,1
658_fri_c3_250_25,250,25,10,50.61552238278054,50.145932385041334,0.46958999773920596,1
659_sleuth_ex1714,47,7,10,175452667.8781162,167748668.7382976,7703999.139818579,1
663_rabe_266,120,2,10,120813.66000000005,62266.93636363634,58546.723636363706,1
665_sleuth_case2002,147,6,10,5440.556647383368,5417.909297052156,22.647350331211783,1
666_rmftsa_ladata,508,10,10,1713.856030917915,1699.797694713703,14.058336204211855,1
678_visualizing_environmental,111,3,10,474.0331506447303,223.4147026563294,250.6184479884009,1
690_visualizing_galaxy,323,4,10,982235.4347291323,933904.0944000147,48331.34032911761,1
695_chatfield_4,235,12,10,268058.8046777525,267140.3263394958,918.4783382567111,1
706_sleuth_case1202,93,6,10,97896.55647487578,32159.78030123317,65736.7761736426,1
712_chscase_geyser1,222,2,10,25617.04460289639,20165.521375921453,5451.523226974936,1
banana,5300,2,10,38.97503694403508,23.849803413819302,15.12523353021578,1
titanic,2099,8,10,100.36518460895672,100.36518460895672,0.0,1
