task,dataset,n_methods,n_runs_union,n_complete_paired_runs,min_method_runs,max_method_runs,excluded_run_ids,complete_block_status
regression,1027_ESL,39,100,100,100,100,,complete
regression,1028_SWD,39,100,100,100,100,,complete
regression,1029_LEV,39,100,100,100,100,,complete
regression,1030_ERA,39,100,100,100,100,,complete
regression,1089_USCrime,39,100,100,100,100,,complete
regression,1096_FacultySalaries,39,100,100,100,100,,complete
regression,1193_BNG_lowbwt,39,100,100,100,100,,complete
regression,1199_BNG_echoMonths,39,100,100,100,100,,complete
regression,197_cpu_act,39,100,100,100,100,,complete
regression,201_pol,39,100,100,100,100,,complete
regression,210_cloud,39,100,100,100,100,,complete
regression,215_2dplanes,39,100,100,100,100,,complete
regression,218_house_8L,39,100,100,100,100,,complete
regression,225_puma8NH,39,100,100,100,100,,complete
regression,227_cpu_small,39,100,100,100,100,,complete
regression,228_elusage,39,100,100,100,100,,complete
regression,229_pwLinear,39,100,100,100,100,,complete
regression,230_machine_cpu,39,100,100,100,100,,complete
regression,294_satellite_image,39,100,100,100,100,,complete
regression,344_mv,39,100,100,100,100,,complete
regression,4544_GeographicalOriginalofMusic,39,100,100,100,100,,complete
regression,485_analcatdata_vehicle,39,100,100,100,100,,complete
regression,503_wind,39,100,100,100,100,,complete
regression,505_tecator,39,100,100,100,100,,complete
regression,519_vinnie,39,100,100,100,100,,complete
regression,522_pm10,39,100,100,100,100,,complete
regression,523_analcatdata_neavote,39,100,100,100,100,,complete
regression,527_analcatdata_election2000,39,100,100,100,100,,complete
regression,529_pollen,39,100,100,100,100,,complete
regression,537_houses,39,100,100,100,100,,complete
regression,542_pollution,39,100,100,100,100,,complete
regression,547_no2,39,100,100,100,100,,complete
regression,556_analcatdata_apnea2,39,100,100,100,100,,complete
regression,557_analcatdata_apnea1,39,100,100,100,100,,complete
regression,560_bodyfat,39,100,100,100,100,,complete
regression,561_cpu,39,100,100,100,100,,complete
regression,562_cpu_small,39,100,100,100,100,,complete
regression,564_fried,39,99,99,99,99,4,incomplete_flagged
regression,573_cpu_act,39,100,100,100,100,,complete
regression,574_house_16H,39,100,100,100,100,,complete
regression,579_fri_c0_250_5,39,100,100,100,100,,complete
regression,581_fri_c3_500_25,39,100,100,100,100,,complete
regression,582_fri_c1_500_25,39,100,100,100,100,,complete
regression,583_fri_c1_1000_50,39,100,100,100,100,,complete
regression,584_fri_c4_500_25,39,100,100,100,100,,complete
regression,586_fri_c3_1000_25,39,100,100,100,100,,complete
regression,588_fri_c4_1000_100,39,100,100,100,100,,complete
regression,589_fri_c2_1000_25,39,100,100,100,100,,complete
regression,590_fri_c0_1000_50,39,100,100,100,100,,complete
regression,591_fri_c1_100_10,39,100,100,100,100,,complete
regression,592_fri_c4_1000_25,39,100,100,100,100,,complete
regression,593_fri_c1_1000_10,39,100,100,100,100,,complete
regression,594_fri_c2_100_5,39,100,100,100,100,,complete
regression,595_fri_c0_1000_10,39,100,100,100,100,,complete
regression,596_fri_c2_250_5,39,100,100,100,100,,complete
regression,597_fri_c2_500_5,39,100,100,100,100,,complete
regression,598_fri_c0_1000_25,39,100,100,100,100,,complete
regression,599_fri_c2_1000_5,39,100,100,100,100,,complete
regression,601_fri_c1_250_5,39,100,100,100,100,,complete
regression,602_fri_c3_250_10,39,100,100,100,100,,complete
regression,603_fri_c0_250_50,39,100,100,100,100,,complete
regression,604_fri_c4_500_10,39,100,100,100,100,,complete
regression,605_fri_c2_250_25,39,100,100,100,100,,complete
regression,606_fri_c2_1000_10,39,100,100,100,100,,complete
regression,607_fri_c4_1000_50,39,100,100,100,100,,complete
regression,608_fri_c3_1000_10,39,100,100,100,100,,complete
regression,609_fri_c0_1000_5,39,100,100,100,100,,complete
regression,611_fri_c3_100_5,39,100,100,100,100,,complete
regression,612_fri_c1_1000_5,39,100,100,100,100,,complete
regression,613_fri_c3_250_5,39,100,100,100,100,,complete
regression,615_fri_c4_250_10,39,100,100,100,100,,complete
regression,616_fri_c4_500_50,39,100,100,100,100,,complete
regression,617_fri_c3_500_5,39,100,100,100,100,,complete
regression,618_fri_c3_1000_50,39,100,100,100,100,,complete
regression,620_fri_c1_1000_25,39,100,100,100,100,,complete
regression,621_fri_c0_100_10,39,100,100,100,100,,complete
regression,622_fri_c2_1000_50,39,100,100,100,100,,complete
regression,623_fri_c4_1000_10,39,100,100,100,100,,complete
regression,624_fri_c0_100_5,39,100,100,100,100,,complete
regression,626_fri_c2_500_50,39,100,100,100,100,,complete
regression,627_fri_c2_500_10,39,100,100,100,100,,complete
regression,628_fri_c3_1000_5,39,100,100,100,100,,complete
regression,631_fri_c1_500_5,39,100,100,100,100,,complete
regression,633_fri_c0_500_25,39,100,100,100,100,,complete
regression,634_fri_c2_100_10,39,100,100,100,100,,complete
regression,635_fri_c0_250_10,39,100,100,100,100,,complete
regression,637_fri_c1_500_50,39,100,100,100,100,,complete
regression,641_fri_c1_500_10,39,100,100,100,100,,complete
regression,643_fri_c2_500_25,39,100,100,100,100,,complete
regression,644_fri_c4_250_25,39,100,100,100,100,,complete
regression,645_fri_c3_500_50,39,100,100,100,100,,complete
regression,646_fri_c3_500_10,39,100,100,100,100,,complete
regression,647_fri_c1_250_10,39,100,100,100,100,,complete
regression,648_fri_c1_250_50,39,100,100,100,100,,complete
regression,649_fri_c0_500_5,39,100,100,100,100,,complete
regression,650_fri_c0_500_50,39,100,100,100,100,,complete
regression,651_fri_c0_100_25,39,100,100,100,100,,complete
regression,653_fri_c0_250_25,39,100,100,100,100,,complete
regression,654_fri_c0_500_10,39,100,100,100,100,,complete
regression,656_fri_c1_100_5,39,100,100,100,100,,complete
regression,657_fri_c2_250_10,39,100,100,100,100,,complete
regression,658_fri_c3_250_25,39,100,100,100,100,,complete
regression,659_sleuth_ex1714,39,100,100,100,100,,complete
regression,663_rabe_266,39,100,100,100,100,,complete
regression,665_sleuth_case2002,39,100,100,100,100,,complete
regression,666_rmftsa_ladata,39,100,100,100,100,,complete
regression,678_visualizing_environmental,39,100,100,100,100,,complete
regression,690_visualizing_galaxy,39,100,100,100,100,,complete
regression,695_chatfield_4,39,100,100,100,100,,complete
regression,706_sleuth_case1202,39,100,100,100,100,,complete
regression,712_chscase_geyser1,39,100,100,100,100,,complete
regression,banana,39,100,100,100,100,,complete
regression,titanic,39,100,100,100,100,,complete
classification_gini,GAMETES_Epistasis_2_Way_20atts_0.1H_EDM_1_1,39,100,100,100,100,,complete
classification_gini,GAMETES_Epistasis_2_Way_20atts_0.4H_EDM_1_1,39,100,100,100,100,,complete
classification_gini,GAMETES_Epistasis_3_Way_20atts_0.2H_EDM_1_1,39,100,100,100,100,,complete
classification_gini,GAMETES_Heterogeneity_20atts_1600_Het_0.4_0.2_50_EDM_2_001,39,100,100,100,100,,complete
classification_gini,GAMETES_Heterogeneity_20atts_1600_Het_0.4_0.2_75_EDM_2_001,39,100,100,100,100,,complete
classification_gini,Hill_Valley_with_noise,39,100,100,100,100,,complete
classification_gini,Hill_Valley_without_noise,39,100,100,100,100,,complete
classification_gini,adult,39,100,100,100,100,,complete
classification_gini,agaricus_lepiota,39,100,100,100,100,,complete
classification_gini,allbp,39,100,100,100,100,,complete
classification_gini,allhyper,39,100,100,100,100,,complete
classification_gini,allhypo,39,100,100,100,100,,complete
classification_gini,allrep,39,100,100,100,100,,complete
classification_gini,analcatdata_aids,39,100,100,100,100,,complete
classification_gini,analcatdata_asbestos,39,100,100,100,100,,complete
classification_gini,analcatdata_authorship,39,100,100,100,100,,complete
classification_gini,analcatdata_bankruptcy,39,100,100,100,100,,complete
classification_gini,analcatdata_boxing1,39,100,100,100,100,,complete
classification_gini,analcatdata_boxing2,39,100,100,100,100,,complete
classification_gini,analcatdata_creditscore,39,100,100,100,100,,complete
classification_gini,analcatdata_cyyoung8092,39,100,100,100,100,,complete
classification_gini,analcatdata_cyyoung9302,39,100,100,100,100,,complete
classification_gini,analcatdata_dmft,39,100,100,100,100,,complete
classification_gini,analcatdata_fraud,39,100,100,100,100,,complete
classification_gini,analcatdata_germangss,39,100,100,100,100,,complete
classification_gini,analcatdata_happiness,39,100,100,100,100,,complete
classification_gini,analcatdata_japansolvent,39,100,100,100,100,,complete
classification_gini,analcatdata_lawsuit,39,100,100,100,100,,complete
classification_gini,ann_thyroid,39,100,100,100,100,,complete
classification_gini,appendicitis,39,100,100,100,100,,complete
classification_gini,backache,39,100,100,100,100,,complete
classification_gini,balance_scale,39,100,100,100,100,,complete
classification_gini,biomed,39,100,100,100,100,,complete
classification_gini,breast_cancer,39,100,100,100,100,,complete
classification_gini,bupa,39,100,100,100,100,,complete
classification_gini,calendarDOW,39,100,100,100,100,,complete
classification_gini,car_evaluation,39,100,100,100,100,,complete
classification_gini,cars,39,100,100,100,100,,complete
classification_gini,chess,39,100,100,100,100,,complete
classification_gini,churn,39,100,100,100,100,,complete
classification_gini,clean1,39,100,100,100,100,,complete
classification_gini,cloud,39,100,100,100,100,,complete
classification_gini,coil2000,39,100,100,100,100,,complete
classification_gini,collins,39,100,100,100,100,,complete
classification_gini,confidence,39,100,100,100,100,,complete
classification_gini,corral,39,100,100,100,100,,complete
classification_gini,dermatology,39,100,100,100,100,,complete
classification_gini,dis,39,100,100,100,100,,complete
classification_gini,dna,39,100,100,100,100,,complete
classification_gini,ecoli,39,100,100,100,100,,complete
classification_gini,flags,39,100,100,100,100,,complete
classification_gini,glass2,39,100,100,100,100,,complete
classification_gini,haberman,39,100,100,100,100,,complete
classification_gini,hayes_roth,39,100,100,100,100,,complete
classification_gini,hepatitis,39,100,100,100,100,,complete
classification_gini,hypothyroid,39,100,100,100,100,,complete
classification_gini,ionosphere,39,100,100,100,100,,complete
classification_gini,iris,39,100,100,100,100,,complete
classification_gini,irish,39,100,100,100,100,,complete
classification_gini,kr_vs_kp,39,100,100,100,100,,complete
classification_gini,krkopt,39,100,100,100,100,,complete
classification_gini,labor,39,100,100,100,100,,complete
classification_gini,led24,39,100,100,100,100,,complete
classification_gini,led7,39,100,100,100,100,,complete
classification_gini,letter,39,100,100,100,100,,complete
classification_gini,lupus,39,100,100,100,100,,complete
classification_gini,lymphography,39,100,100,100,100,,complete
classification_gini,magic,39,100,100,100,100,,complete
classification_gini,mfeat_factors,39,100,100,100,100,,complete
classification_gini,mfeat_fourier,39,100,100,100,100,,complete
classification_gini,mfeat_karhunen,39,100,100,100,100,,complete
classification_gini,mfeat_morphological,39,100,100,100,100,,complete
classification_gini,mfeat_pixel,39,100,100,100,100,,complete
classification_gini,mfeat_zernike,39,100,100,100,100,,complete
classification_gini,mofn_3_7_10,39,100,100,100,100,,complete
classification_gini,molecular_biology_promoters,39,100,100,100,100,,complete
classification_gini,monk1,39,100,100,100,100,,complete
classification_gini,monk2,39,100,100,100,100,,complete
classification_gini,monk3,39,100,100,100,100,,complete
classification_gini,movement_libras,39,100,100,100,100,,complete
classification_gini,mushroom,39,100,100,100,100,,complete
classification_gini,mux6,39,100,100,100,100,,complete
classification_gini,new_thyroid,39,100,100,100,100,,complete
classification_gini,nursery,39,100,100,100,100,,complete
classification_gini,optdigits,39,100,100,100,100,,complete
classification_gini,page_blocks,39,100,100,100,100,,complete
classification_gini,parity5,39,100,100,100,100,,complete
classification_gini,parity5+5,39,100,100,100,100,,complete
classification_gini,pendigits,39,100,100,100,100,,complete
classification_gini,penguins,39,100,100,100,100,,complete
classification_gini,phoneme,39,100,100,100,100,,complete
classification_gini,postoperative_patient_data,39,100,100,100,100,,complete
classification_gini,prnn_crabs,39,100,100,100,100,,complete
classification_gini,prnn_synth,39,100,100,100,100,,complete
classification_gini,profb,39,100,100,100,100,,complete
classification_gini,ring,39,100,100,100,100,,complete
classification_gini,saheart,39,100,100,100,100,,complete
classification_gini,satimage,39,100,100,100,100,,complete
classification_gini,schizo,39,100,100,100,100,,complete
classification_gini,segmentation,39,100,100,100,100,,complete
classification_gini,shuttle,39,100,100,100,100,,complete
classification_gini,sonar,39,100,100,100,100,,complete
classification_gini,soybean,39,100,100,100,100,,complete
classification_gini,spambase,39,100,100,100,100,,complete
classification_gini,spect,39,100,100,100,100,,complete
classification_gini,spectf,39,100,100,100,100,,complete
classification_gini,splice,39,100,100,100,100,,complete
classification_gini,tae,39,100,100,100,100,,complete
classification_gini,texture,39,100,100,100,100,,complete
classification_gini,threeOf9,39,100,100,100,100,,complete
classification_gini,tic_tac_toe,39,100,100,100,100,,complete
classification_gini,tokyo1,39,100,100,100,100,,complete
classification_gini,twonorm,39,100,100,100,100,,complete
classification_gini,vehicle,39,100,100,100,100,,complete
classification_gini,vowel,39,100,100,100,100,,complete
classification_gini,waveform_21,39,100,100,100,100,,complete
classification_gini,waveform_40,39,100,100,100,100,,complete
classification_gini,wine_quality_red,39,100,100,100,100,,complete
classification_gini,wine_quality_white,39,100,100,100,100,,complete
classification_gini,wine_recognition,39,100,100,100,100,,complete
classification_gini,xd6,39,100,100,100,100,,complete
classification_gini,yeast,39,100,100,100,100,,complete
classification_entropy,GAMETES_Epistasis_2_Way_20atts_0.1H_EDM_1_1,39,100,100,100,100,,complete
classification_entropy,GAMETES_Epistasis_2_Way_20atts_0.4H_EDM_1_1,39,100,100,100,100,,complete
classification_entropy,GAMETES_Epistasis_3_Way_20atts_0.2H_EDM_1_1,39,100,100,100,100,,complete
classification_entropy,GAMETES_Heterogeneity_20atts_1600_Het_0.4_0.2_50_EDM_2_001,39,100,100,100,100,,complete
classification_entropy,GAMETES_Heterogeneity_20atts_1600_Het_0.4_0.2_75_EDM_2_001,39,100,100,100,100,,complete
classification_entropy,Hill_Valley_with_noise,39,100,100,100,100,,complete
classification_entropy,Hill_Valley_without_noise,39,100,100,100,100,,complete
classification_entropy,adult,39,100,100,100,100,,complete
classification_entropy,agaricus_lepiota,39,100,100,100,100,,complete
classification_entropy,allbp,39,100,100,100,100,,complete
classification_entropy,allhyper,39,100,100,100,100,,complete
classification_entropy,allhypo,39,100,100,100,100,,complete
classification_entropy,allrep,39,100,100,100,100,,complete
classification_entropy,analcatdata_aids,39,100,100,100,100,,complete
classification_entropy,analcatdata_asbestos,39,100,100,100,100,,complete
classification_entropy,analcatdata_authorship,39,100,100,100,100,,complete
classification_entropy,analcatdata_bankruptcy,39,100,100,100,100,,complete
classification_entropy,analcatdata_boxing1,39,100,100,100,100,,complete
classification_entropy,analcatdata_boxing2,39,100,100,100,100,,complete
classification_entropy,analcatdata_creditscore,39,100,100,100,100,,complete
classification_entropy,analcatdata_cyyoung8092,39,100,100,100,100,,complete
classification_entropy,analcatdata_cyyoung9302,39,100,100,100,100,,complete
classification_entropy,analcatdata_dmft,39,100,100,100,100,,complete
classification_entropy,analcatdata_fraud,39,100,100,100,100,,complete
classification_entropy,analcatdata_germangss,39,100,100,100,100,,complete
classification_entropy,analcatdata_happiness,39,100,100,100,100,,complete
classification_entropy,analcatdata_japansolvent,39,100,100,100,100,,complete
classification_entropy,analcatdata_lawsuit,39,100,100,100,100,,complete
classification_entropy,ann_thyroid,39,100,100,100,100,,complete
classification_entropy,appendicitis,39,100,100,100,100,,complete
classification_entropy,backache,39,100,100,100,100,,complete
classification_entropy,balance_scale,39,100,100,100,100,,complete
classification_entropy,biomed,39,100,100,100,100,,complete
classification_entropy,breast_cancer,39,100,100,100,100,,complete
classification_entropy,bupa,39,100,100,100,100,,complete
classification_entropy,calendarDOW,39,100,100,100,100,,complete
classification_entropy,car_evaluation,39,100,100,100,100,,complete
classification_entropy,cars,39,100,100,100,100,,complete
classification_entropy,chess,39,100,100,100,100,,complete
classification_entropy,churn,39,100,100,100,100,,complete
classification_entropy,clean1,39,100,100,100,100,,complete
classification_entropy,cloud,39,100,100,100,100,,complete
classification_entropy,coil2000,39,100,100,100,100,,complete
classification_entropy,collins,39,100,100,100,100,,complete
classification_entropy,confidence,39,100,100,100,100,,complete
classification_entropy,corral,39,100,100,100,100,,complete
classification_entropy,dermatology,39,100,100,100,100,,complete
classification_entropy,dis,39,100,100,100,100,,complete
classification_entropy,dna,39,100,100,100,100,,complete
classification_entropy,ecoli,39,100,100,100,100,,complete
classification_entropy,flags,39,100,100,100,100,,complete
classification_entropy,glass2,39,100,100,100,100,,complete
classification_entropy,haberman,39,100,100,100,100,,complete
classification_entropy,hayes_roth,39,100,100,100,100,,complete
classification_entropy,hepatitis,39,100,100,100,100,,complete
classification_entropy,hypothyroid,39,100,100,100,100,,complete
classification_entropy,ionosphere,39,100,100,100,100,,complete
classification_entropy,iris,39,100,100,100,100,,complete
classification_entropy,irish,39,100,100,100,100,,complete
classification_entropy,kr_vs_kp,39,100,100,100,100,,complete
classification_entropy,krkopt,39,100,100,100,100,,complete
classification_entropy,labor,39,100,100,100,100,,complete
classification_entropy,led24,39,100,100,100,100,,complete
classification_entropy,led7,39,100,100,100,100,,complete
classification_entropy,letter,39,100,100,100,100,,complete
classification_entropy,lupus,39,100,100,100,100,,complete
classification_entropy,lymphography,39,100,100,100,100,,complete
classification_entropy,magic,39,100,100,100,100,,complete
classification_entropy,mfeat_factors,39,100,100,100,100,,complete
classification_entropy,mfeat_fourier,39,100,100,100,100,,complete
classification_entropy,mfeat_karhunen,39,100,100,100,100,,complete
classification_entropy,mfeat_morphological,39,100,100,100,100,,complete
classification_entropy,mfeat_pixel,39,100,100,100,100,,complete
classification_entropy,mfeat_zernike,39,100,100,100,100,,complete
classification_entropy,mofn_3_7_10,39,100,100,100,100,,complete
classification_entropy,molecular_biology_promoters,39,100,100,100,100,,complete
classification_entropy,monk1,39,100,100,100,100,,complete
classification_entropy,monk2,39,100,100,100,100,,complete
classification_entropy,monk3,39,100,100,100,100,,complete
classification_entropy,movement_libras,39,100,100,100,100,,complete
classification_entropy,mushroom,39,100,100,100,100,,complete
classification_entropy,mux6,39,100,100,100,100,,complete
classification_entropy,new_thyroid,39,100,100,100,100,,complete
classification_entropy,nursery,39,100,100,100,100,,complete
classification_entropy,optdigits,39,100,100,100,100,,complete
classification_entropy,page_blocks,39,100,100,100,100,,complete
classification_entropy,parity5,39,100,100,100,100,,complete
classification_entropy,parity5+5,39,100,100,100,100,,complete
classification_entropy,pendigits,39,100,100,100,100,,complete
classification_entropy,penguins,39,100,100,100,100,,complete
classification_entropy,phoneme,39,100,100,100,100,,complete
classification_entropy,postoperative_patient_data,39,100,100,100,100,,complete
classification_entropy,prnn_crabs,39,100,100,100,100,,complete
classification_entropy,prnn_synth,39,100,100,100,100,,complete
classification_entropy,profb,39,100,100,100,100,,complete
classification_entropy,ring,39,100,100,100,100,,complete
classification_entropy,saheart,39,100,100,100,100,,complete
classification_entropy,satimage,39,100,100,100,100,,complete
classification_entropy,schizo,39,100,100,100,100,,complete
classification_entropy,segmentation,39,100,100,100,100,,complete
classification_entropy,shuttle,39,100,100,100,100,,complete
classification_entropy,sonar,39,100,100,100,100,,complete
classification_entropy,soybean,39,100,100,100,100,,complete
classification_entropy,spambase,39,100,100,100,100,,complete
classification_entropy,spect,39,100,100,100,100,,complete
classification_entropy,spectf,39,100,100,100,100,,complete
classification_entropy,splice,39,100,100,100,100,,complete
classification_entropy,tae,39,100,100,100,100,,complete
classification_entropy,texture,39,100,100,100,100,,complete
classification_entropy,threeOf9,39,100,100,100,100,,complete
classification_entropy,tic_tac_toe,39,100,100,100,100,,complete
classification_entropy,tokyo1,39,100,100,100,100,,complete
classification_entropy,twonorm,39,100,100,100,100,,complete
classification_entropy,vehicle,39,100,100,100,100,,complete
classification_entropy,vowel,39,100,100,100,100,,complete
classification_entropy,waveform_21,39,100,100,100,100,,complete
classification_entropy,waveform_40,39,100,100,100,100,,complete
classification_entropy,wine_quality_red,39,100,100,100,100,,complete
classification_entropy,wine_quality_white,39,100,100,100,100,,complete
classification_entropy,wine_recognition,39,100,100,100,100,,complete
classification_entropy,xd6,39,100,100,100,100,,complete
classification_entropy,yeast,39,100,100,100,100,,complete
