category,task,logical_path,absolute_path,size_bytes,sha256
analysis_source,,examples/early_stop_trees/analysis_inference.py,/Users/mathiasvalla/Desktop/Post-doc/Papiers/EarlyStoppingTrees/EarlyStoppingTrees/examples/early_stop_trees/analysis_inference.py,85870,498dfddcd49fac848844049de693e4362e84a8c6da90ffd8d644b16f071d4cd7
benchmark_metadata,,benchmark_metadata.json,/Users/mathiasvalla/Desktop/Post-doc/Papiers/EarlyStoppingTrees/EarlyStoppingTrees/examples/early_stop_trees/benchmark_results/benchmark_metadata.json,1282,7908b9a32c066884f23cba9464c5698c5ec3116c023527cb06c47dffe9b83e44
benchmark_source,,examples/early_stop_trees/benchmark_results_utils.py,/Users/mathiasvalla/Desktop/Post-doc/Papiers/EarlyStoppingTrees/EarlyStoppingTrees/examples/early_stop_trees/benchmark_results_utils.py,26694,210e9eed46a49b4716927e9b641bbca1c9367381440fc235dbde682efcb0c0e1
benchmark_source,,examples/early_stop_trees/benchmark_secretary_pmlb.py,/Users/mathiasvalla/Desktop/Post-doc/Papiers/EarlyStoppingTrees/EarlyStoppingTrees/examples/early_stop_trees/benchmark_secretary_pmlb.py,60057,8d21742e10614582a3ded1a2a75d778c7d71d8e5c17e9523576fa2eaed4af46b
build_source,,meson.build,/Users/mathiasvalla/Desktop/Post-doc/Papiers/EarlyStoppingTrees/EarlyStoppingTrees/meson.build,2346,8bfd5eec2800336883f7a38bf81431d17e2c6822338e04f192ae3e88f03ab757
build_source,,pyproject.toml,/Users/mathiasvalla/Desktop/Post-doc/Papiers/EarlyStoppingTrees/EarlyStoppingTrees/pyproject.toml,6012,52d59e2e78cba518c8d60a408b58902d3b77091986796c27b5d06db5ccefa7b9
build_source,,treeple/tree/meson.build,/Users/mathiasvalla/Desktop/Post-doc/Papiers/EarlyStoppingTrees/EarlyStoppingTrees/treeple/tree/meson.build,1452,59669daeb76ee13bf5073f8a81d5fdf68ccb63a59fd527201c37b55f21f03a92
raw_input_csv,classification_entropy,classification_entropy_run001.csv,/Users/mathiasvalla/Desktop/Post-doc/Papiers/EarlyStoppingTrees/EarlyStoppingTrees/examples/early_stop_trees/benchmark_results/classification_entropy_run001.csv,1035721,052af7d78f8c54e255667ff3a86a61c3c3e8645724767014c60cf0b3b757e688
raw_input_csv,classification_entropy,classification_entropy_run002.csv,/Users/mathiasvalla/Desktop/Post-doc/Papiers/EarlyStoppingTrees/EarlyStoppingTrees/examples/early_stop_trees/benchmark_results/classification_entropy_run002.csv,1034710,1392dce515b5f93384d0b454f500694dede13f4f30247edcc243cb11d8e7afeb
raw_input_csv,classification_entropy,classification_entropy_run003.csv,/Users/mathiasvalla/Desktop/Post-doc/Papiers/EarlyStoppingTrees/EarlyStoppingTrees/examples/early_stop_trees/benchmark_results/classification_entropy_run003.csv,1035902,afdcd854146a97ebf9098c88d0a6ad67e3bc44430decc1ecb6277f4bdd2c851c
raw_input_csv,classification_entropy,classification_entropy_run004.csv,/Users/mathiasvalla/Desktop/Post-doc/Papiers/EarlyStoppingTrees/EarlyStoppingTrees/examples/early_stop_trees/benchmark_results/classification_entropy_run004.csv,1034905,c561e6a0a24c60c971793400fa9ee7a259a9fcd92ff3f0becbcbc320b2009dcd
raw_input_csv,classification_entropy,classification_entropy_run005.csv,/Users/mathiasvalla/Desktop/Post-doc/Papiers/EarlyStoppingTrees/EarlyStoppingTrees/examples/early_stop_trees/benchmark_results/classification_entropy_run005.csv,1035656,2f7adec601e0f8a49f0959e872a6de414377b871e34679c5f57e7af66cd8ced2
raw_input_csv,classification_entropy,classification_entropy_run006.csv,/Users/mathiasvalla/Desktop/Post-doc/Papiers/EarlyStoppingTrees/EarlyStoppingTrees/examples/early_stop_trees/benchmark_results/classification_entropy_run006.csv,1035165,5ed9a1c89b584f4700f449db32db61caffa3d33441dd5bb7e35e92f582d6e229
raw_input_csv,classification_entropy,classification_entropy_run007.csv,/Users/mathiasvalla/Desktop/Post-doc/Papiers/EarlyStoppingTrees/EarlyStoppingTrees/examples/early_stop_trees/benchmark_results/classification_entropy_run007.csv,1034070,ba22761938a450a74355d9665d3b6115f991e59d5bddd347b651090979e155ab
raw_input_csv,classification_entropy,classification_entropy_run008.csv,/Users/mathiasvalla/Desktop/Post-doc/Papiers/EarlyStoppingTrees/EarlyStoppingTrees/examples/early_stop_trees/benchmark_results/classification_entropy_run008.csv,1033764,53d28d916e4ba5dac72e21160e1311231fa440f6c33f75a63d16ad4e195b11e8
raw_input_csv,classification_entropy,classification_entropy_run009.csv,/Users/mathiasvalla/Desktop/Post-doc/Papiers/EarlyStoppingTrees/EarlyStoppingTrees/examples/early_stop_trees/benchmark_results/classification_entropy_run009.csv,1036258,dcafeeaabb4bbf7693ad49381f6ad0c8139158fb09b5bf4728abb61a6426f79e
raw_input_csv,classification_entropy,classification_entropy_run010.csv,/Users/mathiasvalla/Desktop/Post-doc/Papiers/EarlyStoppingTrees/EarlyStoppingTrees/examples/early_stop_trees/benchmark_results/classification_entropy_run010.csv,1034761,374c81378ed07384d48d4506670eff38a8df932412a70d30d1df3a8ecb8ead8c
raw_input_csv,classification_entropy,classification_entropy_run011.csv,/Users/mathiasvalla/Desktop/Post-doc/Papiers/EarlyStoppingTrees/EarlyStoppingTrees/examples/early_stop_trees/benchmark_results/classification_entropy_run011.csv,1034542,51692a89f1568fb377459e8ecb1e3c2b98ea1b4b3e7f8c0f041100bb2ff6908e
raw_input_csv,classification_entropy,classification_entropy_run012.csv,/Users/mathiasvalla/Desktop/Post-doc/Papiers/EarlyStoppingTrees/EarlyStoppingTrees/examples/early_stop_trees/benchmark_results/classification_entropy_run012.csv,1034057,0a95a41b1492e7f974d2aefe2c5e48621f16bc32d302479115577e9035116e5e
raw_input_csv,classification_entropy,classification_entropy_run013.csv,/Users/mathiasvalla/Desktop/Post-doc/Papiers/EarlyStoppingTrees/EarlyStoppingTrees/examples/early_stop_trees/benchmark_results/classification_entropy_run013.csv,1034688,664b050f5027637358d1ddbe75208414a963c593471885b36ae43c4788ad04f3
raw_input_csv,classification_entropy,classification_entropy_run014.csv,/Users/mathiasvalla/Desktop/Post-doc/Papiers/EarlyStoppingTrees/EarlyStoppingTrees/examples/early_stop_trees/benchmark_results/classification_entropy_run014.csv,1034475,121173788f12d13f04c68a2b2c00fb6678f22b81257c0c7b7bf797454969c374
raw_input_csv,classification_entropy,classification_entropy_run015.csv,/Users/mathiasvalla/Desktop/Post-doc/Papiers/EarlyStoppingTrees/EarlyStoppingTrees/examples/early_stop_trees/benchmark_results/classification_entropy_run015.csv,1032963,5240a3f89114d3db180c44c01e156d805845e3bc774e99686eb83cbd011637e0
raw_input_csv,classification_entropy,classification_entropy_run016.csv,/Users/mathiasvalla/Desktop/Post-doc/Papiers/EarlyStoppingTrees/EarlyStoppingTrees/examples/early_stop_trees/benchmark_results/classification_entropy_run016.csv,1035134,e9931584e5ecd3289d57b4c338fb4b7c9ce8463fa90c945f3516b7d4b3842dec
raw_input_csv,classification_entropy,classification_entropy_run017.csv,/Users/mathiasvalla/Desktop/Post-doc/Papiers/EarlyStoppingTrees/EarlyStoppingTrees/examples/early_stop_trees/benchmark_results/classification_entropy_run017.csv,1036074,a69db6d6c0be6416f2af2577411260bf265c9a24e2457021824af77be216c8b6
raw_input_csv,classification_entropy,classification_entropy_run018.csv,/Users/mathiasvalla/Desktop/Post-doc/Papiers/EarlyStoppingTrees/EarlyStoppingTrees/examples/early_stop_trees/benchmark_results/classification_entropy_run018.csv,1036602,35009a3c5552a7e0072268aa2eeb14997ef156c5b09f1bcddcc720f6eb8b034c
raw_input_csv,classification_entropy,classification_entropy_run019.csv,/Users/mathiasvalla/Desktop/Post-doc/Papiers/EarlyStoppingTrees/EarlyStoppingTrees/examples/early_stop_trees/benchmark_results/classification_entropy_run019.csv,1034637,1e9dc52df7de8a8db0991e8a95ebd0d9539d6ad6f75edf12b3343a7f46fe3aea
raw_input_csv,classification_entropy,classification_entropy_run020.csv,/Users/mathiasvalla/Desktop/Post-doc/Papiers/EarlyStoppingTrees/EarlyStoppingTrees/examples/early_stop_trees/benchmark_results/classification_entropy_run020.csv,1035523,59f2b12bb0976b5dabead7259198d9e2541e5f5837abd2a4a62f75f7d0f17482
raw_input_csv,classification_entropy,classification_entropy_run021.csv,/Users/mathiasvalla/Desktop/Post-doc/Papiers/EarlyStoppingTrees/EarlyStoppingTrees/examples/early_stop_trees/benchmark_results/classification_entropy_run021.csv,1036319,05c1d95dcc6a5c54ceb564c38ebf56e74d9387ffe151e32d5a2d99fa0141e949
raw_input_csv,classification_entropy,classification_entropy_run022.csv,/Users/mathiasvalla/Desktop/Post-doc/Papiers/EarlyStoppingTrees/EarlyStoppingTrees/examples/early_stop_trees/benchmark_results/classification_entropy_run022.csv,1034911,a1085a766ab3114eeeb514e0a739871564217eeb7504ef1217e349b25e429648
raw_input_csv,classification_entropy,classification_entropy_run023.csv,/Users/mathiasvalla/Desktop/Post-doc/Papiers/EarlyStoppingTrees/EarlyStoppingTrees/examples/early_stop_trees/benchmark_results/classification_entropy_run023.csv,1033415,f0836170b107c865f9f9964f3cf70ed8199c4bce8ebe84a57a89904d480e5ce6
raw_input_csv,classification_entropy,classification_entropy_run024.csv,/Users/mathiasvalla/Desktop/Post-doc/Papiers/EarlyStoppingTrees/EarlyStoppingTrees/examples/early_stop_trees/benchmark_results/classification_entropy_run024.csv,1034344,4541fdb01716687489d6f158c869b156561130e856edfa6b90eab5f39ae3e953
raw_input_csv,classification_entropy,classification_entropy_run025.csv,/Users/mathiasvalla/Desktop/Post-doc/Papiers/EarlyStoppingTrees/EarlyStoppingTrees/examples/early_stop_trees/benchmark_results/classification_entropy_run025.csv,1034491,7cd59f46e040dcec8025dd4cc8bd37f049c3dce91b8329033ab88afb87ee11c7
raw_input_csv,classification_entropy,classification_entropy_run026.csv,/Users/mathiasvalla/Desktop/Post-doc/Papiers/EarlyStoppingTrees/EarlyStoppingTrees/examples/early_stop_trees/benchmark_results/classification_entropy_run026.csv,1035104,25715e5d2cbec49d88a3f7ae626026ffabb974fa8c6e2f17760a9e2d89ba0889
raw_input_csv,classification_entropy,classification_entropy_run027.csv,/Users/mathiasvalla/Desktop/Post-doc/Papiers/EarlyStoppingTrees/EarlyStoppingTrees/examples/early_stop_trees/benchmark_results/classification_entropy_run027.csv,1034963,9dbe381d2ce7723cd3aae407d3ba4f45c1e8635d95afe4aa8ad55dfb9ae363c1
raw_input_csv,classification_entropy,classification_entropy_run028.csv,/Users/mathiasvalla/Desktop/Post-doc/Papiers/EarlyStoppingTrees/EarlyStoppingTrees/examples/early_stop_trees/benchmark_results/classification_entropy_run028.csv,1034681,c0a7f0eaa9d16fdf7d46e7d406bcc9c0cb95af6c49fc1d1774d4a44b1cf17b69
raw_input_csv,classification_entropy,classification_entropy_run029.csv,/Users/mathiasvalla/Desktop/Post-doc/Papiers/EarlyStoppingTrees/EarlyStoppingTrees/examples/early_stop_trees/benchmark_results/classification_entropy_run029.csv,1035762,7ad1e5c59d83c7b3bccda1d994ba3abea651764964a95b205698a64468ddd6c0
raw_input_csv,classification_entropy,classification_entropy_run030.csv,/Users/mathiasvalla/Desktop/Post-doc/Papiers/EarlyStoppingTrees/EarlyStoppingTrees/examples/early_stop_trees/benchmark_results/classification_entropy_run030.csv,1036008,b5a0970f8dbb6ed022abe7f175d92b7dc105c113b2fd3858dbbc029e3792e3fe
raw_input_csv,classification_entropy,classification_entropy_run031.csv,/Users/mathiasvalla/Desktop/Post-doc/Papiers/EarlyStoppingTrees/EarlyStoppingTrees/examples/early_stop_trees/benchmark_results/classification_entropy_run031.csv,1035070,8e786acc79185e70be40feb4c46a68bf62313db9f026c68a5f47293626c96835
raw_input_csv,classification_entropy,classification_entropy_run032.csv,/Users/mathiasvalla/Desktop/Post-doc/Papiers/EarlyStoppingTrees/EarlyStoppingTrees/examples/early_stop_trees/benchmark_results/classification_entropy_run032.csv,1034943,7cdbea9c0b56fa15f233fb96289542f47d1355b7335982a8bc9b9515c2203f5a
raw_input_csv,classification_entropy,classification_entropy_run033.csv,/Users/mathiasvalla/Desktop/Post-doc/Papiers/EarlyStoppingTrees/EarlyStoppingTrees/examples/early_stop_trees/benchmark_results/classification_entropy_run033.csv,1036017,1500db54dd2039181df2a53ce31286e660a542fece602cc7058de005977e71e1
raw_input_csv,classification_entropy,classification_entropy_run034.csv,/Users/mathiasvalla/Desktop/Post-doc/Papiers/EarlyStoppingTrees/EarlyStoppingTrees/examples/early_stop_trees/benchmark_results/classification_entropy_run034.csv,1036431,4207209c4df8f2e82634b0d478af62b6745bf01cb662c4a56429b15aa6e5aa3e
raw_input_csv,classification_entropy,classification_entropy_run035.csv,/Users/mathiasvalla/Desktop/Post-doc/Papiers/EarlyStoppingTrees/EarlyStoppingTrees/examples/early_stop_trees/benchmark_results/classification_entropy_run035.csv,1036083,55bac475f899e6c1e5b5db8e06d3d72c6a7189f4cc30952c268f5813f00e2725
raw_input_csv,classification_entropy,classification_entropy_run036.csv,/Users/mathiasvalla/Desktop/Post-doc/Papiers/EarlyStoppingTrees/EarlyStoppingTrees/examples/early_stop_trees/benchmark_results/classification_entropy_run036.csv,1034466,4760ce17bd0453709de5cdbc54d0554332e83cdaebfa2ddeb4bb923468add66f
raw_input_csv,classification_entropy,classification_entropy_run037.csv,/Users/mathiasvalla/Desktop/Post-doc/Papiers/EarlyStoppingTrees/EarlyStoppingTrees/examples/early_stop_trees/benchmark_results/classification_entropy_run037.csv,1035839,370d661870101b173dd1511e64a370b8ca84955586299ed71efe3a18fbad5e92
raw_input_csv,classification_entropy,classification_entropy_run038.csv,/Users/mathiasvalla/Desktop/Post-doc/Papiers/EarlyStoppingTrees/EarlyStoppingTrees/examples/early_stop_trees/benchmark_results/classification_entropy_run038.csv,1035878,f7961e30c4b250f57cfe48b41a804b12d10c11873120dd60cfae4b125281b902
raw_input_csv,classification_entropy,classification_entropy_run039.csv,/Users/mathiasvalla/Desktop/Post-doc/Papiers/EarlyStoppingTrees/EarlyStoppingTrees/examples/early_stop_trees/benchmark_results/classification_entropy_run039.csv,1035903,7f81c382756c6cada094f3d36b3cf37ca79691a051955d7f704e2807d6b3cc51
raw_input_csv,classification_entropy,classification_entropy_run040.csv,/Users/mathiasvalla/Desktop/Post-doc/Papiers/EarlyStoppingTrees/EarlyStoppingTrees/examples/early_stop_trees/benchmark_results/classification_entropy_run040.csv,1033304,3a7ba89d06c9298f8031f22e66c0dd45da255d7bb9c76a18f9ffc6055ecc2694
raw_input_csv,classification_entropy,classification_entropy_run041.csv,/Users/mathiasvalla/Desktop/Post-doc/Papiers/EarlyStoppingTrees/EarlyStoppingTrees/examples/early_stop_trees/benchmark_results/classification_entropy_run041.csv,1035470,a1d884643ecb7035b65f91bc1facd9d4900c4249d7da52a81f91f1face00cd13
raw_input_csv,classification_entropy,classification_entropy_run042.csv,/Users/mathiasvalla/Desktop/Post-doc/Papiers/EarlyStoppingTrees/EarlyStoppingTrees/examples/early_stop_trees/benchmark_results/classification_entropy_run042.csv,1036651,47fdd188af8ae71dbdf7b1939753f5bc2f867c025cf78aa24a9d3938a70760d5
raw_input_csv,classification_entropy,classification_entropy_run043.csv,/Users/mathiasvalla/Desktop/Post-doc/Papiers/EarlyStoppingTrees/EarlyStoppingTrees/examples/early_stop_trees/benchmark_results/classification_entropy_run043.csv,1035962,de077f6275dbaf9be6d569f4e8fddfa604a33535bb2c1e0d65d54c7cedfadb53
raw_input_csv,classification_entropy,classification_entropy_run044.csv,/Users/mathiasvalla/Desktop/Post-doc/Papiers/EarlyStoppingTrees/EarlyStoppingTrees/examples/early_stop_trees/benchmark_results/classification_entropy_run044.csv,1035544,adc91481bcda0fb2204835fa610ce02d4069e467503ab24cc7219cea5b775603
raw_input_csv,classification_entropy,classification_entropy_run045.csv,/Users/mathiasvalla/Desktop/Post-doc/Papiers/EarlyStoppingTrees/EarlyStoppingTrees/examples/early_stop_trees/benchmark_results/classification_entropy_run045.csv,1036530,8667de7713f90635ba4bbf6f5e2997fd8285b3b713aaf400a167bf4c4109f660
raw_input_csv,classification_entropy,classification_entropy_run046.csv,/Users/mathiasvalla/Desktop/Post-doc/Papiers/EarlyStoppingTrees/EarlyStoppingTrees/examples/early_stop_trees/benchmark_results/classification_entropy_run046.csv,1033929,38802ad130ea52c0c9fabf419752a72aba7ce275a17018df1504e64168b54a4f
raw_input_csv,classification_entropy,classification_entropy_run047.csv,/Users/mathiasvalla/Desktop/Post-doc/Papiers/EarlyStoppingTrees/EarlyStoppingTrees/examples/early_stop_trees/benchmark_results/classification_entropy_run047.csv,1034873,b0e4bbac795ee33a8a25ddd974f2342b44c362c2a657dd379c91e0bb6fa17e6e
raw_input_csv,classification_entropy,classification_entropy_run048.csv,/Users/mathiasvalla/Desktop/Post-doc/Papiers/EarlyStoppingTrees/EarlyStoppingTrees/examples/early_stop_trees/benchmark_results/classification_entropy_run048.csv,1036786,57d8a9dd5cc4a4e76a03986b10a2321edeef394e4deede41545660dc3757685f
raw_input_csv,classification_entropy,classification_entropy_run049.csv,/Users/mathiasvalla/Desktop/Post-doc/Papiers/EarlyStoppingTrees/EarlyStoppingTrees/examples/early_stop_trees/benchmark_results/classification_entropy_run049.csv,1033911,aeefa411332a20ad725ae818b96a5586e0919af0e49f89dc340a1d4960f95939
raw_input_csv,classification_entropy,classification_entropy_run050.csv,/Users/mathiasvalla/Desktop/Post-doc/Papiers/EarlyStoppingTrees/EarlyStoppingTrees/examples/early_stop_trees/benchmark_results/classification_entropy_run050.csv,1035925,88bb8099483d40bcf320a3c4d80af6749a19ceaaa0a84efbd336361e55b652c7
raw_input_csv,classification_entropy,classification_entropy_run051.csv,/Users/mathiasvalla/Desktop/Post-doc/Papiers/EarlyStoppingTrees/EarlyStoppingTrees/examples/early_stop_trees/benchmark_results/classification_entropy_run051.csv,1033319,c1550425be1479db2f6f83aa35b5164d1e3bea10996de05c76e18d4548afe48c
raw_input_csv,classification_entropy,classification_entropy_run052.csv,/Users/mathiasvalla/Desktop/Post-doc/Papiers/EarlyStoppingTrees/EarlyStoppingTrees/examples/early_stop_trees/benchmark_results/classification_entropy_run052.csv,1035953,6c1dcc6f3382d77e5099f254acedb3de24abe9801549518fb260a1a2e5db1c81
raw_input_csv,classification_entropy,classification_entropy_run053.csv,/Users/mathiasvalla/Desktop/Post-doc/Papiers/EarlyStoppingTrees/EarlyStoppingTrees/examples/early_stop_trees/benchmark_results/classification_entropy_run053.csv,1032265,a0f7e33ffc137e5cb59d1c9cd5d5c613a62a822b9c4498777be5d4eb33cc4191
raw_input_csv,classification_entropy,classification_entropy_run054.csv,/Users/mathiasvalla/Desktop/Post-doc/Papiers/EarlyStoppingTrees/EarlyStoppingTrees/examples/early_stop_trees/benchmark_results/classification_entropy_run054.csv,1034542,a98cc9aac1e606b9bae7fb05ec389860e40ccd6c8d1a52e20359d0e98d859dd8
raw_input_csv,classification_entropy,classification_entropy_run055.csv,/Users/mathiasvalla/Desktop/Post-doc/Papiers/EarlyStoppingTrees/EarlyStoppingTrees/examples/early_stop_trees/benchmark_results/classification_entropy_run055.csv,1034134,ecbd0cd8200072b3569891174199a2c52c3f5390fe21a3824accb3ef272d10a7
raw_input_csv,classification_entropy,classification_entropy_run056.csv,/Users/mathiasvalla/Desktop/Post-doc/Papiers/EarlyStoppingTrees/EarlyStoppingTrees/examples/early_stop_trees/benchmark_results/classification_entropy_run056.csv,1034349,260ad5ed9eb28b2cea22c7f4a216ffb3696e95bad6a59020456445b52cdb99ab
raw_input_csv,classification_entropy,classification_entropy_run057.csv,/Users/mathiasvalla/Desktop/Post-doc/Papiers/EarlyStoppingTrees/EarlyStoppingTrees/examples/early_stop_trees/benchmark_results/classification_entropy_run057.csv,1036062,667ef6614acececc9ec465660bf5af21835c9ab5682711804bf02606140020be
raw_input_csv,classification_entropy,classification_entropy_run058.csv,/Users/mathiasvalla/Desktop/Post-doc/Papiers/EarlyStoppingTrees/EarlyStoppingTrees/examples/early_stop_trees/benchmark_results/classification_entropy_run058.csv,1034632,5a59f32c541bb267c9ba7da2d2427e3058b9e658e6c1f425ca982b39018582dc
raw_input_csv,classification_entropy,classification_entropy_run059.csv,/Users/mathiasvalla/Desktop/Post-doc/Papiers/EarlyStoppingTrees/EarlyStoppingTrees/examples/early_stop_trees/benchmark_results/classification_entropy_run059.csv,1034124,0b6b27b7db28201808d1e15ae034ba615b05db2972bcdf15a08771404828f76b
raw_input_csv,classification_entropy,classification_entropy_run060.csv,/Users/mathiasvalla/Desktop/Post-doc/Papiers/EarlyStoppingTrees/EarlyStoppingTrees/examples/early_stop_trees/benchmark_results/classification_entropy_run060.csv,1035161,66b69e97669ab291601e61bed5acc41012f9c5ae711a2ca43e311ad8a0d8ee17
raw_input_csv,classification_entropy,classification_entropy_run061.csv,/Users/mathiasvalla/Desktop/Post-doc/Papiers/EarlyStoppingTrees/EarlyStoppingTrees/examples/early_stop_trees/benchmark_results/classification_entropy_run061.csv,1033179,52b7fd13b12b31499e2a1f3db02fb03531277156cd334d08873979682efd51b0
raw_input_csv,classification_entropy,classification_entropy_run062.csv,/Users/mathiasvalla/Desktop/Post-doc/Papiers/EarlyStoppingTrees/EarlyStoppingTrees/examples/early_stop_trees/benchmark_results/classification_entropy_run062.csv,1035289,63e58651b9ad1687ab0808843f724d213c4c0563e36362f0d767ac0e7c3abcec
raw_input_csv,classification_entropy,classification_entropy_run063.csv,/Users/mathiasvalla/Desktop/Post-doc/Papiers/EarlyStoppingTrees/EarlyStoppingTrees/examples/early_stop_trees/benchmark_results/classification_entropy_run063.csv,1034510,6d035b63b68b0fb29cc99f3ba9f37b39c89d4a9100bdbd20f87c30292403fee8
raw_input_csv,classification_entropy,classification_entropy_run064.csv,/Users/mathiasvalla/Desktop/Post-doc/Papiers/EarlyStoppingTrees/EarlyStoppingTrees/examples/early_stop_trees/benchmark_results/classification_entropy_run064.csv,1034487,44aa754da2d636d59a8cc07f8045d520c0aa360981ce7d10079a17cf9026f008
raw_input_csv,classification_entropy,classification_entropy_run065.csv,/Users/mathiasvalla/Desktop/Post-doc/Papiers/EarlyStoppingTrees/EarlyStoppingTrees/examples/early_stop_trees/benchmark_results/classification_entropy_run065.csv,1036567,5f49f6815802fe141ee31470cea52a9d4247d0abac96f555a3e02be7edf9f6c1
raw_input_csv,classification_entropy,classification_entropy_run066.csv,/Users/mathiasvalla/Desktop/Post-doc/Papiers/EarlyStoppingTrees/EarlyStoppingTrees/examples/early_stop_trees/benchmark_results/classification_entropy_run066.csv,1036337,8909eeeeb9de0e5c52f99902d7333bcfbb9527c0bb619c1e40a1940b9bc95052
raw_input_csv,classification_entropy,classification_entropy_run067.csv,/Users/mathiasvalla/Desktop/Post-doc/Papiers/EarlyStoppingTrees/EarlyStoppingTrees/examples/early_stop_trees/benchmark_results/classification_entropy_run067.csv,1035061,6523864eb28d09633764c64563da00519b964cf05b5058258b1eed98334796ee
raw_input_csv,classification_entropy,classification_entropy_run068.csv,/Users/mathiasvalla/Desktop/Post-doc/Papiers/EarlyStoppingTrees/EarlyStoppingTrees/examples/early_stop_trees/benchmark_results/classification_entropy_run068.csv,1035413,3211508f0b2109def35b81f60d460227ae0aac2a28ee9d7f6a8d08ed2f602a1c
raw_input_csv,classification_entropy,classification_entropy_run069.csv,/Users/mathiasvalla/Desktop/Post-doc/Papiers/EarlyStoppingTrees/EarlyStoppingTrees/examples/early_stop_trees/benchmark_results/classification_entropy_run069.csv,1036933,cd4a34bf8c0bd6625176b9f63ee171c01c2f05c506c79c26b3ba2e4d0ea83079
raw_input_csv,classification_entropy,classification_entropy_run070.csv,/Users/mathiasvalla/Desktop/Post-doc/Papiers/EarlyStoppingTrees/EarlyStoppingTrees/examples/early_stop_trees/benchmark_results/classification_entropy_run070.csv,1034850,f8c3688305b96db3657db6fef93224d2332477c3480321445616b86aaf64e792
raw_input_csv,classification_entropy,classification_entropy_run071.csv,/Users/mathiasvalla/Desktop/Post-doc/Papiers/EarlyStoppingTrees/EarlyStoppingTrees/examples/early_stop_trees/benchmark_results/classification_entropy_run071.csv,1034930,ff294d41ffc9c69d0b0e4be779811d4f01cef6cf335726d80ba7d5b6273aaa1d
raw_input_csv,classification_entropy,classification_entropy_run072.csv,/Users/mathiasvalla/Desktop/Post-doc/Papiers/EarlyStoppingTrees/EarlyStoppingTrees/examples/early_stop_trees/benchmark_results/classification_entropy_run072.csv,1034666,e3d87585d348144f890490f5f0807d8b82e3082af0e5919fdbbac03baa12ae1f
raw_input_csv,classification_entropy,classification_entropy_run073.csv,/Users/mathiasvalla/Desktop/Post-doc/Papiers/EarlyStoppingTrees/EarlyStoppingTrees/examples/early_stop_trees/benchmark_results/classification_entropy_run073.csv,1037177,3269af6438cd7b5276c78a530b1d07741cf729c072db599861095dbcbda6c278
raw_input_csv,classification_entropy,classification_entropy_run074.csv,/Users/mathiasvalla/Desktop/Post-doc/Papiers/EarlyStoppingTrees/EarlyStoppingTrees/examples/early_stop_trees/benchmark_results/classification_entropy_run074.csv,1036661,a3d6289e7aeab7bbdc2831aff977f2104db1065bef130a6dba6c9216747c82d3
raw_input_csv,classification_entropy,classification_entropy_run075.csv,/Users/mathiasvalla/Desktop/Post-doc/Papiers/EarlyStoppingTrees/EarlyStoppingTrees/examples/early_stop_trees/benchmark_results/classification_entropy_run075.csv,1034957,01ca31acb34abd7c16c77e30a851c9d3dbba00ce24dbc25a26d000157c100c5d
raw_input_csv,classification_entropy,classification_entropy_run076.csv,/Users/mathiasvalla/Desktop/Post-doc/Papiers/EarlyStoppingTrees/EarlyStoppingTrees/examples/early_stop_trees/benchmark_results/classification_entropy_run076.csv,1032777,24059103246e98b60a895b909e2bdb870bae77ed4d325c7480683c4cbb390dc5
raw_input_csv,classification_entropy,classification_entropy_run077.csv,/Users/mathiasvalla/Desktop/Post-doc/Papiers/EarlyStoppingTrees/EarlyStoppingTrees/examples/early_stop_trees/benchmark_results/classification_entropy_run077.csv,1034946,0b63f3df3780a15a149407fb7f086f17710234f4afcfa84874413bc87e326f12
raw_input_csv,classification_entropy,classification_entropy_run078.csv,/Users/mathiasvalla/Desktop/Post-doc/Papiers/EarlyStoppingTrees/EarlyStoppingTrees/examples/early_stop_trees/benchmark_results/classification_entropy_run078.csv,1034799,7a0647b0e7e3d7753c81f98457ce476e2082448579c1015e6429b93239011583
raw_input_csv,classification_entropy,classification_entropy_run079.csv,/Users/mathiasvalla/Desktop/Post-doc/Papiers/EarlyStoppingTrees/EarlyStoppingTrees/examples/early_stop_trees/benchmark_results/classification_entropy_run079.csv,1035093,a5103344bac7b494a7d2d5107e172e1d46a0a28e3398dc414f65808305f9e3ab
raw_input_csv,classification_entropy,classification_entropy_run080.csv,/Users/mathiasvalla/Desktop/Post-doc/Papiers/EarlyStoppingTrees/EarlyStoppingTrees/examples/early_stop_trees/benchmark_results/classification_entropy_run080.csv,1034164,58b6f8b02a14e6f9c02cb52c2fec23aaf5372dec07817c880721efc4af6dade4
raw_input_csv,classification_entropy,classification_entropy_run081.csv,/Users/mathiasvalla/Desktop/Post-doc/Papiers/EarlyStoppingTrees/EarlyStoppingTrees/examples/early_stop_trees/benchmark_results/classification_entropy_run081.csv,1034767,2958fd50e0d55ebb6f59f99365b9f5fb94db5513ec7b0c4702742b8cde0cbe89
raw_input_csv,classification_entropy,classification_entropy_run082.csv,/Users/mathiasvalla/Desktop/Post-doc/Papiers/EarlyStoppingTrees/EarlyStoppingTrees/examples/early_stop_trees/benchmark_results/classification_entropy_run082.csv,1033745,eb89781814ef032e33c347b84ada5263839c739db9170db7347a9ef8801a5640
raw_input_csv,classification_entropy,classification_entropy_run083.csv,/Users/mathiasvalla/Desktop/Post-doc/Papiers/EarlyStoppingTrees/EarlyStoppingTrees/examples/early_stop_trees/benchmark_results/classification_entropy_run083.csv,1035784,e164dec3ae23c57397e9aac50497e1046b7dc26b31e7235e45b6d2f3c0c71517
raw_input_csv,classification_entropy,classification_entropy_run084.csv,/Users/mathiasvalla/Desktop/Post-doc/Papiers/EarlyStoppingTrees/EarlyStoppingTrees/examples/early_stop_trees/benchmark_results/classification_entropy_run084.csv,1034591,b465b0705855b9dc6f76716e7cc6924f4525c5f60e22bfa4d21ac94c8ee2452b
raw_input_csv,classification_entropy,classification_entropy_run085.csv,/Users/mathiasvalla/Desktop/Post-doc/Papiers/EarlyStoppingTrees/EarlyStoppingTrees/examples/early_stop_trees/benchmark_results/classification_entropy_run085.csv,1034532,7ea0bbb980e1a741fefa6c552e566b89c509090b6ea5ba90f34a5546a044b462
raw_input_csv,classification_entropy,classification_entropy_run086.csv,/Users/mathiasvalla/Desktop/Post-doc/Papiers/EarlyStoppingTrees/EarlyStoppingTrees/examples/early_stop_trees/benchmark_results/classification_entropy_run086.csv,1035385,063eeecc032d5eb8c27648f57325cbcd4c13ab96350b076ec38356e87cc4752f
raw_input_csv,classification_entropy,classification_entropy_run087.csv,/Users/mathiasvalla/Desktop/Post-doc/Papiers/EarlyStoppingTrees/EarlyStoppingTrees/examples/early_stop_trees/benchmark_results/classification_entropy_run087.csv,1034953,de81c748599bc0ca11010f9f14ecf2d31f2529429c9c1487d793ff5f32f632b6
raw_input_csv,classification_entropy,classification_entropy_run088.csv,/Users/mathiasvalla/Desktop/Post-doc/Papiers/EarlyStoppingTrees/EarlyStoppingTrees/examples/early_stop_trees/benchmark_results/classification_entropy_run088.csv,1036098,e69bdf43b0a88d30798ceebb9f1b4f63fbff3cf50d35e5e99fa5a6f903bc82ec
raw_input_csv,classification_entropy,classification_entropy_run089.csv,/Users/mathiasvalla/Desktop/Post-doc/Papiers/EarlyStoppingTrees/EarlyStoppingTrees/examples/early_stop_trees/benchmark_results/classification_entropy_run089.csv,1035206,59c781dc5f382b3b4f55cde08f953ca9c0e91c240a98bf34af4004098d383c1b
raw_input_csv,classification_entropy,classification_entropy_run090.csv,/Users/mathiasvalla/Desktop/Post-doc/Papiers/EarlyStoppingTrees/EarlyStoppingTrees/examples/early_stop_trees/benchmark_results/classification_entropy_run090.csv,1037116,4780149b6a785fe5a4f4e50bbc6242a78ee4ed0bd9ddd2953f88e08e4cbcc203
raw_input_csv,classification_entropy,classification_entropy_run091.csv,/Users/mathiasvalla/Desktop/Post-doc/Papiers/EarlyStoppingTrees/EarlyStoppingTrees/examples/early_stop_trees/benchmark_results/classification_entropy_run091.csv,1035797,820d6aad63138cb0f51ab1013a0d167fde3643d418eab9225411edaf58d548ca
raw_input_csv,classification_entropy,classification_entropy_run092.csv,/Users/mathiasvalla/Desktop/Post-doc/Papiers/EarlyStoppingTrees/EarlyStoppingTrees/examples/early_stop_trees/benchmark_results/classification_entropy_run092.csv,1034838,1f616ce8e6d8560d34c8ebe6f3b21e882f1641fddcc6d9cd7773d77ba7a327e7
raw_input_csv,classification_entropy,classification_entropy_run093.csv,/Users/mathiasvalla/Desktop/Post-doc/Papiers/EarlyStoppingTrees/EarlyStoppingTrees/examples/early_stop_trees/benchmark_results/classification_entropy_run093.csv,1034630,29114bf0370751bdc80bf7be5c131b75bd346259dac48dfc84441222bca5b7e2
raw_input_csv,classification_entropy,classification_entropy_run094.csv,/Users/mathiasvalla/Desktop/Post-doc/Papiers/EarlyStoppingTrees/EarlyStoppingTrees/examples/early_stop_trees/benchmark_results/classification_entropy_run094.csv,1036486,1cd023984fcd5dd54166521eaf39a73cdfeacc2be6a95dab01df8ea386e59c2c
raw_input_csv,classification_entropy,classification_entropy_run095.csv,/Users/mathiasvalla/Desktop/Post-doc/Papiers/EarlyStoppingTrees/EarlyStoppingTrees/examples/early_stop_trees/benchmark_results/classification_entropy_run095.csv,1035892,6622c6506d4d34589398d17686364a3821f480810f3da3136be7422a71e17952
raw_input_csv,classification_entropy,classification_entropy_run096.csv,/Users/mathiasvalla/Desktop/Post-doc/Papiers/EarlyStoppingTrees/EarlyStoppingTrees/examples/early_stop_trees/benchmark_results/classification_entropy_run096.csv,1034893,1758cca1cf2f6f22348883cc172ce62251dd65b487efc370812338cb0578c999
raw_input_csv,classification_entropy,classification_entropy_run097.csv,/Users/mathiasvalla/Desktop/Post-doc/Papiers/EarlyStoppingTrees/EarlyStoppingTrees/examples/early_stop_trees/benchmark_results/classification_entropy_run097.csv,1035109,922710a128b42ed6f06b8bef2baa77d8b2c728fe217919ba40baab2f0c493fd7
raw_input_csv,classification_entropy,classification_entropy_run098.csv,/Users/mathiasvalla/Desktop/Post-doc/Papiers/EarlyStoppingTrees/EarlyStoppingTrees/examples/early_stop_trees/benchmark_results/classification_entropy_run098.csv,1034639,2ea95b0206f57323a51ecec67da3151cd359e1041630f42ef6e89e7740692cbf
raw_input_csv,classification_entropy,classification_entropy_run099.csv,/Users/mathiasvalla/Desktop/Post-doc/Papiers/EarlyStoppingTrees/EarlyStoppingTrees/examples/early_stop_trees/benchmark_results/classification_entropy_run099.csv,1033546,ee9a807099b61834be0a2df628febc0fb8647ada310f5eb8b593a68e9cfe3481
raw_input_csv,classification_entropy,classification_entropy_run100.csv,/Users/mathiasvalla/Desktop/Post-doc/Papiers/EarlyStoppingTrees/EarlyStoppingTrees/examples/early_stop_trees/benchmark_results/classification_entropy_run100.csv,1036026,54313514d5f86b6b345aa2ec36a4bfc533dfeb586461912bf89fd93b6aaa30fe
raw_input_csv,classification_gini,classification_gini_run001.csv,/Users/mathiasvalla/Desktop/Post-doc/Papiers/EarlyStoppingTrees/EarlyStoppingTrees/examples/early_stop_trees/benchmark_results/classification_gini_run001.csv,1021455,9f426fe8d6602e9560ae5f3126b5f6880b45b5ae4a4a5ff85035e420fe842c7d
raw_input_csv,classification_gini,classification_gini_run002.csv,/Users/mathiasvalla/Desktop/Post-doc/Papiers/EarlyStoppingTrees/EarlyStoppingTrees/examples/early_stop_trees/benchmark_results/classification_gini_run002.csv,1020648,5733b2fb5f38e26fec6b03d22c115afa7066a0130e31fc93c69d76fcffcaa960
raw_input_csv,classification_gini,classification_gini_run003.csv,/Users/mathiasvalla/Desktop/Post-doc/Papiers/EarlyStoppingTrees/EarlyStoppingTrees/examples/early_stop_trees/benchmark_results/classification_gini_run003.csv,1022838,1e50a25f7fd21b81f06a4f12e994a153c29252749e560a09becc467af937c6c9
raw_input_csv,classification_gini,classification_gini_run004.csv,/Users/mathiasvalla/Desktop/Post-doc/Papiers/EarlyStoppingTrees/EarlyStoppingTrees/examples/early_stop_trees/benchmark_results/classification_gini_run004.csv,1021765,2b28c2c17704433f951dc3c31d2c8f7a767475500cd74ff8ca2f609fbf3301e7
raw_input_csv,classification_gini,classification_gini_run005.csv,/Users/mathiasvalla/Desktop/Post-doc/Papiers/EarlyStoppingTrees/EarlyStoppingTrees/examples/early_stop_trees/benchmark_results/classification_gini_run005.csv,1022134,91736cf17a3eef9a069558dd75fe157348bd69163f16ea95a82389ac2f93e6bc
raw_input_csv,classification_gini,classification_gini_run006.csv,/Users/mathiasvalla/Desktop/Post-doc/Papiers/EarlyStoppingTrees/EarlyStoppingTrees/examples/early_stop_trees/benchmark_results/classification_gini_run006.csv,1020889,57c528caaf8296b673a7e94240b50df085e83955f5b8f16552155a47d1e3c71d
raw_input_csv,classification_gini,classification_gini_run007.csv,/Users/mathiasvalla/Desktop/Post-doc/Papiers/EarlyStoppingTrees/EarlyStoppingTrees/examples/early_stop_trees/benchmark_results/classification_gini_run007.csv,1021015,546eb3a1c2d2d722765ed85184cea12eaf91d8c338de8cbeb93d563c50bc7020
raw_input_csv,classification_gini,classification_gini_run008.csv,/Users/mathiasvalla/Desktop/Post-doc/Papiers/EarlyStoppingTrees/EarlyStoppingTrees/examples/early_stop_trees/benchmark_results/classification_gini_run008.csv,1021094,0d1480c01860a48a7147fcd07199e4b66496cb14217b1f306ac2ac6d7cedc9da
raw_input_csv,classification_gini,classification_gini_run009.csv,/Users/mathiasvalla/Desktop/Post-doc/Papiers/EarlyStoppingTrees/EarlyStoppingTrees/examples/early_stop_trees/benchmark_results/classification_gini_run009.csv,1021638,6cf08e8357d36136686b351c8a897b81552d74095b82a0a76c03cfa1196f323e
raw_input_csv,classification_gini,classification_gini_run010.csv,/Users/mathiasvalla/Desktop/Post-doc/Papiers/EarlyStoppingTrees/EarlyStoppingTrees/examples/early_stop_trees/benchmark_results/classification_gini_run010.csv,1020984,103343fd82c0763267fa28f3e3fa1389a722945a1e081864e61208ce575ac31a
raw_input_csv,classification_gini,classification_gini_run011.csv,/Users/mathiasvalla/Desktop/Post-doc/Papiers/EarlyStoppingTrees/EarlyStoppingTrees/examples/early_stop_trees/benchmark_results/classification_gini_run011.csv,1021847,cb4a04ac79fb88edbb1dd51d597aab09f838662331395c7614f9ece1ee6aae4e
raw_input_csv,classification_gini,classification_gini_run012.csv,/Users/mathiasvalla/Desktop/Post-doc/Papiers/EarlyStoppingTrees/EarlyStoppingTrees/examples/early_stop_trees/benchmark_results/classification_gini_run012.csv,1020272,94f3756b907caee51fe11c04cc2c75db9dff3522e0c2fe8600a8b46825d7b80b
raw_input_csv,classification_gini,classification_gini_run013.csv,/Users/mathiasvalla/Desktop/Post-doc/Papiers/EarlyStoppingTrees/EarlyStoppingTrees/examples/early_stop_trees/benchmark_results/classification_gini_run013.csv,1021142,a796402b963865364f64d9ec6a584672f2520adf2135ae134c9b8e63f33f9c59
raw_input_csv,classification_gini,classification_gini_run014.csv,/Users/mathiasvalla/Desktop/Post-doc/Papiers/EarlyStoppingTrees/EarlyStoppingTrees/examples/early_stop_trees/benchmark_results/classification_gini_run014.csv,1021375,10004f07866e68a433f1935a0978c2923866866fe79d9426d1a779b72128eb6b
raw_input_csv,classification_gini,classification_gini_run015.csv,/Users/mathiasvalla/Desktop/Post-doc/Papiers/EarlyStoppingTrees/EarlyStoppingTrees/examples/early_stop_trees/benchmark_results/classification_gini_run015.csv,1019159,641beb2ce0e1e290c0448be54f58872e5780c872e00ddbb5046b22cd85b79178
raw_input_csv,classification_gini,classification_gini_run016.csv,/Users/mathiasvalla/Desktop/Post-doc/Papiers/EarlyStoppingTrees/EarlyStoppingTrees/examples/early_stop_trees/benchmark_results/classification_gini_run016.csv,1021763,e5c3a3012fe65a5d56981919f08271689ad90f2298f8ae7d2accc25e46cd9386
raw_input_csv,classification_gini,classification_gini_run017.csv,/Users/mathiasvalla/Desktop/Post-doc/Papiers/EarlyStoppingTrees/EarlyStoppingTrees/examples/early_stop_trees/benchmark_results/classification_gini_run017.csv,1022396,3b865312e2afaa183fd89234684c7a22546405cfd8b2acda867c00f690ed59f9
raw_input_csv,classification_gini,classification_gini_run018.csv,/Users/mathiasvalla/Desktop/Post-doc/Papiers/EarlyStoppingTrees/EarlyStoppingTrees/examples/early_stop_trees/benchmark_results/classification_gini_run018.csv,1023114,fc84fd8d794c411638511f4c4189aecc1caada57460517300c2bd9d4c814dbfe
raw_input_csv,classification_gini,classification_gini_run019.csv,/Users/mathiasvalla/Desktop/Post-doc/Papiers/EarlyStoppingTrees/EarlyStoppingTrees/examples/early_stop_trees/benchmark_results/classification_gini_run019.csv,1021548,e5a9b365055a9d55243cf1aabb3f1306da5df86b7b82360934c5199f4ac5c992
raw_input_csv,classification_gini,classification_gini_run020.csv,/Users/mathiasvalla/Desktop/Post-doc/Papiers/EarlyStoppingTrees/EarlyStoppingTrees/examples/early_stop_trees/benchmark_results/classification_gini_run020.csv,1022582,acb5a13802aacd202c37709198dbb8b0557a798a6e4c5e65573852a4b728e66e
raw_input_csv,classification_gini,classification_gini_run021.csv,/Users/mathiasvalla/Desktop/Post-doc/Papiers/EarlyStoppingTrees/EarlyStoppingTrees/examples/early_stop_trees/benchmark_results/classification_gini_run021.csv,1022718,42b2beadd0db535027be7c3f1778e67e697a8247188a39d968268bf6cffa96a1
raw_input_csv,classification_gini,classification_gini_run022.csv,/Users/mathiasvalla/Desktop/Post-doc/Papiers/EarlyStoppingTrees/EarlyStoppingTrees/examples/early_stop_trees/benchmark_results/classification_gini_run022.csv,1022172,6b8fd7a3a1761873a27c16285c142bb83916e4ee8d6cc75cb0013131431f58e6
raw_input_csv,classification_gini,classification_gini_run023.csv,/Users/mathiasvalla/Desktop/Post-doc/Papiers/EarlyStoppingTrees/EarlyStoppingTrees/examples/early_stop_trees/benchmark_results/classification_gini_run023.csv,1018941,3c5b669882b0fad67914a39586ea22e0018605a9e0769bb8497381b9751367d2
raw_input_csv,classification_gini,classification_gini_run024.csv,/Users/mathiasvalla/Desktop/Post-doc/Papiers/EarlyStoppingTrees/EarlyStoppingTrees/examples/early_stop_trees/benchmark_results/classification_gini_run024.csv,1021093,d865919e156926a5def594cef790f9b2c95222027995725a8872a5871d170d0f
raw_input_csv,classification_gini,classification_gini_run025.csv,/Users/mathiasvalla/Desktop/Post-doc/Papiers/EarlyStoppingTrees/EarlyStoppingTrees/examples/early_stop_trees/benchmark_results/classification_gini_run025.csv,1021166,fc15b251dc0bce468bfc5628ce355c682550eec5f0f83573c68d14c50409f3fd
raw_input_csv,classification_gini,classification_gini_run026.csv,/Users/mathiasvalla/Desktop/Post-doc/Papiers/EarlyStoppingTrees/EarlyStoppingTrees/examples/early_stop_trees/benchmark_results/classification_gini_run026.csv,1022295,f0ddbf37ec95350d5567e11ccadc78d2ee8b37e2192174f6e2bc090e0684beb2
raw_input_csv,classification_gini,classification_gini_run027.csv,/Users/mathiasvalla/Desktop/Post-doc/Papiers/EarlyStoppingTrees/EarlyStoppingTrees/examples/early_stop_trees/benchmark_results/classification_gini_run027.csv,1020786,c7469cc218f9bd0a17bf6a06e6ee0ded4cff501c634620a525c150fe3096e916
raw_input_csv,classification_gini,classification_gini_run028.csv,/Users/mathiasvalla/Desktop/Post-doc/Papiers/EarlyStoppingTrees/EarlyStoppingTrees/examples/early_stop_trees/benchmark_results/classification_gini_run028.csv,1020814,69aa5fe358bc4bf1a409f41a378fac398d266d0d8119f373fa54a994efe884d5
raw_input_csv,classification_gini,classification_gini_run029.csv,/Users/mathiasvalla/Desktop/Post-doc/Papiers/EarlyStoppingTrees/EarlyStoppingTrees/examples/early_stop_trees/benchmark_results/classification_gini_run029.csv,1021794,abc657e28b5fe05333a5248ae351a3c64bf8e1cf7b8645cb929d9d9337a72b7d
raw_input_csv,classification_gini,classification_gini_run030.csv,/Users/mathiasvalla/Desktop/Post-doc/Papiers/EarlyStoppingTrees/EarlyStoppingTrees/examples/early_stop_trees/benchmark_results/classification_gini_run030.csv,1022715,f05c07e3312204f8760a954aa9c95dfbe3a5971b9e1ec1176760186e220ce067
raw_input_csv,classification_gini,classification_gini_run031.csv,/Users/mathiasvalla/Desktop/Post-doc/Papiers/EarlyStoppingTrees/EarlyStoppingTrees/examples/early_stop_trees/benchmark_results/classification_gini_run031.csv,1020293,cad30d464bd5229cb1e530b64b0b4ebb1011699a3e5999dcd180213a77c8ad22
raw_input_csv,classification_gini,classification_gini_run032.csv,/Users/mathiasvalla/Desktop/Post-doc/Papiers/EarlyStoppingTrees/EarlyStoppingTrees/examples/early_stop_trees/benchmark_results/classification_gini_run032.csv,1020493,571d5329d46ebcd00e1d5a041990eebe18bbd5a9db8169c0ed95ec0613ccdb18
raw_input_csv,classification_gini,classification_gini_run033.csv,/Users/mathiasvalla/Desktop/Post-doc/Papiers/EarlyStoppingTrees/EarlyStoppingTrees/examples/early_stop_trees/benchmark_results/classification_gini_run033.csv,1021361,3b4e476f9383831cfd728872602803655ad73414e0dce0f07fb2bf5542719b03
raw_input_csv,classification_gini,classification_gini_run034.csv,/Users/mathiasvalla/Desktop/Post-doc/Papiers/EarlyStoppingTrees/EarlyStoppingTrees/examples/early_stop_trees/benchmark_results/classification_gini_run034.csv,1022641,20d8f29b0dbcfa228d116a07ab1bc9ea963a53433db51fe3b0bd31f9156c1d79
raw_input_csv,classification_gini,classification_gini_run035.csv,/Users/mathiasvalla/Desktop/Post-doc/Papiers/EarlyStoppingTrees/EarlyStoppingTrees/examples/early_stop_trees/benchmark_results/classification_gini_run035.csv,1021840,b60209afe3e112fc7a75c0d44f5e0e3d69ed8f2895fa5d657d40651099f47f94
raw_input_csv,classification_gini,classification_gini_run036.csv,/Users/mathiasvalla/Desktop/Post-doc/Papiers/EarlyStoppingTrees/EarlyStoppingTrees/examples/early_stop_trees/benchmark_results/classification_gini_run036.csv,1021301,17b8e526f0f1697234d1519266a482942e3b1094107133b0501efec95efe814e
raw_input_csv,classification_gini,classification_gini_run037.csv,/Users/mathiasvalla/Desktop/Post-doc/Papiers/EarlyStoppingTrees/EarlyStoppingTrees/examples/early_stop_trees/benchmark_results/classification_gini_run037.csv,1021626,729b46504b941bfdc88e3220aea397ee7313f73b3d029be4168537aa3a7ca4cd
raw_input_csv,classification_gini,classification_gini_run038.csv,/Users/mathiasvalla/Desktop/Post-doc/Papiers/EarlyStoppingTrees/EarlyStoppingTrees/examples/early_stop_trees/benchmark_results/classification_gini_run038.csv,1021858,d7915ee05b9cdfd65b2b3a9ecea6cb6245a049894dfa7fe2de19748107a0654f
raw_input_csv,classification_gini,classification_gini_run039.csv,/Users/mathiasvalla/Desktop/Post-doc/Papiers/EarlyStoppingTrees/EarlyStoppingTrees/examples/early_stop_trees/benchmark_results/classification_gini_run039.csv,1021484,9959ff3d900edbc2713432f9d1f4cae26022ef986f4c79863cadd421ccec8c55
raw_input_csv,classification_gini,classification_gini_run040.csv,/Users/mathiasvalla/Desktop/Post-doc/Papiers/EarlyStoppingTrees/EarlyStoppingTrees/examples/early_stop_trees/benchmark_results/classification_gini_run040.csv,1019257,480edf7539b0ae71ad56356a478ebe249cfb96416299cfa7ae0fe9947c6a157f
raw_input_csv,classification_gini,classification_gini_run041.csv,/Users/mathiasvalla/Desktop/Post-doc/Papiers/EarlyStoppingTrees/EarlyStoppingTrees/examples/early_stop_trees/benchmark_results/classification_gini_run041.csv,1022832,adb6bf57a7db514b601119bb88f41f60162942138c03fc971661d75d2caf6a19
raw_input_csv,classification_gini,classification_gini_run042.csv,/Users/mathiasvalla/Desktop/Post-doc/Papiers/EarlyStoppingTrees/EarlyStoppingTrees/examples/early_stop_trees/benchmark_results/classification_gini_run042.csv,1022566,1eba90974242a25a9950c0320d3945b420972b35119a3e027bbbf2496966b48e
raw_input_csv,classification_gini,classification_gini_run043.csv,/Users/mathiasvalla/Desktop/Post-doc/Papiers/EarlyStoppingTrees/EarlyStoppingTrees/examples/early_stop_trees/benchmark_results/classification_gini_run043.csv,1021119,56c7632ab077071a023cdc48889df6ddb8369f44499e9f87e1666326d18a5921
raw_input_csv,classification_gini,classification_gini_run044.csv,/Users/mathiasvalla/Desktop/Post-doc/Papiers/EarlyStoppingTrees/EarlyStoppingTrees/examples/early_stop_trees/benchmark_results/classification_gini_run044.csv,1021381,6483c67d09c1ac48151efe8ca62b4dc09f71e52a3685533bb817c4a237df1e06
raw_input_csv,classification_gini,classification_gini_run045.csv,/Users/mathiasvalla/Desktop/Post-doc/Papiers/EarlyStoppingTrees/EarlyStoppingTrees/examples/early_stop_trees/benchmark_results/classification_gini_run045.csv,1022543,2baadfa2def385d0ea31ceb9714cd7a37d19f8d70f109a95299817d178fc6ecc
raw_input_csv,classification_gini,classification_gini_run046.csv,/Users/mathiasvalla/Desktop/Post-doc/Papiers/EarlyStoppingTrees/EarlyStoppingTrees/examples/early_stop_trees/benchmark_results/classification_gini_run046.csv,1022109,60191a54bed3c28b49a8e7740013b05a7ef231b95c92aa9a6cc7cb1e4e655239
raw_input_csv,classification_gini,classification_gini_run047.csv,/Users/mathiasvalla/Desktop/Post-doc/Papiers/EarlyStoppingTrees/EarlyStoppingTrees/examples/early_stop_trees/benchmark_results/classification_gini_run047.csv,1022318,d7b4fe342037e1299efc99baf18544801da61d398be02ed42f54e58eb090d3b7
raw_input_csv,classification_gini,classification_gini_run048.csv,/Users/mathiasvalla/Desktop/Post-doc/Papiers/EarlyStoppingTrees/EarlyStoppingTrees/examples/early_stop_trees/benchmark_results/classification_gini_run048.csv,1022628,6068772827109395bf50cc39a413fc9fb1bd963fbe43cd8b03443343fa766894
raw_input_csv,classification_gini,classification_gini_run049.csv,/Users/mathiasvalla/Desktop/Post-doc/Papiers/EarlyStoppingTrees/EarlyStoppingTrees/examples/early_stop_trees/benchmark_results/classification_gini_run049.csv,1019710,4b92dfe94d87d6d38a988909f1a653dd07dab07287d757a14b351be19ca728a7
raw_input_csv,classification_gini,classification_gini_run050.csv,/Users/mathiasvalla/Desktop/Post-doc/Papiers/EarlyStoppingTrees/EarlyStoppingTrees/examples/early_stop_trees/benchmark_results/classification_gini_run050.csv,1022043,2f56b8d011092407c71a5805d7b013a6b26a61b0f99a5d4115e03773598819ad
raw_input_csv,classification_gini,classification_gini_run051.csv,/Users/mathiasvalla/Desktop/Post-doc/Papiers/EarlyStoppingTrees/EarlyStoppingTrees/examples/early_stop_trees/benchmark_results/classification_gini_run051.csv,1020501,581633ff53b2d5f102f8533f95615aa6fd9aec33921286c31fb4b83da1e775b6
raw_input_csv,classification_gini,classification_gini_run052.csv,/Users/mathiasvalla/Desktop/Post-doc/Papiers/EarlyStoppingTrees/EarlyStoppingTrees/examples/early_stop_trees/benchmark_results/classification_gini_run052.csv,1022232,daf4e912aeabdf9ea953cba834b09473243979c9a6f05e86fec85371033ed118
raw_input_csv,classification_gini,classification_gini_run053.csv,/Users/mathiasvalla/Desktop/Post-doc/Papiers/EarlyStoppingTrees/EarlyStoppingTrees/examples/early_stop_trees/benchmark_results/classification_gini_run053.csv,1018571,173261486340a9dbb9aac4b15545ef56c8e3be4e350468e5b3c1b37339f81062
raw_input_csv,classification_gini,classification_gini_run054.csv,/Users/mathiasvalla/Desktop/Post-doc/Papiers/EarlyStoppingTrees/EarlyStoppingTrees/examples/early_stop_trees/benchmark_results/classification_gini_run054.csv,1021215,dd7b8aeb34541dde4c7028cf049188acc6b77deb2c0721ce31f9666deb94d90b
raw_input_csv,classification_gini,classification_gini_run055.csv,/Users/mathiasvalla/Desktop/Post-doc/Papiers/EarlyStoppingTrees/EarlyStoppingTrees/examples/early_stop_trees/benchmark_results/classification_gini_run055.csv,1020877,d55d330bf21cad1024e56ec4189ac29e79fc82dd51eab5b3caa067462475e11f
raw_input_csv,classification_gini,classification_gini_run056.csv,/Users/mathiasvalla/Desktop/Post-doc/Papiers/EarlyStoppingTrees/EarlyStoppingTrees/examples/early_stop_trees/benchmark_results/classification_gini_run056.csv,1020985,fc6cb67764741fdd4b103fb1023cdbc23dc536a500a1e79a4eab4936bc20bd37
raw_input_csv,classification_gini,classification_gini_run057.csv,/Users/mathiasvalla/Desktop/Post-doc/Papiers/EarlyStoppingTrees/EarlyStoppingTrees/examples/early_stop_trees/benchmark_results/classification_gini_run057.csv,1021324,fe7b111db6ea90b7a7581970b9a2eb117eea2cd61c000bea25c2b39e98918ce9
raw_input_csv,classification_gini,classification_gini_run058.csv,/Users/mathiasvalla/Desktop/Post-doc/Papiers/EarlyStoppingTrees/EarlyStoppingTrees/examples/early_stop_trees/benchmark_results/classification_gini_run058.csv,1019921,0f238a4c99805486f29814eca87d39f96bd504ca9e7e65712d70498c174128e2
raw_input_csv,classification_gini,classification_gini_run059.csv,/Users/mathiasvalla/Desktop/Post-doc/Papiers/EarlyStoppingTrees/EarlyStoppingTrees/examples/early_stop_trees/benchmark_results/classification_gini_run059.csv,1020608,ff3b9ae029046347e318cbb5d8c7295a93c93fa4a54c9201b2cb903a3ea1618f
raw_input_csv,classification_gini,classification_gini_run060.csv,/Users/mathiasvalla/Desktop/Post-doc/Papiers/EarlyStoppingTrees/EarlyStoppingTrees/examples/early_stop_trees/benchmark_results/classification_gini_run060.csv,1020836,06eae0d9f9dfd131ba587602e6ad0e7ec6138bf72883489b21d0b37bf91e930a
raw_input_csv,classification_gini,classification_gini_run061.csv,/Users/mathiasvalla/Desktop/Post-doc/Papiers/EarlyStoppingTrees/EarlyStoppingTrees/examples/early_stop_trees/benchmark_results/classification_gini_run061.csv,1019927,5783319f8310432ce9d44d0632ba2d1435bc0b0529e8007e10728cd30774c3e4
raw_input_csv,classification_gini,classification_gini_run062.csv,/Users/mathiasvalla/Desktop/Post-doc/Papiers/EarlyStoppingTrees/EarlyStoppingTrees/examples/early_stop_trees/benchmark_results/classification_gini_run062.csv,1021454,dabe39783e92eaa8a885f21f982326138e39cac89e010362dcce1f5560b72161
raw_input_csv,classification_gini,classification_gini_run063.csv,/Users/mathiasvalla/Desktop/Post-doc/Papiers/EarlyStoppingTrees/EarlyStoppingTrees/examples/early_stop_trees/benchmark_results/classification_gini_run063.csv,1020181,a6fa894b5a02a362d9d906e08a5d4881b7904961a3e98ec52728afbd920245f3
raw_input_csv,classification_gini,classification_gini_run064.csv,/Users/mathiasvalla/Desktop/Post-doc/Papiers/EarlyStoppingTrees/EarlyStoppingTrees/examples/early_stop_trees/benchmark_results/classification_gini_run064.csv,1020804,ef7fb22d8478035ec31b45dc5bfa2ef4df9a7d33e62680c1a6ee6500c6c61fb7
raw_input_csv,classification_gini,classification_gini_run065.csv,/Users/mathiasvalla/Desktop/Post-doc/Papiers/EarlyStoppingTrees/EarlyStoppingTrees/examples/early_stop_trees/benchmark_results/classification_gini_run065.csv,1023132,cb468ecaf6cf7777d2fa101a3e46d63bfb04a2203b5cd7c8a8f00f4cd86e11a5
raw_input_csv,classification_gini,classification_gini_run066.csv,/Users/mathiasvalla/Desktop/Post-doc/Papiers/EarlyStoppingTrees/EarlyStoppingTrees/examples/early_stop_trees/benchmark_results/classification_gini_run066.csv,1022334,1f332860ae964d2b2843007090e0c0c1b7de4784175a789bc65bb0258642962e
raw_input_csv,classification_gini,classification_gini_run067.csv,/Users/mathiasvalla/Desktop/Post-doc/Papiers/EarlyStoppingTrees/EarlyStoppingTrees/examples/early_stop_trees/benchmark_results/classification_gini_run067.csv,1021206,b2dc94ebf7bcaf4d222dd8b664e3d44d8a7728587628447175d8e6012b3e54e5
raw_input_csv,classification_gini,classification_gini_run068.csv,/Users/mathiasvalla/Desktop/Post-doc/Papiers/EarlyStoppingTrees/EarlyStoppingTrees/examples/early_stop_trees/benchmark_results/classification_gini_run068.csv,1021480,ac78389278c51f63e0c9b379b9f3c01eba8a93fa8a4ea8ffaaf97700315cf527
raw_input_csv,classification_gini,classification_gini_run069.csv,/Users/mathiasvalla/Desktop/Post-doc/Papiers/EarlyStoppingTrees/EarlyStoppingTrees/examples/early_stop_trees/benchmark_results/classification_gini_run069.csv,1021918,8120bd645cd9636ad03f6d1a01ce2f82c312d4ad56ea7021016001375ab1bcb7
raw_input_csv,classification_gini,classification_gini_run070.csv,/Users/mathiasvalla/Desktop/Post-doc/Papiers/EarlyStoppingTrees/EarlyStoppingTrees/examples/early_stop_trees/benchmark_results/classification_gini_run070.csv,1020160,99f21ee51fe71b0a068ea1f289dae30a828cf1d79403fe79f7a1fb99d64c75f1
raw_input_csv,classification_gini,classification_gini_run071.csv,/Users/mathiasvalla/Desktop/Post-doc/Papiers/EarlyStoppingTrees/EarlyStoppingTrees/examples/early_stop_trees/benchmark_results/classification_gini_run071.csv,1022201,0c50610fad271566c9328eed6b55ed1d821300812bc094ec0222a5b8a94bcd35
raw_input_csv,classification_gini,classification_gini_run072.csv,/Users/mathiasvalla/Desktop/Post-doc/Papiers/EarlyStoppingTrees/EarlyStoppingTrees/examples/early_stop_trees/benchmark_results/classification_gini_run072.csv,1020727,12d391cb565b65cb8ba9389324886853de6ffad45a39b082620f0f0e32befd6f
raw_input_csv,classification_gini,classification_gini_run073.csv,/Users/mathiasvalla/Desktop/Post-doc/Papiers/EarlyStoppingTrees/EarlyStoppingTrees/examples/early_stop_trees/benchmark_results/classification_gini_run073.csv,1023256,88640f63ca4ed1c450e0af05c4588eba71b8e4f41477882d629f603ee87f294e
raw_input_csv,classification_gini,classification_gini_run074.csv,/Users/mathiasvalla/Desktop/Post-doc/Papiers/EarlyStoppingTrees/EarlyStoppingTrees/examples/early_stop_trees/benchmark_results/classification_gini_run074.csv,1022224,45095c2500c8278340147a5fa201ce94da064a9517e867ab33e763004b93c2a7
raw_input_csv,classification_gini,classification_gini_run075.csv,/Users/mathiasvalla/Desktop/Post-doc/Papiers/EarlyStoppingTrees/EarlyStoppingTrees/examples/early_stop_trees/benchmark_results/classification_gini_run075.csv,1021457,3488c28c5d101dedbb103344f7f321e36c48b3a857702e0708d55b80ca77c796
raw_input_csv,classification_gini,classification_gini_run076.csv,/Users/mathiasvalla/Desktop/Post-doc/Papiers/EarlyStoppingTrees/EarlyStoppingTrees/examples/early_stop_trees/benchmark_results/classification_gini_run076.csv,1018965,765b2618c4234066da57ecc38bd4aaf28be987245b8773cf5da38aa6e8b0661b
raw_input_csv,classification_gini,classification_gini_run077.csv,/Users/mathiasvalla/Desktop/Post-doc/Papiers/EarlyStoppingTrees/EarlyStoppingTrees/examples/early_stop_trees/benchmark_results/classification_gini_run077.csv,1021198,4f9b7ef83813ed247d6c918d91fb190fbecc81eb301b7302833ad75d82d05f3c
raw_input_csv,classification_gini,classification_gini_run078.csv,/Users/mathiasvalla/Desktop/Post-doc/Papiers/EarlyStoppingTrees/EarlyStoppingTrees/examples/early_stop_trees/benchmark_results/classification_gini_run078.csv,1020703,0cdc4eaf6aa8e0596599989348097ee51ed6f8460a18f1ccab843e219306bc27
raw_input_csv,classification_gini,classification_gini_run079.csv,/Users/mathiasvalla/Desktop/Post-doc/Papiers/EarlyStoppingTrees/EarlyStoppingTrees/examples/early_stop_trees/benchmark_results/classification_gini_run079.csv,1021679,5f429b1b9d4e92967cfcc83240285d3358ed24c89278697e676649a1a4c2ae54
raw_input_csv,classification_gini,classification_gini_run080.csv,/Users/mathiasvalla/Desktop/Post-doc/Papiers/EarlyStoppingTrees/EarlyStoppingTrees/examples/early_stop_trees/benchmark_results/classification_gini_run080.csv,1020443,c52c07f101b310f83cec259865a0636edfd7c0d89f889e430b70c78c5969ad46
raw_input_csv,classification_gini,classification_gini_run081.csv,/Users/mathiasvalla/Desktop/Post-doc/Papiers/EarlyStoppingTrees/EarlyStoppingTrees/examples/early_stop_trees/benchmark_results/classification_gini_run081.csv,1021005,e9a5c07bc19bef60499f1416d7d0dbf7841e46ad2e46b22a63a3c970f0205eb2
raw_input_csv,classification_gini,classification_gini_run082.csv,/Users/mathiasvalla/Desktop/Post-doc/Papiers/EarlyStoppingTrees/EarlyStoppingTrees/examples/early_stop_trees/benchmark_results/classification_gini_run082.csv,1021464,6c73aba02cfd49bbfa16fce2350df9a4d619999cc7a0592f42fd22c3c1761d13
raw_input_csv,classification_gini,classification_gini_run083.csv,/Users/mathiasvalla/Desktop/Post-doc/Papiers/EarlyStoppingTrees/EarlyStoppingTrees/examples/early_stop_trees/benchmark_results/classification_gini_run083.csv,1022098,94560424f13cb204617fc09278c41914373128ae44ede187d19ec7ffcef4aa3a
raw_input_csv,classification_gini,classification_gini_run084.csv,/Users/mathiasvalla/Desktop/Post-doc/Papiers/EarlyStoppingTrees/EarlyStoppingTrees/examples/early_stop_trees/benchmark_results/classification_gini_run084.csv,1021167,ee0322d63efc81b8d013ced1c64eb7577acadbe5067e94100f8e2c26681c4cdc
raw_input_csv,classification_gini,classification_gini_run085.csv,/Users/mathiasvalla/Desktop/Post-doc/Papiers/EarlyStoppingTrees/EarlyStoppingTrees/examples/early_stop_trees/benchmark_results/classification_gini_run085.csv,1020391,39bf6c553efa25c973cd5ca17e4c15d088d6d3198a9bb742b4f6f350541a8589
raw_input_csv,classification_gini,classification_gini_run086.csv,/Users/mathiasvalla/Desktop/Post-doc/Papiers/EarlyStoppingTrees/EarlyStoppingTrees/examples/early_stop_trees/benchmark_results/classification_gini_run086.csv,1020875,dbe3cb9a330f5ce9be5ea0226d2963ab60338f23fcf6873e531e979f920befb0
raw_input_csv,classification_gini,classification_gini_run087.csv,/Users/mathiasvalla/Desktop/Post-doc/Papiers/EarlyStoppingTrees/EarlyStoppingTrees/examples/early_stop_trees/benchmark_results/classification_gini_run087.csv,1022862,632cffc2a72cede24110e3a423c81914763849aa28aba69726297b9f359cf5c1
raw_input_csv,classification_gini,classification_gini_run088.csv,/Users/mathiasvalla/Desktop/Post-doc/Papiers/EarlyStoppingTrees/EarlyStoppingTrees/examples/early_stop_trees/benchmark_results/classification_gini_run088.csv,1022582,3360c7d1915a63f9812872a86775b5656d30d2a6580e0e4092f07f2faa602ff5
raw_input_csv,classification_gini,classification_gini_run089.csv,/Users/mathiasvalla/Desktop/Post-doc/Papiers/EarlyStoppingTrees/EarlyStoppingTrees/examples/early_stop_trees/benchmark_results/classification_gini_run089.csv,1023155,949fa9b5824f53dbbc9be383479283caae1d068eb1557fbfb97740c411de96c4
raw_input_csv,classification_gini,classification_gini_run090.csv,/Users/mathiasvalla/Desktop/Post-doc/Papiers/EarlyStoppingTrees/EarlyStoppingTrees/examples/early_stop_trees/benchmark_results/classification_gini_run090.csv,1022300,7382ddf12580fa5bcb953c4561d9bbec754881ef0d83a29ff47bc4cf0229d766
raw_input_csv,classification_gini,classification_gini_run091.csv,/Users/mathiasvalla/Desktop/Post-doc/Papiers/EarlyStoppingTrees/EarlyStoppingTrees/examples/early_stop_trees/benchmark_results/classification_gini_run091.csv,1022849,f14d464993f660512b11f2571550044e1d48f3ce5aecba326831ff2cfebb9ddf
raw_input_csv,classification_gini,classification_gini_run092.csv,/Users/mathiasvalla/Desktop/Post-doc/Papiers/EarlyStoppingTrees/EarlyStoppingTrees/examples/early_stop_trees/benchmark_results/classification_gini_run092.csv,1022328,285b7fa60908d3bef4a0f423ca70457076fed147e9fb96f8b3d328f3256aee48
raw_input_csv,classification_gini,classification_gini_run093.csv,/Users/mathiasvalla/Desktop/Post-doc/Papiers/EarlyStoppingTrees/EarlyStoppingTrees/examples/early_stop_trees/benchmark_results/classification_gini_run093.csv,1020476,66462c028c8c2994de122bdcb4908ab13208bfc3cb8faa25ac70fe7db4f0c4d3
raw_input_csv,classification_gini,classification_gini_run094.csv,/Users/mathiasvalla/Desktop/Post-doc/Papiers/EarlyStoppingTrees/EarlyStoppingTrees/examples/early_stop_trees/benchmark_results/classification_gini_run094.csv,1023013,d549100bcdfd9c38af20a3480ae20f0cd349965b7aed1320e6a0df064294ea58
raw_input_csv,classification_gini,classification_gini_run095.csv,/Users/mathiasvalla/Desktop/Post-doc/Papiers/EarlyStoppingTrees/EarlyStoppingTrees/examples/early_stop_trees/benchmark_results/classification_gini_run095.csv,1021404,f7495d138560facc5213eecc788565520ba3521f006bc3aa44fbf8de0806f8c4
raw_input_csv,classification_gini,classification_gini_run096.csv,/Users/mathiasvalla/Desktop/Post-doc/Papiers/EarlyStoppingTrees/EarlyStoppingTrees/examples/early_stop_trees/benchmark_results/classification_gini_run096.csv,1020917,62e41694c362d43165b49717993a2ea4fd650c7b93362b21909559908db3fc46
raw_input_csv,classification_gini,classification_gini_run097.csv,/Users/mathiasvalla/Desktop/Post-doc/Papiers/EarlyStoppingTrees/EarlyStoppingTrees/examples/early_stop_trees/benchmark_results/classification_gini_run097.csv,1020759,e0af870239954933890314bcb8d8824edacf5ad41fe8574cac76747469d10817
raw_input_csv,classification_gini,classification_gini_run098.csv,/Users/mathiasvalla/Desktop/Post-doc/Papiers/EarlyStoppingTrees/EarlyStoppingTrees/examples/early_stop_trees/benchmark_results/classification_gini_run098.csv,1021422,ea6cc7b89cf14ede12dbbbba928653c2fb1c82d506c07df1af9ce657a3ab1f1c
raw_input_csv,classification_gini,classification_gini_run099.csv,/Users/mathiasvalla/Desktop/Post-doc/Papiers/EarlyStoppingTrees/EarlyStoppingTrees/examples/early_stop_trees/benchmark_results/classification_gini_run099.csv,1020266,50d5bf8bb176607d079d3f386cc4e4b83ed437b19dd5237761a262ba222c1aa3
raw_input_csv,classification_gini,classification_gini_run100.csv,/Users/mathiasvalla/Desktop/Post-doc/Papiers/EarlyStoppingTrees/EarlyStoppingTrees/examples/early_stop_trees/benchmark_results/classification_gini_run100.csv,1021769,68e4f19d7bf60c2376cf7c0ce49ad10a4ca949f48455194d1154ca159ef16236
raw_input_csv,regression,regression_run001.csv,/Users/mathiasvalla/Desktop/Post-doc/Papiers/EarlyStoppingTrees/EarlyStoppingTrees/examples/early_stop_trees/benchmark_results/regression_run001.csv,786745,eb4dc034d9728e9d83593d0c0d848d879d1716e8215c7273262a015015148554
raw_input_csv,regression,regression_run002.csv,/Users/mathiasvalla/Desktop/Post-doc/Papiers/EarlyStoppingTrees/EarlyStoppingTrees/examples/early_stop_trees/benchmark_results/regression_run002.csv,786486,d280c352d58fdc4fc6ab1e1bf6183d2c0ec0f0f4fc16502ccd4af98d08ea8923
raw_input_csv,regression,regression_run003.csv,/Users/mathiasvalla/Desktop/Post-doc/Papiers/EarlyStoppingTrees/EarlyStoppingTrees/examples/early_stop_trees/benchmark_results/regression_run003.csv,786397,9742afba8ad34ca1147fd41efa40b0e8a1c89ef72e882d963b1e33a38c137eb1
raw_input_csv,regression,regression_run004.csv,/Users/mathiasvalla/Desktop/Post-doc/Papiers/EarlyStoppingTrees/EarlyStoppingTrees/examples/early_stop_trees/benchmark_results/regression_run004.csv,779039,7cac1821f7996347b96c767a4c2a9b84c5b1e9dede2628659c34992fc22495c0
raw_input_csv,regression,regression_run005.csv,/Users/mathiasvalla/Desktop/Post-doc/Papiers/EarlyStoppingTrees/EarlyStoppingTrees/examples/early_stop_trees/benchmark_results/regression_run005.csv,786414,53c380b7fb62d1da13fcbe2adce03df9e11bfa4649c422f03a4a2e0b24b4aeb5
raw_input_csv,regression,regression_run006.csv,/Users/mathiasvalla/Desktop/Post-doc/Papiers/EarlyStoppingTrees/EarlyStoppingTrees/examples/early_stop_trees/benchmark_results/regression_run006.csv,786005,663ab03040295af1009b38edf262e60bcb138c3e6ad43bb217f35580ef61fc3f
raw_input_csv,regression,regression_run007.csv,/Users/mathiasvalla/Desktop/Post-doc/Papiers/EarlyStoppingTrees/EarlyStoppingTrees/examples/early_stop_trees/benchmark_results/regression_run007.csv,786023,36ca4588f2938426505d3944ee87f04ddf4325b3ef5ee118245796a194822355
raw_input_csv,regression,regression_run008.csv,/Users/mathiasvalla/Desktop/Post-doc/Papiers/EarlyStoppingTrees/EarlyStoppingTrees/examples/early_stop_trees/benchmark_results/regression_run008.csv,786174,1fbbbaba509ecc94df8a64792ae41b6efc9198f70cef5cce0dd68ac98e52acfc
raw_input_csv,regression,regression_run009.csv,/Users/mathiasvalla/Desktop/Post-doc/Papiers/EarlyStoppingTrees/EarlyStoppingTrees/examples/early_stop_trees/benchmark_results/regression_run009.csv,785801,4f5f1425b66f920c77def6dbda8f8bf6c30630113b06bbb7f2357aeb11844781
raw_input_csv,regression,regression_run010.csv,/Users/mathiasvalla/Desktop/Post-doc/Papiers/EarlyStoppingTrees/EarlyStoppingTrees/examples/early_stop_trees/benchmark_results/regression_run010.csv,786467,9cad8d431875c11d9e942877a02559267ecfce10cb3442455e8ff64ab91f3e22
raw_input_csv,regression,regression_run011.csv,/Users/mathiasvalla/Desktop/Post-doc/Papiers/EarlyStoppingTrees/EarlyStoppingTrees/examples/early_stop_trees/benchmark_results/regression_run011.csv,786216,65fd56e88535a96466ee327946abc2e7a579828ee47c73ae4af04effa23ed619
raw_input_csv,regression,regression_run012.csv,/Users/mathiasvalla/Desktop/Post-doc/Papiers/EarlyStoppingTrees/EarlyStoppingTrees/examples/early_stop_trees/benchmark_results/regression_run012.csv,786277,27d3bf34c10152fbbaa1e9d8535460fa4fb17ebb321c9de03f6f36e0849e2f18
raw_input_csv,regression,regression_run013.csv,/Users/mathiasvalla/Desktop/Post-doc/Papiers/EarlyStoppingTrees/EarlyStoppingTrees/examples/early_stop_trees/benchmark_results/regression_run013.csv,786198,9b46fb0c9118732e7f7c5095d0d5e90b2afbe41db515cccb6299b29455f77358
raw_input_csv,regression,regression_run014.csv,/Users/mathiasvalla/Desktop/Post-doc/Papiers/EarlyStoppingTrees/EarlyStoppingTrees/examples/early_stop_trees/benchmark_results/regression_run014.csv,785765,232cc76c5e30404a97f9161f1173baa3d1c1a6d1339fe5250b8543d1c98311a8
raw_input_csv,regression,regression_run015.csv,/Users/mathiasvalla/Desktop/Post-doc/Papiers/EarlyStoppingTrees/EarlyStoppingTrees/examples/early_stop_trees/benchmark_results/regression_run015.csv,786597,a136f6c926fa336c3e1b38a122f87dee7488a6557c97ab34f9d0820d9dcbbc9d
raw_input_csv,regression,regression_run016.csv,/Users/mathiasvalla/Desktop/Post-doc/Papiers/EarlyStoppingTrees/EarlyStoppingTrees/examples/early_stop_trees/benchmark_results/regression_run016.csv,786761,cf4b333f5a06b37e7deac2e02057f473e8bb9f70244debce7caa380b5932e326
raw_input_csv,regression,regression_run017.csv,/Users/mathiasvalla/Desktop/Post-doc/Papiers/EarlyStoppingTrees/EarlyStoppingTrees/examples/early_stop_trees/benchmark_results/regression_run017.csv,786478,8956ac701da637aed87ac5d9e5fbd785211ff53b83f58b39d3cb39d65cefa0a3
raw_input_csv,regression,regression_run018.csv,/Users/mathiasvalla/Desktop/Post-doc/Papiers/EarlyStoppingTrees/EarlyStoppingTrees/examples/early_stop_trees/benchmark_results/regression_run018.csv,786262,1a8ce5c9ee226471e6eca564b955603241b94305fb6a294a7080e6de0a4602ad
raw_input_csv,regression,regression_run019.csv,/Users/mathiasvalla/Desktop/Post-doc/Papiers/EarlyStoppingTrees/EarlyStoppingTrees/examples/early_stop_trees/benchmark_results/regression_run019.csv,786048,9fb15182f54c917d1b8e2db1ea9b208784751e147fdcaac2601d8b60386af2ae
raw_input_csv,regression,regression_run020.csv,/Users/mathiasvalla/Desktop/Post-doc/Papiers/EarlyStoppingTrees/EarlyStoppingTrees/examples/early_stop_trees/benchmark_results/regression_run020.csv,786285,c589053b232d96b7589efd56506d28a3d43705bc9de21326ca5f8ae1d3818fa5
raw_input_csv,regression,regression_run021.csv,/Users/mathiasvalla/Desktop/Post-doc/Papiers/EarlyStoppingTrees/EarlyStoppingTrees/examples/early_stop_trees/benchmark_results/regression_run021.csv,786532,0be7197d851441434d3051b8540a88f5ad74037e586820a5746bb5a272616521
raw_input_csv,regression,regression_run022.csv,/Users/mathiasvalla/Desktop/Post-doc/Papiers/EarlyStoppingTrees/EarlyStoppingTrees/examples/early_stop_trees/benchmark_results/regression_run022.csv,786113,da0b5ac484d350b56830b23777d07ad9601429639f8c26f7a0dae7bd3e5c817a
raw_input_csv,regression,regression_run023.csv,/Users/mathiasvalla/Desktop/Post-doc/Papiers/EarlyStoppingTrees/EarlyStoppingTrees/examples/early_stop_trees/benchmark_results/regression_run023.csv,786296,95e65a99e7d3949f38e22ddfb8ddfb502ad31f5c0298c8211905dfedaa1d5537
raw_input_csv,regression,regression_run024.csv,/Users/mathiasvalla/Desktop/Post-doc/Papiers/EarlyStoppingTrees/EarlyStoppingTrees/examples/early_stop_trees/benchmark_results/regression_run024.csv,786279,9c7814d61214dcc483e00bdf927c1f932f24aea5ddefe6ac247215fe91a873a7
raw_input_csv,regression,regression_run025.csv,/Users/mathiasvalla/Desktop/Post-doc/Papiers/EarlyStoppingTrees/EarlyStoppingTrees/examples/early_stop_trees/benchmark_results/regression_run025.csv,786261,820a20422ce4fb371c0cb350fca0baedcb0a9e7c405eecfa484fe09ae83ae300
raw_input_csv,regression,regression_run026.csv,/Users/mathiasvalla/Desktop/Post-doc/Papiers/EarlyStoppingTrees/EarlyStoppingTrees/examples/early_stop_trees/benchmark_results/regression_run026.csv,786270,c70df18730853b440db86590cbd6745db1b6fea6d5f5235b4e6a80f363e13399
raw_input_csv,regression,regression_run027.csv,/Users/mathiasvalla/Desktop/Post-doc/Papiers/EarlyStoppingTrees/EarlyStoppingTrees/examples/early_stop_trees/benchmark_results/regression_run027.csv,786330,90a867a8f9174815e70c46b83177a0b83e1bbb076998a539e61d3b6386554744
raw_input_csv,regression,regression_run028.csv,/Users/mathiasvalla/Desktop/Post-doc/Papiers/EarlyStoppingTrees/EarlyStoppingTrees/examples/early_stop_trees/benchmark_results/regression_run028.csv,786724,462a9ae52a9eb7d59f94d25b8468852efb7154a9f3d1492ea3b309e4397e0b11
raw_input_csv,regression,regression_run029.csv,/Users/mathiasvalla/Desktop/Post-doc/Papiers/EarlyStoppingTrees/EarlyStoppingTrees/examples/early_stop_trees/benchmark_results/regression_run029.csv,786244,aee0d785f98ffef7da1f6e167792847ef71aeb9ddcf99e4f3ddb97b97e30396d
raw_input_csv,regression,regression_run030.csv,/Users/mathiasvalla/Desktop/Post-doc/Papiers/EarlyStoppingTrees/EarlyStoppingTrees/examples/early_stop_trees/benchmark_results/regression_run030.csv,786589,b2b69aaf9ebbe811b12a09cdabb2bd1fcb1f9f048228522ae22fce360340f828
raw_input_csv,regression,regression_run031.csv,/Users/mathiasvalla/Desktop/Post-doc/Papiers/EarlyStoppingTrees/EarlyStoppingTrees/examples/early_stop_trees/benchmark_results/regression_run031.csv,786446,75131b3a77797f122a8c3758a10afd05df799b2a579a522ef345bee465870857
raw_input_csv,regression,regression_run032.csv,/Users/mathiasvalla/Desktop/Post-doc/Papiers/EarlyStoppingTrees/EarlyStoppingTrees/examples/early_stop_trees/benchmark_results/regression_run032.csv,785885,bea0e9f4e698436192270a9c4bb48f12b897d624d0d5493d7eeccaaaf8a77a6a
raw_input_csv,regression,regression_run033.csv,/Users/mathiasvalla/Desktop/Post-doc/Papiers/EarlyStoppingTrees/EarlyStoppingTrees/examples/early_stop_trees/benchmark_results/regression_run033.csv,786220,f3ebabcacbd072271ad85967abf69bc5ec0ee1d29ecb3b0ce7cac04eb6eb2091
raw_input_csv,regression,regression_run034.csv,/Users/mathiasvalla/Desktop/Post-doc/Papiers/EarlyStoppingTrees/EarlyStoppingTrees/examples/early_stop_trees/benchmark_results/regression_run034.csv,786639,51d98325cf264edbc9b73c56538cebb8d945c89a462dee7add897c5773c849b5
raw_input_csv,regression,regression_run035.csv,/Users/mathiasvalla/Desktop/Post-doc/Papiers/EarlyStoppingTrees/EarlyStoppingTrees/examples/early_stop_trees/benchmark_results/regression_run035.csv,786436,c7bdf74b13a56ac42438343120132331fd6ca19059600ce970f3a05aab7f9a62
raw_input_csv,regression,regression_run036.csv,/Users/mathiasvalla/Desktop/Post-doc/Papiers/EarlyStoppingTrees/EarlyStoppingTrees/examples/early_stop_trees/benchmark_results/regression_run036.csv,786292,ea3236e59786cd964e08dbbecad9aefbe958eeb02b175ccbf9c8433af74f36e3
raw_input_csv,regression,regression_run037.csv,/Users/mathiasvalla/Desktop/Post-doc/Papiers/EarlyStoppingTrees/EarlyStoppingTrees/examples/early_stop_trees/benchmark_results/regression_run037.csv,786235,4ff7293dbe6fcfd7749f67049f7b3dfc8c45d7ae9f59d4bb96c11bfe98dab15d
raw_input_csv,regression,regression_run038.csv,/Users/mathiasvalla/Desktop/Post-doc/Papiers/EarlyStoppingTrees/EarlyStoppingTrees/examples/early_stop_trees/benchmark_results/regression_run038.csv,786422,43d8bef4f21d5475087c7aec8e162ac88d268e2d2556a2d60a14dbc4bd2641b4
raw_input_csv,regression,regression_run039.csv,/Users/mathiasvalla/Desktop/Post-doc/Papiers/EarlyStoppingTrees/EarlyStoppingTrees/examples/early_stop_trees/benchmark_results/regression_run039.csv,786456,436032b42948dafe57b5233a5a3302d92e75c10302dbaa0ea1dcea550596c118
raw_input_csv,regression,regression_run040.csv,/Users/mathiasvalla/Desktop/Post-doc/Papiers/EarlyStoppingTrees/EarlyStoppingTrees/examples/early_stop_trees/benchmark_results/regression_run040.csv,786355,063f1ae96b2cd6827e97d8847c847d21bf76799fd8b6d9d13cad2454e14ae067
raw_input_csv,regression,regression_run041.csv,/Users/mathiasvalla/Desktop/Post-doc/Papiers/EarlyStoppingTrees/EarlyStoppingTrees/examples/early_stop_trees/benchmark_results/regression_run041.csv,786505,01c388dcc51d7acf5d9184095a901c3edbc1453997655197591ca342a54bdf8f
raw_input_csv,regression,regression_run042.csv,/Users/mathiasvalla/Desktop/Post-doc/Papiers/EarlyStoppingTrees/EarlyStoppingTrees/examples/early_stop_trees/benchmark_results/regression_run042.csv,786512,b1929a28bb0ce8fd79a8ad5cc0951d5395dd22cfedc8568f1b56daa4a1a6d47b
raw_input_csv,regression,regression_run043.csv,/Users/mathiasvalla/Desktop/Post-doc/Papiers/EarlyStoppingTrees/EarlyStoppingTrees/examples/early_stop_trees/benchmark_results/regression_run043.csv,786596,526978ce82b99683f276b5e63a0e78fc593c3d6247d31baa9740b8a2a8929ce3
raw_input_csv,regression,regression_run044.csv,/Users/mathiasvalla/Desktop/Post-doc/Papiers/EarlyStoppingTrees/EarlyStoppingTrees/examples/early_stop_trees/benchmark_results/regression_run044.csv,786425,46b36d2eaec44e773b001578b4e3bf774a983cbbb8dcf92ada41b5637191b73d
raw_input_csv,regression,regression_run045.csv,/Users/mathiasvalla/Desktop/Post-doc/Papiers/EarlyStoppingTrees/EarlyStoppingTrees/examples/early_stop_trees/benchmark_results/regression_run045.csv,786388,507d909425a27d57c40b14634f2419d8b93a4552168d08c0e41843f8e71dd3c2
raw_input_csv,regression,regression_run046.csv,/Users/mathiasvalla/Desktop/Post-doc/Papiers/EarlyStoppingTrees/EarlyStoppingTrees/examples/early_stop_trees/benchmark_results/regression_run046.csv,786187,dc7d6552bb29c0ed1d51843b918ae103e814ff6a7c2bb6cd008dd379a2c15876
raw_input_csv,regression,regression_run047.csv,/Users/mathiasvalla/Desktop/Post-doc/Papiers/EarlyStoppingTrees/EarlyStoppingTrees/examples/early_stop_trees/benchmark_results/regression_run047.csv,786314,420aae8073a8a0ee172ca6aa32f194aff26f5d7a5df78fe5c0d5f6128a9809a1
raw_input_csv,regression,regression_run048.csv,/Users/mathiasvalla/Desktop/Post-doc/Papiers/EarlyStoppingTrees/EarlyStoppingTrees/examples/early_stop_trees/benchmark_results/regression_run048.csv,786428,29535bbe46679b16145676f3dbbb888867a62ac584f79e11fdeb0ae058f4f248
raw_input_csv,regression,regression_run049.csv,/Users/mathiasvalla/Desktop/Post-doc/Papiers/EarlyStoppingTrees/EarlyStoppingTrees/examples/early_stop_trees/benchmark_results/regression_run049.csv,786016,8ea5461d203b9663be6a35e1586c9b09bdf0509167a2e7e7296dcc5e3eaab748
raw_input_csv,regression,regression_run050.csv,/Users/mathiasvalla/Desktop/Post-doc/Papiers/EarlyStoppingTrees/EarlyStoppingTrees/examples/early_stop_trees/benchmark_results/regression_run050.csv,786824,7d35f42ea53493f828e0a5de50a5a797857ec53308c7b86a755898339673b76f
raw_input_csv,regression,regression_run051.csv,/Users/mathiasvalla/Desktop/Post-doc/Papiers/EarlyStoppingTrees/EarlyStoppingTrees/examples/early_stop_trees/benchmark_results/regression_run051.csv,786353,d7011b0f4e9dd282f505b610c7a6e8584316420e2585add40d4bfbccb98b5e4e
raw_input_csv,regression,regression_run052.csv,/Users/mathiasvalla/Desktop/Post-doc/Papiers/EarlyStoppingTrees/EarlyStoppingTrees/examples/early_stop_trees/benchmark_results/regression_run052.csv,786429,3a6a3da07658b71aba92c3a40527d23758d02ec5e0f1058855a4d0e248479274
raw_input_csv,regression,regression_run053.csv,/Users/mathiasvalla/Desktop/Post-doc/Papiers/EarlyStoppingTrees/EarlyStoppingTrees/examples/early_stop_trees/benchmark_results/regression_run053.csv,786465,4dea02983b7e1175c2ab23dd6734ea4c738b1e87f26cfb4e387216cb116cb6af
raw_input_csv,regression,regression_run054.csv,/Users/mathiasvalla/Desktop/Post-doc/Papiers/EarlyStoppingTrees/EarlyStoppingTrees/examples/early_stop_trees/benchmark_results/regression_run054.csv,786314,07d331fa620b4f36f5423c95602c2e960ad3d47fde87d8c7fb35df9abaded3f7
raw_input_csv,regression,regression_run055.csv,/Users/mathiasvalla/Desktop/Post-doc/Papiers/EarlyStoppingTrees/EarlyStoppingTrees/examples/early_stop_trees/benchmark_results/regression_run055.csv,786338,cf57a9e89a6f725830cec709c79442ea213cb1bb25081a97c5cda0f13fd3d074
raw_input_csv,regression,regression_run056.csv,/Users/mathiasvalla/Desktop/Post-doc/Papiers/EarlyStoppingTrees/EarlyStoppingTrees/examples/early_stop_trees/benchmark_results/regression_run056.csv,786387,c42d130a8265d24a505721e799122ec3aeb85662b4554b132922060ccc6a8140
raw_input_csv,regression,regression_run057.csv,/Users/mathiasvalla/Desktop/Post-doc/Papiers/EarlyStoppingTrees/EarlyStoppingTrees/examples/early_stop_trees/benchmark_results/regression_run057.csv,786324,69ab56597338e4de00d6c974faecfe65edc9bbf24f11b1a54a4abc44ffbbd1ee
raw_input_csv,regression,regression_run058.csv,/Users/mathiasvalla/Desktop/Post-doc/Papiers/EarlyStoppingTrees/EarlyStoppingTrees/examples/early_stop_trees/benchmark_results/regression_run058.csv,786571,dc70b5eca755a5ce228989319e7530179b4605b534af1d321569cce618cb1b87
raw_input_csv,regression,regression_run059.csv,/Users/mathiasvalla/Desktop/Post-doc/Papiers/EarlyStoppingTrees/EarlyStoppingTrees/examples/early_stop_trees/benchmark_results/regression_run059.csv,786749,44a45b5dadf2e2189afeb5357bfe44e140633becc7d7add54db5fa1f95a59581
raw_input_csv,regression,regression_run060.csv,/Users/mathiasvalla/Desktop/Post-doc/Papiers/EarlyStoppingTrees/EarlyStoppingTrees/examples/early_stop_trees/benchmark_results/regression_run060.csv,786743,f1c63775db63ddfc3ab756e17e68a89ff5367cd862d9401266e19ff27d2d7239
raw_input_csv,regression,regression_run061.csv,/Users/mathiasvalla/Desktop/Post-doc/Papiers/EarlyStoppingTrees/EarlyStoppingTrees/examples/early_stop_trees/benchmark_results/regression_run061.csv,786241,0309940fc3efdfbc6de50e37df545b9b527462173901d7960467091941925dd8
raw_input_csv,regression,regression_run062.csv,/Users/mathiasvalla/Desktop/Post-doc/Papiers/EarlyStoppingTrees/EarlyStoppingTrees/examples/early_stop_trees/benchmark_results/regression_run062.csv,786388,90361965169024c7bcf133d56a46c9420855ff90d1807888d9f3aea234a8ae50
raw_input_csv,regression,regression_run063.csv,/Users/mathiasvalla/Desktop/Post-doc/Papiers/EarlyStoppingTrees/EarlyStoppingTrees/examples/early_stop_trees/benchmark_results/regression_run063.csv,786422,2240b74d973d919ec9b6ec95a8d8d421b45fb2d8c8651c8314c96d2f8af58e55
raw_input_csv,regression,regression_run064.csv,/Users/mathiasvalla/Desktop/Post-doc/Papiers/EarlyStoppingTrees/EarlyStoppingTrees/examples/early_stop_trees/benchmark_results/regression_run064.csv,786348,6b9a7f324d61fad19e92dd6a8492841a21bb1a2cfe84f439f0151a83e1b70c4e
raw_input_csv,regression,regression_run065.csv,/Users/mathiasvalla/Desktop/Post-doc/Papiers/EarlyStoppingTrees/EarlyStoppingTrees/examples/early_stop_trees/benchmark_results/regression_run065.csv,786495,36ac966dd43e707bec39774a05426a7df0632c0b51db11f2ff9f763e1be86920
raw_input_csv,regression,regression_run066.csv,/Users/mathiasvalla/Desktop/Post-doc/Papiers/EarlyStoppingTrees/EarlyStoppingTrees/examples/early_stop_trees/benchmark_results/regression_run066.csv,786273,6b9b4b1e0fc39feb6b931d8437afdbf12f6aceb7baa7416a612ea018cb72011f
raw_input_csv,regression,regression_run067.csv,/Users/mathiasvalla/Desktop/Post-doc/Papiers/EarlyStoppingTrees/EarlyStoppingTrees/examples/early_stop_trees/benchmark_results/regression_run067.csv,786268,2bfdfa90f0b99239ffd502d88c88b4825fec18116765dc728934cc60642d01c2
raw_input_csv,regression,regression_run068.csv,/Users/mathiasvalla/Desktop/Post-doc/Papiers/EarlyStoppingTrees/EarlyStoppingTrees/examples/early_stop_trees/benchmark_results/regression_run068.csv,786657,4ee7609ce8490074eabd8bc46e42b1695fff52cab2b54a9cba0bb1aafbfc686b
raw_input_csv,regression,regression_run069.csv,/Users/mathiasvalla/Desktop/Post-doc/Papiers/EarlyStoppingTrees/EarlyStoppingTrees/examples/early_stop_trees/benchmark_results/regression_run069.csv,786422,4c4d3f5e1c59e0b794cc237ec67c29260b00d688831048a2d4c6e753bdbc8e67
raw_input_csv,regression,regression_run070.csv,/Users/mathiasvalla/Desktop/Post-doc/Papiers/EarlyStoppingTrees/EarlyStoppingTrees/examples/early_stop_trees/benchmark_results/regression_run070.csv,786561,b1c615b04ce3200e21f96d53f64c9b74bd5c4ddf08fc07166d7a79dee383a425
raw_input_csv,regression,regression_run071.csv,/Users/mathiasvalla/Desktop/Post-doc/Papiers/EarlyStoppingTrees/EarlyStoppingTrees/examples/early_stop_trees/benchmark_results/regression_run071.csv,786512,203be75fd023584ea24806743da90cec62903f1132b0f0f7db09eadcdb610061
raw_input_csv,regression,regression_run072.csv,/Users/mathiasvalla/Desktop/Post-doc/Papiers/EarlyStoppingTrees/EarlyStoppingTrees/examples/early_stop_trees/benchmark_results/regression_run072.csv,786779,a075f2cfeaf4b2a033e41d827097f1c9e258414012ea456016e22ba644ed3078
raw_input_csv,regression,regression_run073.csv,/Users/mathiasvalla/Desktop/Post-doc/Papiers/EarlyStoppingTrees/EarlyStoppingTrees/examples/early_stop_trees/benchmark_results/regression_run073.csv,786694,10eb01c991b6b0c0672049cb8b77546f782c90e357c6cc70ff16f6e9be8cc7d1
raw_input_csv,regression,regression_run074.csv,/Users/mathiasvalla/Desktop/Post-doc/Papiers/EarlyStoppingTrees/EarlyStoppingTrees/examples/early_stop_trees/benchmark_results/regression_run074.csv,786574,7c88c2e3037f090504fd95540ca26894b48705806b9055cc85951cb5c18aacd0
raw_input_csv,regression,regression_run075.csv,/Users/mathiasvalla/Desktop/Post-doc/Papiers/EarlyStoppingTrees/EarlyStoppingTrees/examples/early_stop_trees/benchmark_results/regression_run075.csv,786447,27af11a275a3678a63733bf78da4c6a1f94574ec955990b7b74ca769e704c86c
raw_input_csv,regression,regression_run076.csv,/Users/mathiasvalla/Desktop/Post-doc/Papiers/EarlyStoppingTrees/EarlyStoppingTrees/examples/early_stop_trees/benchmark_results/regression_run076.csv,786633,d9812e8d5ab21e3294963222a1ae066afef15e0d5481d513d4c43bbc0293f559
raw_input_csv,regression,regression_run077.csv,/Users/mathiasvalla/Desktop/Post-doc/Papiers/EarlyStoppingTrees/EarlyStoppingTrees/examples/early_stop_trees/benchmark_results/regression_run077.csv,786896,65c563d77c3f94aa27942f139753f39d9cd700ca09690b8e8cab71858050f2e3
raw_input_csv,regression,regression_run078.csv,/Users/mathiasvalla/Desktop/Post-doc/Papiers/EarlyStoppingTrees/EarlyStoppingTrees/examples/early_stop_trees/benchmark_results/regression_run078.csv,787009,0321ae65b3d2ef790e40323cfb77a0fff885e5649284235b390319ab9dd7ea66
raw_input_csv,regression,regression_run079.csv,/Users/mathiasvalla/Desktop/Post-doc/Papiers/EarlyStoppingTrees/EarlyStoppingTrees/examples/early_stop_trees/benchmark_results/regression_run079.csv,786643,7fc8d99a284eda9ee2b1f0f98e724c9bf08063f73bb30fbc0152ac6310f3fc84
raw_input_csv,regression,regression_run080.csv,/Users/mathiasvalla/Desktop/Post-doc/Papiers/EarlyStoppingTrees/EarlyStoppingTrees/examples/early_stop_trees/benchmark_results/regression_run080.csv,787038,925d4616a465f4a4536395c71d9f6208fd3df0651ee225eac3678bc16037f22d
raw_input_csv,regression,regression_run081.csv,/Users/mathiasvalla/Desktop/Post-doc/Papiers/EarlyStoppingTrees/EarlyStoppingTrees/examples/early_stop_trees/benchmark_results/regression_run081.csv,787197,b978bffcac0d6ec0b9dd72bd34479184cfff456fc479518daa311ae84f24bd72
raw_input_csv,regression,regression_run082.csv,/Users/mathiasvalla/Desktop/Post-doc/Papiers/EarlyStoppingTrees/EarlyStoppingTrees/examples/early_stop_trees/benchmark_results/regression_run082.csv,787445,c92e6ca91ab24d837c220ffdae6f6b67dd3366daf0fda76c2d51069351e754b2
raw_input_csv,regression,regression_run083.csv,/Users/mathiasvalla/Desktop/Post-doc/Papiers/EarlyStoppingTrees/EarlyStoppingTrees/examples/early_stop_trees/benchmark_results/regression_run083.csv,787165,0e017a34f6603a0bf746ced892378d0c28b87d50434eff1763fb719c607c209b
raw_input_csv,regression,regression_run084.csv,/Users/mathiasvalla/Desktop/Post-doc/Papiers/EarlyStoppingTrees/EarlyStoppingTrees/examples/early_stop_trees/benchmark_results/regression_run084.csv,787189,846214eb543ee8d1c3645599e8162f3ee719256e837fa15d2438420a07839580
raw_input_csv,regression,regression_run085.csv,/Users/mathiasvalla/Desktop/Post-doc/Papiers/EarlyStoppingTrees/EarlyStoppingTrees/examples/early_stop_trees/benchmark_results/regression_run085.csv,787821,129b7cd7d0540fd0d0773bade3b47428dbc29849e88b98c9b435b95eca041b3b
raw_input_csv,regression,regression_run086.csv,/Users/mathiasvalla/Desktop/Post-doc/Papiers/EarlyStoppingTrees/EarlyStoppingTrees/examples/early_stop_trees/benchmark_results/regression_run086.csv,787717,0947037f34ead42c6df233201a74a294b1c45fa735a3b65b9174c0bae363fd1e
raw_input_csv,regression,regression_run087.csv,/Users/mathiasvalla/Desktop/Post-doc/Papiers/EarlyStoppingTrees/EarlyStoppingTrees/examples/early_stop_trees/benchmark_results/regression_run087.csv,787378,a3aafb3d0c159de86c5814af9e41d4302b6b5aace12c83e163afc1e1aff67963
raw_input_csv,regression,regression_run088.csv,/Users/mathiasvalla/Desktop/Post-doc/Papiers/EarlyStoppingTrees/EarlyStoppingTrees/examples/early_stop_trees/benchmark_results/regression_run088.csv,787712,f6e40bb66eae981cb2a34f17fc52e2295fe167cc7d5e4afffc4a293f8e604449
raw_input_csv,regression,regression_run089.csv,/Users/mathiasvalla/Desktop/Post-doc/Papiers/EarlyStoppingTrees/EarlyStoppingTrees/examples/early_stop_trees/benchmark_results/regression_run089.csv,787759,ded38d944b4301c6cd15f0114faa4274d6d6b10b948e948f990c127e7c3c26e2
raw_input_csv,regression,regression_run090.csv,/Users/mathiasvalla/Desktop/Post-doc/Papiers/EarlyStoppingTrees/EarlyStoppingTrees/examples/early_stop_trees/benchmark_results/regression_run090.csv,787801,1af05b9842c884779713ad8062cba60d582e53b88b15f0a0b80fb971ea437f18
raw_input_csv,regression,regression_run091.csv,/Users/mathiasvalla/Desktop/Post-doc/Papiers/EarlyStoppingTrees/EarlyStoppingTrees/examples/early_stop_trees/benchmark_results/regression_run091.csv,787695,c6c1f6b042a45cfc730da6caddc37341aefaa08952e6f5a0f5eba7565147e325
raw_input_csv,regression,regression_run092.csv,/Users/mathiasvalla/Desktop/Post-doc/Papiers/EarlyStoppingTrees/EarlyStoppingTrees/examples/early_stop_trees/benchmark_results/regression_run092.csv,787586,2aadb48abeda36fbb752cb9433fb66f345401708f50e6ef845c8eebb808667d0
raw_input_csv,regression,regression_run093.csv,/Users/mathiasvalla/Desktop/Post-doc/Papiers/EarlyStoppingTrees/EarlyStoppingTrees/examples/early_stop_trees/benchmark_results/regression_run093.csv,787385,9c93bb09746e075ae0b0e4cd2fc0c1bbccef246251f05aa361861d3f01a8af9d
raw_input_csv,regression,regression_run094.csv,/Users/mathiasvalla/Desktop/Post-doc/Papiers/EarlyStoppingTrees/EarlyStoppingTrees/examples/early_stop_trees/benchmark_results/regression_run094.csv,787723,a89d0758d04ee37957e80f080ccbbf03af648b24eb3c050e2c1f94b03b69eb7d
raw_input_csv,regression,regression_run095.csv,/Users/mathiasvalla/Desktop/Post-doc/Papiers/EarlyStoppingTrees/EarlyStoppingTrees/examples/early_stop_trees/benchmark_results/regression_run095.csv,787823,277d99afe9caaf185a75772d5f849394b969dcde856ef7c6d38b978d6ed3d6c0
raw_input_csv,regression,regression_run096.csv,/Users/mathiasvalla/Desktop/Post-doc/Papiers/EarlyStoppingTrees/EarlyStoppingTrees/examples/early_stop_trees/benchmark_results/regression_run096.csv,787486,0cb183739a527579e0bfd709dd55f80dc9e0d7184a6f41da247f4b83a9ef3c1f
raw_input_csv,regression,regression_run097.csv,/Users/mathiasvalla/Desktop/Post-doc/Papiers/EarlyStoppingTrees/EarlyStoppingTrees/examples/early_stop_trees/benchmark_results/regression_run097.csv,787609,e034345312ef854b8f3e89e133940e76f5edd5199ea3a5a4eb2438a41297a6dc
raw_input_csv,regression,regression_run098.csv,/Users/mathiasvalla/Desktop/Post-doc/Papiers/EarlyStoppingTrees/EarlyStoppingTrees/examples/early_stop_trees/benchmark_results/regression_run098.csv,787820,98bdd35ad5f95f99f0f507df0ea31392832312def03bf75bf633f24a83874441
raw_input_csv,regression,regression_run099.csv,/Users/mathiasvalla/Desktop/Post-doc/Papiers/EarlyStoppingTrees/EarlyStoppingTrees/examples/early_stop_trees/benchmark_results/regression_run099.csv,787711,3a6f4ebf0dff922ed08359a4d71f3fa13f880425203a9840c8a7442abccf3388
raw_input_csv,regression,regression_run100.csv,/Users/mathiasvalla/Desktop/Post-doc/Papiers/EarlyStoppingTrees/EarlyStoppingTrees/examples/early_stop_trees/benchmark_results/regression_run100.csv,787575,28d6aa26999c42b0d008e764878bf3e2c0e3bad48763b68937e6f4610e52424d
reference_splitter_source,,treeple/_lib/sklearn_fork/sklearn/tree/_splitter.pyx,/Users/mathiasvalla/Desktop/Post-doc/Papiers/EarlyStoppingTrees/EarlyStoppingTrees/treeple/_lib/sklearn_fork/sklearn/tree/_splitter.pyx,37912,8ca582971811a0de1eacdbf5415caed1085a86d2db6db93eb5274c6d2d899cac
splitter_source,,treeple/tree/_classes.py,/Users/mathiasvalla/Desktop/Post-doc/Papiers/EarlyStoppingTrees/EarlyStoppingTrees/treeple/tree/_classes.py,148654,0d0f6dce84c4fff10ea572fa1e5c7f0c85818b49955462eb3c3cec981ccca8e1
splitter_source,,treeple/tree/_early_stop_splitter.pxd,/Users/mathiasvalla/Desktop/Post-doc/Papiers/EarlyStoppingTrees/EarlyStoppingTrees/treeple/tree/_early_stop_splitter.pxd,5830,bf562fd5fd47ae60d7311af5ee0749aef6a0d5e3284402b4620270261cb30112
splitter_source,,treeple/tree/_early_stop_splitter.pyx,/Users/mathiasvalla/Desktop/Post-doc/Papiers/EarlyStoppingTrees/EarlyStoppingTrees/treeple/tree/_early_stop_splitter.pyx,81895,5a1bd985fae2092c491f2e491eb9d63cda67ef764ab4aec4e28337fb9a354b85
test_source,,examples/early_stop_trees/test_analysis_inference.py,/Users/mathiasvalla/Desktop/Post-doc/Papiers/EarlyStoppingTrees/EarlyStoppingTrees/examples/early_stop_trees/test_analysis_inference.py,23148,73396bb0a4bc5ad1673aac7696fa2065958eab3e0ff76b75129fe95bca05e41c
