task,metric,unit,method_key,splitter,variant,analysis_tier,reference_method,method_selection_tier,n_paired_datasets,n_nonzero_differences,mean_paired_effect,median_paired_effect,fraction_favorable_or_tied,wilcoxon_pvalue_raw,signed_rank_biserial,centroid_hierarchical_ci_low,centroid_hierarchical_ci_high,median_hierarchical_ci_low,median_hierarchical_ci_high,wilcoxon_pvalue_holm,reject_holm_0.05
regression,time_saved_pct,percent_training_time,secretary|1overe,secretary,1overe,confirmatory,best|,revision_designated_representative,113,113,15.672231163751228,15.410967452849455,0.99115044247787609,3.759786750444779e-20,0.99658438130725047,14.104605933525523,16.962862720881514,13.003901170354625,17.608771245387874,2.5228877750931204e-19,True
regression,time_saved_pct,percent_training_time,double_secretary|1overe,double_secretary,1overe,confirmatory,best|,revision_designated_representative,113,113,5.4588532841984403,5.5142159971359632,0.84955752212389379,1.194084896511895e-16,0.89784195000776279,4.45107168422419,6.2699391230632324,4.3435809878047387,6.6521329878338671,1.194084896511895e-16,True
regression,time_saved_pct,percent_training_time,secretary_all|1overe,secretary_all,1overe,confirmatory,best|,revision_designated_representative,113,113,16.437828923734251,15.510074515256999,1,2.803208638992356e-20,1,15.453494344577207,17.201333898545737,14.633383761769583,17.007115323447429,2.5228877750931204e-19,True
regression,time_saved_pct,percent_training_time,block_rank|,block_rank,,confirmatory,best|,revision_designated_representative,113,113,60.460765219473004,63.064453901170324,1,2.803208638992356e-20,1,55.739819832239107,65.02919497162884,59.078031583349549,74.824699092212313,2.5228877750931204e-19,True
regression,time_saved_pct,percent_training_time,prophet_1sample|,prophet_1sample,,confirmatory,best|,revision_designated_representative,113,113,30.127447608756331,32.591021783376263,0.96460176991150437,5.8995715134406855e-19,0.96398074833100456,26.744811936625265,33.27290429043741,28.068589822954227,36.213703515028762,1.1799143026881371e-18,True
regression,time_saved_pct,percent_training_time,extra_tree|max_features=1,extra_tree,max_features=1,confirmatory,best|,revision_designated_representative,113,113,71.047654256661033,81.510653953313422,1,2.803208638992356e-20,1,66.016714429841315,75.708041741637714,72.305927125107615,86.289087201377953,2.5228877750931204e-19,True
regression,time_saved_pct,percent_training_time,extra_tree|max_features=1over3,extra_tree,max_features=1over3,confirmatory,best|,revision_designated_representative,113,113,66.591070889566041,77.350139484851283,1,2.803208638992356e-20,1,61.86206588728664,71.003435075786172,69.736092832348504,81.810566672733231,2.5228877750931204e-19,True
regression,time_saved_pct,percent_training_time,extra_tree|max_features=2over3,extra_tree,max_features=2over3,confirmatory,best|,revision_designated_representative,113,113,60.50315030317195,70.316889681981422,1,2.803208638992356e-20,1,55.994757672837515,64.778424341701935,61.441649543921109,73.74871872551671,2.5228877750931204e-19,True
regression,time_saved_pct,percent_training_time,extra_tree|max_features=all,extra_tree,max_features=all,confirmatory,best|,revision_designated_representative,113,113,54.043074671597438,61.895879923296462,1,2.803208638992356e-20,1,49.61665559703254,58.158234947125507,53.892985662917013,66.000041072040318,2.5228877750931204e-19,True
regression,predictive_loss_pct,percent_bounded_relative_RMSE_loss,secretary|1overe,secretary,1overe,confirmatory,best|,revision_designated_representative,113,109,4.662314649756417,3.8809116397315266,0.20353982300884957,3.2021120654135598e-14,0.83753127606338618,3.5579887472446723,5.8447969915715454,2.8848238968639111,4.9017542936348431,8.2613851920895794e-14,True
regression,predictive_loss_pct,percent_bounded_relative_RMSE_loss,double_secretary|1overe,double_secretary,1overe,confirmatory,best|,revision_designated_representative,113,109,2.6666780571525286,1.7515423007052222,0.20353982300884957,4.3172060321770824e-13,0.79949958298582147,1.9206176677579263,3.490936810400969,1.3256741566183505,2.5622306303752294,4.3172060321770824e-13,True
regression,predictive_loss_pct,percent_bounded_relative_RMSE_loss,secretary_all|1overe,secretary_all,1overe,confirmatory,best|,revision_designated_representative,113,102,2.6747196128035782,1.8119816778365327,0.21238938053097345,2.7537950640298598e-14,0.86788501808490381,1.9709129345236138,3.4599790309950857,1.3939436615401652,2.377065400514379,8.2613851920895794e-14,True
regression,predictive_loss_pct,percent_bounded_relative_RMSE_loss,block_rank|,block_rank,,confirmatory,best|,revision_designated_representative,113,108,31.334101261493462,31.90733657964558,0.088495575221238937,1.6555508857943431e-18,0.97315664288141357,27.287277136025555,35.350728491144821,24.86876253730096,39.282829298858971,1.1588856200560402e-17,True
regression,predictive_loss_pct,percent_bounded_relative_RMSE_loss,prophet_1sample|,prophet_1sample,,confirmatory,best|,revision_designated_representative,113,109,7.1201686283961028,6.4317575141623724,0.11504424778761062,5.2403072803763345e-18,0.95429524603836535,5.8274302060593923,8.1709752023765905,4.2820505096110741,8.1725097710391665,3.1441843682258006e-17,True
regression,predictive_loss_pct,percent_bounded_relative_RMSE_loss,extra_tree|max_features=1,extra_tree,max_features=1,confirmatory,best|,revision_designated_representative,113,109,36.021605147457223,36.674626652088087,0.061946902654867256,2.6205913931127116e-19,0.99132610508757302,31.877921007232697,40.018514584939929,30.651245598600994,44.013455921754314,2.3585322538014404e-18,True
regression,predictive_loss_pct,percent_bounded_relative_RMSE_loss,extra_tree|max_features=1over3,extra_tree,max_features=1over3,confirmatory,best|,revision_designated_representative,113,109,26.151782050676029,28.365726536235247,0.070796460176991149,4.787256120066938e-19,0.98398665554628861,22.852298626793335,29.335626631182574,23.89221785465358,33.246622102553417,3.8298048960535504e-18,True
regression,predictive_loss_pct,percent_bounded_relative_RMSE_loss,extra_tree|max_features=2over3,extra_tree,max_features=2over3,confirmatory,best|,revision_designated_representative,113,109,15.078447850481968,15.231748553074704,0.088495575221238937,1.0401644476292395e-17,0.94562135112593826,12.850810574909435,17.35676069648682,12.049153804923185,17.85131076448376,5.2008222381461976e-17,True
regression,predictive_loss_pct,percent_bounded_relative_RMSE_loss,extra_tree|max_features=all,extra_tree,max_features=all,confirmatory,best|,revision_designated_representative,113,109,7.8595447728044459,8.4615436365597319,0.16814159292035399,3.3510629076652833e-15,0.86922435362802331,6.1989321998605984,9.2548410473301441,6.5881963609696568,10.225382544741723,1.3404251630661133e-14,True
regression,effort_saved_pct,percent_gain_evaluations,secretary|1overe,secretary,1overe,confirmatory,best|,revision_designated_representative,113,113,44.966772622045738,46.849323062558355,1,2.8029610347650532e-20,1,43.762610274882945,46.053693834095917,45.86632534090333,47.465408812848082,2.5224421062582273e-19,True
regression,effort_saved_pct,percent_gain_evaluations,double_secretary|1overe,double_secretary,1overe,confirmatory,best|,revision_designated_representative,113,113,-0.51268247555004587,1.8829788196044972,0.62831858407079644,0.0081525319805580455,0.28675671479583914,-2.6356168192943299,1.4399790133968879,0.35003548993834005,3.5589051963506591,0.0081525319805580455,True
regression,effort_saved_pct,percent_gain_evaluations,secretary_all|1overe,secretary_all,1overe,confirmatory,best|,revision_designated_representative,113,108,16.549083465094071,17.419278064260212,0.99115044247787609,1.9215148372841358e-19,0.99966021066938493,15.515232235775246,17.552328591497421,16.466534540602851,18.566700013270594,3.8430296745682716e-19,True
regression,effort_saved_pct,percent_gain_evaluations,block_rank|,block_rank,,confirmatory,best|,revision_designated_representative,113,113,83.794325306380856,90.761378938863444,1,2.8029610347650532e-20,1,80.347265321685811,86.811890662153672,88.183807439824946,92.078806426931905,2.5224421062582273e-19,True
regression,effort_saved_pct,percent_gain_evaluations,prophet_1sample|,prophet_1sample,,confirmatory,best|,revision_designated_representative,113,111,51.518707014151289,58.380493033226152,1,5.9857294985083948e-20,1,47.864593135137049,54.863638632443497,55.992512701666818,60.486946861692282,2.5224421062582273e-19,True
regression,effort_saved_pct,percent_gain_evaluations,extra_tree|max_features=1,extra_tree,max_features=1,confirmatory,best|,revision_designated_representative,113,113,95.60513765741463,98.925281473899702,1,2.8029610347650532e-20,1,93.839860050782988,97.112197167722513,98.509433962264154,99.084152091608019,2.5224421062582273e-19,True
regression,effort_saved_pct,percent_gain_evaluations,extra_tree|max_features=1over3,extra_tree,max_features=1over3,confirmatory,best|,revision_designated_representative,113,113,92.885441792847232,96.701882024243687,1,2.8029610347650532e-20,1,90.78698821029451,94.640761518006485,96.472733300182341,96.96912860546459,2.5224421062582273e-19,True
regression,effort_saved_pct,percent_gain_evaluations,extra_tree|max_features=2over3,extra_tree,max_features=2over3,confirmatory,best|,revision_designated_representative,113,113,88.347912267397376,92.945466600364654,1,2.8029610347650532e-20,1,85.856546893694627,90.460825856990766,92.326786359802384,93.531128404669261,2.5224421062582273e-19,True
regression,effort_saved_pct,percent_gain_evaluations,extra_tree|max_features=all,extra_tree,max_features=all,confirmatory,best|,revision_designated_representative,113,113,83.818242149084512,88.802610848525759,1,2.8027134513980303e-20,1,81.04122280733894,86.162897651080627,87.665798933928357,89.544025157232696,2.5224421062582273e-19,True
classification_gini,time_saved_pct,percent_training_time,secretary|1overe,secretary,1overe,confirmatory,best|,revision_designated_representative,122,122,10.891204911274185,9.9223876613047217,0.73770491803278693,6.3864831241139618e-11,0.68172730907636947,8.3777893803140238,13.537138546650962,6.0836960598826453,14.586547983696683,1.2772966248227924e-10,True
classification_gini,time_saved_pct,percent_training_time,double_secretary|1overe,double_secretary,1overe,confirmatory,best|,revision_designated_representative,122,122,6.1320173248617147,5.4684043024860909,0.90163934426229508,1.78632318658218e-18,0.91496734639477539,4.973778000671552,7.0801784434428328,4.72578853719852,7.0681621569472908,5.35896955974654e-18,True
classification_gini,time_saved_pct,percent_training_time,secretary_all|1overe,secretary_all,1overe,confirmatory,best|,revision_designated_representative,122,122,12.735024693875406,12.893805747918581,0.96721311475409832,1.5902745684340802e-21,0.99413567906170863,11.307303245131903,14.073830336152744,10.433395205607216,14.728003337597764,8.3159570544434308e-21,True
classification_gini,time_saved_pct,percent_training_time,block_rank|,block_rank,,confirmatory,best|,revision_designated_representative,122,122,45.890914991279395,42.381344117030025,1,9.2399522827149226e-22,1,40.305191153158241,51.199281097737867,32.353988799466784,57.556014184320276,8.3159570544434308e-21,True
classification_gini,time_saved_pct,percent_training_time,prophet_1sample|,prophet_1sample,,confirmatory,best|,revision_designated_representative,122,122,16.640562023321365,9.8532428546842077,0.65573770491803274,6.6143830957657262e-06,0.47007863521258164,10.113759345282253,22.802583092648039,4.5919858174228176,17.785420123714637,6.6143830957657262e-06,True
classification_gini,time_saved_pct,percent_training_time,extra_tree|max_features=1,extra_tree,max_features=1,confirmatory,best|,revision_designated_representative,122,122,54.190186265826313,55.756625596236042,0.99180327868852458,9.7087300983946145e-22,0.99946687991470073,48.07500287981626,60.211446569633871,40.702001579919816,71.701213694566931,8.3159570544434308e-21,True
classification_gini,time_saved_pct,percent_training_time,extra_tree|max_features=1over3,extra_tree,max_features=1over3,confirmatory,best|,revision_designated_representative,122,122,49.036692878776499,46.431201930260698,0.98360655737704916,1.0456357708732526e-21,0.998667199786752,43.168442311223558,54.746621043563472,33.327252122186053,58.162930593362283,8.3159570544434308e-21,True
classification_gini,time_saved_pct,percent_training_time,extra_tree|max_features=2over3,extra_tree,max_features=2over3,confirmatory,best|,revision_designated_representative,122,122,43.692607892158421,38.051401595090979,0.99180327868852458,9.9518671206785458e-22,0.99920031987205116,38.043872494623415,49.265360181157355,26.837642016306766,46.992635183499594,8.3159570544434308e-21,True
classification_gini,time_saved_pct,percent_training_time,extra_tree|max_features=all,extra_tree,max_features=all,confirmatory,best|,revision_designated_representative,122,122,38.14239030061713,25.322095774197717,0.97540983606557374,1.7983498028617756e-21,0.99280287884846063,32.370397901468564,43.73700102363393,20.672136689590985,39.72410235129226,8.3159570544434308e-21,True
classification_gini,predictive_loss_pct,F1_percentage_points,secretary|1overe,secretary,1overe,confirmatory,best|,revision_designated_representative,122,115,0.15998585461963719,0.10130160740334793,0.44262295081967212,0.12276102752956232,0.16581709145427287,-0.15385834391958847,0.49617400087582597,0,0.23597880015500508,0.28876319981303716,False
classification_gini,predictive_loss_pct,F1_percentage_points,double_secretary|1overe,double_secretary,1overe,confirmatory,best|,revision_designated_representative,122,115,0.11083941414011982,0.045244775004379956,0.44262295081967212,0.09625439993767905,0.17871064467766118,-0.071893203321928875,0.30280502199834503,0,0.16461962432267127,0.28876319981303716,False
classification_gini,predictive_loss_pct,F1_percentage_points,secretary_all|1overe,secretary_all,1overe,confirmatory,best|,revision_designated_representative,122,112,0.065883659196678601,0.033429616709276799,0.45901639344262296,0.18556077326250775,0.14412136536030343,-0.12308964224403762,0.25179242915717709,0,0.11436283090997332,0.28876319981303716,False
classification_gini,predictive_loss_pct,F1_percentage_points,block_rank|,block_rank,,confirmatory,best|,revision_designated_representative,122,119,5.686078090825462,2.6747724115334326,0.19672131147540983,7.8504105940699735e-14,0.78935574229691874,4.1136111785389042,7.4510989038986057,1.5666109893978977,3.6144680539678267,6.2803284752559788e-13,True
classification_gini,predictive_loss_pct,F1_percentage_points,prophet_1sample|,prophet_1sample,,confirmatory,best|,revision_designated_representative,122,107,0.32894452576257927,0.029716089778455967,0.42622950819672129,0.0044574743932126511,0.31671858774662515,0.054012606509973408,0.62215720252756668,0,0.26445725109471979,0.022287371966063257,True
classification_gini,predictive_loss_pct,F1_percentage_points,extra_tree|max_features=1,extra_tree,max_features=1,confirmatory,best|,revision_designated_representative,122,121,8.0966127878855438,4.5731456682917866,0.13934426229508196,5.8130919621254483e-17,0.87671047283565917,6.3945029679744803,9.8954224947969944,3.2155465354615758,7.1100466264494955,5.2317827659129038e-16,True
classification_gini,predictive_loss_pct,F1_percentage_points,extra_tree|max_features=1over3,extra_tree,max_features=1over3,confirmatory,best|,revision_designated_representative,122,120,2.7523096645198306,1.7357982984680609,0.21311475409836064,1.386589232266086e-11,0.71101928374655643,1.991276015249698,3.5531104011904011,1.2820864019671239,2.5969166541582904,9.7061246258626026e-11,True
classification_gini,predictive_loss_pct,F1_percentage_points,extra_tree|max_features=2over3,extra_tree,max_features=2over3,confirmatory,best|,revision_designated_representative,122,119,1.0517812220525822,1.0061417593809434,0.32786885245901637,1.2116103078194115e-05,0.46218487394957986,0.50363480613514677,1.6276622855766079,0.39928345372988455,1.3273634838826316,7.2696618469164686e-05,True
classification_gini,predictive_loss_pct,F1_percentage_points,extra_tree|max_features=all,extra_tree,max_features=all,confirmatory,best|,revision_designated_representative,122,113,0.42427543704907622,0.29098091851842978,0.42622950819672129,0.010825581386047068,0.27619934792734047,-0.02530373754698044,0.90771319580815624,0,0.61229446973920254,0.043302325544188273,True
classification_gini,effort_saved_pct,percent_gain_evaluations,secretary|1overe,secretary,1overe,confirmatory,best|,revision_designated_representative,122,122,37.370112114153294,42.44613232557672,1,9.2399522827149226e-22,1,34.694572223996282,39.919206903647996,38.451309266837541,45.315471426444709,8.3159570544434308e-21,True
classification_gini,effort_saved_pct,percent_gain_evaluations,double_secretary|1overe,double_secretary,1overe,confirmatory,best|,revision_designated_representative,122,122,-6.5126506715989878,-1.0997406735341331,0.44262295081967212,0.0011084338636719103,-0.3402638944422231,-9.3624225571094595,-3.8577498701549358,-5.0160292520846124,0.74355613792623487,0.0011084338636719103,True
classification_gini,effort_saved_pct,percent_gain_evaluations,secretary_all|1overe,secretary_all,1overe,confirmatory,best|,revision_designated_representative,122,119,14.869330816292072,15.272790190397165,1,2.8809188185621938e-21,1,13.820410667623976,15.910321271474189,14.142195238908025,16.272247721819035,2.304735054849755e-20,True
classification_gini,effort_saved_pct,percent_gain_evaluations,block_rank|,block_rank,,confirmatory,best|,revision_designated_representative,122,122,63.093518164715334,71.894136008181448,0.93442622950819676,9.4227847271284387e-21,0.97467679594828738,57.226675199962443,68.507329847554089,65.365499851976338,75.592869941113477,6.5959493089899073e-20,True
classification_gini,effort_saved_pct,percent_gain_evaluations,prophet_1sample|,prophet_1sample,,confirmatory,best|,revision_designated_representative,122,114,39.560529814519576,41.502298724961911,0.97540983606557374,3.6152952410042996e-20,0.99267734553775744,34.33565535989122,44.769556968485226,31.739778325678625,51.889689052227631,1.4416846400384353e-19,True
classification_gini,effort_saved_pct,percent_gain_evaluations,extra_tree|max_features=1,extra_tree,max_features=1,confirmatory,best|,revision_designated_representative,122,122,81.648019741119143,96.336503657363977,0.95901639344262291,3.6042116000960882e-20,0.95974943355990938,75.163358278064123,87.284423749304963,92.802626216109601,97.691403217500252,1.4416846400384353e-19,True
classification_gini,effort_saved_pct,percent_gain_evaluations,extra_tree|max_features=1over3,extra_tree,max_features=1over3,confirmatory,best|,revision_designated_representative,122,122,69.668355280884853,89.251782076345265,0.91803278688524592,1.1860949367008123e-18,0.91976542716246834,61.3933280772955,77.119159975529811,83.748767352713344,93.859757386930582,2.3721898734016246e-18,True
classification_gini,effort_saved_pct,percent_gain_evaluations,extra_tree|max_features=2over3,extra_tree,max_features=2over3,confirmatory,best|,revision_designated_representative,122,122,66.979670956162707,84.1032924617883,0.90163934426229508,1.7193687512869704e-20,0.96801279488204717,60.225629967606693,73.329129854211473,76.0343742496743,90.520999474686292,9.4654724640566834e-20,True
classification_gini,effort_saved_pct,percent_gain_evaluations,extra_tree|max_features=all,extra_tree,max_features=all,confirmatory,best|,revision_designated_representative,122,115,67.348827166674198,84.573821111420983,0.98360655737704916,1.5775787440094472e-20,0.99790104947526237,61.135122373699858,73.122260910359003,77.921288411680507,88.69743812058195,9.4654724640566834e-20,True
classification_entropy,time_saved_pct,percent_training_time,secretary|1overe,secretary,1overe,confirmatory,best|,revision_designated_representative,122,122,12.58724539881112,10.957264058739398,0.72950819672131151,5.5971173219718868e-12,0.71877915500466483,9.798860484942848,15.286300493463383,7.8474846581518705,16.057386848012744,1.1194234643943774e-11,True
classification_entropy,time_saved_pct,percent_training_time,double_secretary|1overe,double_secretary,1overe,confirmatory,best|,revision_designated_representative,122,122,4.9500829939525408,4.6143072504207456,0.86065573770491799,5.0274069108499972e-16,0.84619485539117689,3.9078633099716851,5.8052370886074538,3.6846722224143305,6.290568344019472,1.5082220732549992e-15,True
classification_entropy,time_saved_pct,percent_training_time,secretary_all|1overe,secretary_all,1overe,confirmatory,best|,revision_designated_representative,122,122,12.590728754327429,12.726159804488635,0.96721311475409832,2.7284532645232707e-21,0.98827135812341727,11.201379775361199,13.853845096534242,10.588999160038298,14.923072544345159,1.0913813058093083e-20,True
classification_entropy,time_saved_pct,percent_training_time,block_rank|,block_rank,,confirmatory,best|,revision_designated_representative,122,122,45.076776515837011,40.426747260941603,0.97540983606557374,1.3384168364165255e-21,0.9960015993602559,39.634973762229123,50.432500808681091,32.17269271152076,57.142880938207426,1.0707334691332204e-20,True
classification_entropy,time_saved_pct,percent_training_time,prophet_1sample|,prophet_1sample,,confirmatory,best|,revision_designated_representative,122,122,17.225130512889304,11.929399801233043,0.68032786885245899,1.829009864718091e-06,0.49780087964814074,11.007117684935825,23.362886411465954,4.8383989042871232,19.318503999587858,1.829009864718091e-06,True
classification_entropy,time_saved_pct,percent_training_time,extra_tree|max_features=1,extra_tree,max_features=1,confirmatory,best|,revision_designated_representative,122,122,54.729075520935247,55.000667168360678,0.99180327868852458,9.7087300983946145e-22,0.99946687991470073,48.682662874025745,60.477413703644928,40.924551048922723,72.136664733011258,8.7378570885551529e-21,True
classification_entropy,time_saved_pct,percent_training_time,extra_tree|max_features=1over3,extra_tree,max_features=1over3,confirmatory,best|,revision_designated_representative,122,122,49.266057772195438,48.660432108062238,0.96721311475409832,1.3384168364165255e-21,0.9960015993602559,43.402149307551099,54.901886757929944,35.824718042537157,58.294068637200702,1.0707334691332204e-20,True
classification_entropy,time_saved_pct,percent_training_time,extra_tree|max_features=2over3,extra_tree,max_features=2over3,confirmatory,best|,revision_designated_representative,122,122,43.907800274157459,38.560252512742537,0.96721311475409832,1.7120709787349388e-21,0.99333599893375979,38.27060425210648,49.539532351643317,28.271425734667929,46.91640426633888,1.0707334691332204e-20,True
classification_entropy,time_saved_pct,percent_training_time,extra_tree|max_features=all,extra_tree,max_features=all,confirmatory,best|,revision_designated_representative,122,122,38.614447409202924,29.033154168827672,0.95901639344262291,1.8430884015784867e-21,0.99253631880581106,32.884314893764049,44.360957477728249,21.484160395308649,40.392531360041076,1.0707334691332204e-20,True
classification_entropy,predictive_loss_pct,F1_percentage_points,secretary|1overe,secretary,1overe,confirmatory,best|,revision_designated_representative,122,115,0.076170916841913905,0.099620036951833524,0.44262295081967212,0.064274560054663241,0.19880059970014993,-0.19634351360193844,0.33203098636927042,0,0.34465045556147683,0.12854912010932648,False
classification_entropy,predictive_loss_pct,F1_percentage_points,double_secretary|1overe,double_secretary,1overe,confirmatory,best|,revision_designated_representative,122,112,0.093197959452189935,0.068798367461281318,0.44262295081967212,0.017422810328772048,0.25884955752212391,-0.083515176523179344,0.26713937123186565,0,0.26492936759097724,0.052268430986316144,False
classification_entropy,predictive_loss_pct,F1_percentage_points,secretary_all|1overe,secretary_all,1overe,confirmatory,best|,revision_designated_representative,122,110,0.028001626955621507,0.063826958288762392,0.44262295081967212,0.1410840383932406,0.16167076167076166,-0.16835027087362495,0.19561994156913118,0,0.19656348760022946,0.1410840383932406,False
classification_entropy,predictive_loss_pct,F1_percentage_points,block_rank|,block_rank,,confirmatory,best|,revision_designated_representative,122,119,5.8077035700820856,2.3639334815256428,0.18852459016393441,1.0752204864961014e-14,0.81652661064425769,4.2468977410945987,7.5887019092151879,1.8523803572426707,3.9483549501353976,8.6017638919688114e-14,True
classification_entropy,predictive_loss_pct,F1_percentage_points,prophet_1sample|,prophet_1sample,,confirmatory,best|,revision_designated_representative,122,107,0.18309825007189454,0.092734843712713455,0.42622950819672129,0.0047714093307664792,0.31429560401523016,-0.12125365963744274,0.47997400418469194,0,0.33221251331150953,0.019085637323065917,True
classification_entropy,predictive_loss_pct,F1_percentage_points,extra_tree|max_features=1,extra_tree,max_features=1,confirmatory,best|,revision_designated_representative,122,121,8.2629199780488367,4.4295193110982627,0.13114754098360656,2.2989975938348004e-17,0.88809104457390597,6.5546066973586843,10.1069656216344,3.1923089662467032,7.5120466557617274,2.0690978344513204e-16,True
classification_entropy,predictive_loss_pct,F1_percentage_points,extra_tree|max_features=1over3,extra_tree,max_features=1over3,confirmatory,best|,revision_designated_representative,122,120,2.7582129599395313,1.8018688557078055,0.18852459016393441,1.8578427267452885e-12,0.74104683195592291,2.0352989899674414,3.4917527972586528,1.2753179431011528,2.5955876595996297,1.300489908721702e-11,True
classification_entropy,predictive_loss_pct,F1_percentage_points,extra_tree|max_features=2over3,extra_tree,max_features=2over3,confirmatory,best|,revision_designated_representative,122,119,1.074633786734583,1.0762681693518545,0.25409836065573771,1.0868038218215057e-07,0.56106442577030813,0.59382249966518175,1.5425763319224972,0.66769256447297909,1.2837965725458467,6.5208229309290343e-07,True
classification_entropy,predictive_loss_pct,F1_percentage_points,extra_tree|max_features=all,extra_tree,max_features=all,confirmatory,best|,revision_designated_representative,122,113,0.39820199584374066,0.48561746946202133,0.34426229508196721,0.00037553635151462106,0.38549914609532682,0.01921376735496623,0.75192306392454067,0.21260729656112157,0.64236668006292175,0.0018776817575731053,True
classification_entropy,effort_saved_pct,percent_gain_evaluations,secretary|1overe,secretary,1overe,confirmatory,best|,revision_designated_representative,122,122,36.792078010675894,41.948087843485503,1,9.2399522827149226e-22,1,34.185659445256988,39.294034865176208,38.178692015398589,44.003856737474692,8.3159570544434308e-21,True
classification_entropy,effort_saved_pct,percent_gain_evaluations,double_secretary|1overe,double_secretary,1overe,confirmatory,best|,revision_designated_representative,122,122,-7.1134793502829021,-1.9266872792958523,0.38524590163934425,0.00013429796918914592,-0.3983739837398374,-9.8712134394238333,-4.5401868750874783,-6.3118896012443324,-0.4810372885312918,0.00013429796918914592,True
classification_entropy,effort_saved_pct,percent_gain_evaluations,secretary_all|1overe,secretary_all,1overe,confirmatory,best|,revision_designated_representative,122,119,14.308993702449088,15.050981104459662,0.99180327868852458,3.0308797785305266e-21,0.99943977591036415,13.275426491111103,15.35980702877378,13.634869201007159,15.941251003958117,2.4247038228244212e-20,True
classification_entropy,effort_saved_pct,percent_gain_evaluations,block_rank|,block_rank,,confirmatory,best|,revision_designated_representative,122,122,61.962552571769912,70.232498527327067,0.93442622950819676,1.1991278982918924e-20,0.97201119552179127,56.140869537199507,67.288783369425644,65.068229462422138,73.616387443380376,8.3938952880432471e-20,True
classification_entropy,effort_saved_pct,percent_gain_evaluations,prophet_1sample|,prophet_1sample,,confirmatory,best|,revision_designated_representative,122,115,38.937092654211817,41.997393961711438,0.97540983606557374,2.5256144128347333e-20,0.992503748125937,33.835694640673935,43.943763542280479,30.918768645375486,50.873256268603072,1.0664445661687863e-19,True
classification_entropy,effort_saved_pct,percent_gain_evaluations,extra_tree|max_features=1,extra_tree,max_features=1,confirmatory,best|,revision_designated_representative,122,122,81.279312739831596,95.819246206064179,0.95081967213114749,3.9636043693988826e-20,0.95868319338931096,74.819775152343027,87.055893084949759,92.592333502409872,97.239285641240429,1.1890813108196647e-19,True
classification_entropy,effort_saved_pct,percent_gain_evaluations,extra_tree|max_features=1over3,extra_tree,max_features=1over3,confirmatory,best|,revision_designated_representative,122,122,69.181483031034958,88.549477091293852,0.91803278688524592,1.1076208477662686e-18,0.92056510729041718,60.884842056342926,76.532225200440394,82.452925940014211,93.257827184280174,2.2152416955325372e-18,True
classification_entropy,effort_saved_pct,percent_gain_evaluations,extra_tree|max_features=2over3,extra_tree,max_features=2over3,confirmatory,best|,revision_designated_representative,122,122,66.461299232043018,83.766164970389326,0.90163934426229508,2.1328891323375727e-20,0.96561375449820075,59.776472824387412,72.623109227118562,74.122080558480903,89.771543074523876,1.0664445661687863e-19,True
classification_entropy,effort_saved_pct,percent_gain_evaluations,extra_tree|max_features=all,extra_tree,max_features=all,confirmatory,best|,revision_designated_representative,122,115,66.950866270145752,83.459272994686486,0.99180327868852458,1.420453267972387e-20,0.99910044977511248,60.871956032037588,72.596317997642856,77.842972535184572,87.495309184482167,8.5227196078343214e-20,True
