task,method_key,splitter,variant,analysis_tier,block_length_runs,estimand,estimate,confidence,n_datasets,n_bootstrap,interval_method,unit,within_block_ci_low,within_block_ci_high,within_block_se,between_dataset_ci_low,between_dataset_ci_high,between_dataset_se,hierarchical_block_ci_low,hierarchical_block_ci_high,hierarchical_block_se
regression,best|,best,,confirmatory,5,equal_dataset_weight_time_saved_centroid,0,0.94999999999999996,113,10000,circular_moving_block_percentile_bootstrap,percent_training_time,0,0,0,0,0,0,0,0,0
regression,block_rank|,block_rank,,confirmatory,5,equal_dataset_weight_time_saved_centroid,60.460765219473004,0.94999999999999996,113,10000,circular_moving_block_percentile_bootstrap,percent_training_time,60.181599400216776,60.551943229836105,0.094499301971579311,55.854248833551075,65.139687162214344,2.3671133808307849,55.723060237388744,65.070466584070715,2.3785467707651997
regression,double_secretary|0.1n,double_secretary,0.1n,exploratory,5,equal_dataset_weight_time_saved_centroid,34.665757990267267,0.94999999999999996,113,10000,circular_moving_block_percentile_bootstrap,percent_training_time,34.31275119462974,34.830909953253908,0.13351301598857732,31.909313699617133,37.415410928692388,1.4190085874413014,31.782031219395023,37.373872012840181,1.4336405959355309
regression,double_secretary|1overe,double_secretary,1overe,confirmatory,5,equal_dataset_weight_time_saved_centroid,5.4588532841984403,0.94999999999999996,113,10000,circular_moving_block_percentile_bootstrap,percent_training_time,4.9906288486857413,5.601315243644116,0.15501082876045941,4.5809589071505563,6.3627423459587087,0.45314520205818393,4.3954761428609261,6.2416953358111185,0.47506224033304656
regression,double_secretary|ln_n,double_secretary,ln_n,exploratory,5,equal_dataset_weight_time_saved_centroid,28.835029556058487,0.94999999999999996,113,10000,circular_moving_block_percentile_bootstrap,percent_training_time,28.484079843612914,29.029658414298805,0.13803357873707839,26.347285001002906,31.377123869309226,1.2918310293885942,26.267432630537648,31.33713970887219,1.3039503501235588
regression,double_secretary|sqrt_n,double_secretary,sqrt_n,exploratory,5,equal_dataset_weight_time_saved_centroid,27.595181813241496,0.94999999999999996,113,10000,circular_moving_block_percentile_bootstrap,percent_training_time,27.1959525885703,27.76135156577201,0.14593840879268785,24.967733302431565,30.318569842150684,1.3684089143700924,24.825675614756232,30.259110376200137,1.38782292225866
regression,extra_tree|max_features=1,extra_tree,max_features=1,confirmatory,5,equal_dataset_weight_time_saved_centroid,71.047654256661033,0.94999999999999996,113,10000,circular_moving_block_percentile_bootstrap,percent_training_time,70.731689228736784,71.08126498710206,0.090681013254382395,66.108152590390404,75.950374261292723,2.4958470583637018,65.923019046498979,75.848825619526792,2.5117938008669514
regression,extra_tree|max_features=1over3,extra_tree,max_features=1over3,confirmatory,5,equal_dataset_weight_time_saved_centroid,66.591070889566041,0.94999999999999996,113,10000,circular_moving_block_percentile_bootstrap,percent_training_time,66.254182771406462,66.666386852003996,0.10471653202420364,61.919127489844719,71.233051980243644,2.3682500624622591,61.760874053312378,71.170374428017624,2.3842549298250435
regression,extra_tree|max_features=2over3,extra_tree,max_features=2over3,confirmatory,5,equal_dataset_weight_time_saved_centroid,60.50315030317195,0.94999999999999996,113,10000,circular_moving_block_percentile_bootstrap,percent_training_time,60.202004425153426,60.598285155883872,0.10154425394236867,56.053092695025505,64.975244945774818,2.2709467844857998,55.922812846918795,64.911143233764747,2.2817678914767425
regression,extra_tree|max_features=all,extra_tree,max_features=all,confirmatory,5,equal_dataset_weight_time_saved_centroid,54.043074671597438,0.94999999999999996,113,10000,circular_moving_block_percentile_bootstrap,percent_training_time,53.645405753525779,54.1380585690071,0.1247257735446699,49.764954328957764,58.380897361505014,2.1878806353820974,49.555539420947021,58.28014779106968,2.207276868067332
regression,prophet_1sample|,prophet_1sample,,confirmatory,5,equal_dataset_weight_time_saved_centroid,30.127447608756331,0.94999999999999996,113,10000,circular_moving_block_percentile_bootstrap,percent_training_time,29.776943310849912,30.28657038865073,0.12934633625344566,26.831478302946774,33.428376671498334,1.6788931239782461,26.692673304480099,33.362929907461691,1.6939833289610089
regression,secretary_all|0.1n,secretary_all,0.1n,exploratory,5,equal_dataset_weight_time_saved_centroid,37.530336536538307,0.94999999999999996,113,10000,circular_moving_block_percentile_bootstrap,percent_training_time,37.083978115738311,37.635086229114421,0.14034662508218718,34.521163413559556,40.530481005851961,1.5396688176947464,34.313742112190369,40.41754170534638,1.5601501633190757
regression,secretary_all|1overe,secretary_all,1overe,confirmatory,5,equal_dataset_weight_time_saved_centroid,16.437828923734251,0.94999999999999996,113,10000,circular_moving_block_percentile_bootstrap,percent_training_time,15.996098251947624,16.573876582234487,0.14842134869684567,15.618562957059472,17.259201371539334,0.42001630514487082,15.395049525684225,17.194466176469852,0.45476020699811637
regression,secretary_all|ln_n,secretary_all,ln_n,exploratory,5,equal_dataset_weight_time_saved_centroid,33.861462521203137,0.94999999999999996,113,10000,circular_moving_block_percentile_bootstrap,percent_training_time,33.469488549084005,34.017581071648813,0.14082058288921531,31.258154133671898,36.503667031843378,1.3428807622892045,31.118848927273813,36.432394154904408,1.3593612971426778
regression,secretary_all|sqrt_n,secretary_all,sqrt_n,exploratory,5,equal_dataset_weight_time_saved_centroid,34.517436776365429,0.94999999999999996,113,10000,circular_moving_block_percentile_bootstrap,percent_training_time,34.083926626100123,34.626722119725805,0.13810146167741599,31.734076779410849,37.390773208304857,1.4410925264805092,31.544947948462831,37.278417192961697,1.4570139007149141
regression,secretary|0.1n,secretary,0.1n,exploratory,5,equal_dataset_weight_time_saved_centroid,45.211995492869761,0.94999999999999996,113,10000,circular_moving_block_percentile_bootstrap,percent_training_time,44.815784955778064,45.305784202377531,0.1238526115868859,41.79386767565353,48.606322941404251,1.7418748608032211,41.626737851051402,48.520410738413744,1.7560138448925926
regression,secretary|1overe,secretary,1overe,confirmatory,5,equal_dataset_weight_time_saved_centroid,15.672231163751228,0.94999999999999996,113,10000,circular_moving_block_percentile_bootstrap,percent_training_time,15.171600850769895,15.813078743415751,0.16362885828902296,14.289946582520917,17.038113875144202,0.70771720274532668,14.042904864234806,16.938043024485154,0.74442017275443395
regression,secretary|ln_n,secretary,ln_n,exploratory,5,equal_dataset_weight_time_saved_centroid,40.024672114762424,0.94999999999999996,113,10000,circular_moving_block_percentile_bootstrap,percent_training_time,39.612620767593675,40.135963919855747,0.13370212476554547,36.932531751473419,43.14197848206399,1.5828125241399991,36.754712342909031,43.047472602738694,1.6005489305506153
regression,secretary|sqrt_n,secretary,sqrt_n,exploratory,5,equal_dataset_weight_time_saved_centroid,39.201957360637692,0.94999999999999996,113,10000,circular_moving_block_percentile_bootstrap,percent_training_time,38.78882135547169,39.323132991615445,0.1365816758147784,35.882635639059025,42.589257785712576,1.7027728540326381,35.716631460075618,42.480696192968907,1.721055707979414
regression,best|,best,,confirmatory,10,equal_dataset_weight_time_saved_centroid,0,0.94999999999999996,113,10000,circular_moving_block_percentile_bootstrap,percent_training_time,0,0,0,0,0,0,0,0,0
regression,block_rank|,block_rank,,confirmatory,10,equal_dataset_weight_time_saved_centroid,60.460765219473004,0.94999999999999996,113,10000,circular_moving_block_percentile_bootstrap,percent_training_time,60.130939609680432,60.53562690007039,0.10297396641155446,55.757538108988008,64.952820518063973,2.3566379611635622,55.610128375010682,64.848801251417726,2.3733697411333887
regression,double_secretary|0.1n,double_secretary,0.1n,exploratory,10,equal_dataset_weight_time_saved_centroid,34.665757990267267,0.94999999999999996,113,10000,circular_moving_block_percentile_bootstrap,percent_training_time,34.234019988729173,34.81045248155263,0.1468915388795739,31.835275038972593,37.408954228814004,1.419288431270135,31.671256755966812,37.300748190131593,1.438415689594023
regression,double_secretary|1overe,double_secretary,1overe,confirmatory,10,equal_dataset_weight_time_saved_centroid,5.4588532841984403,0.94999999999999996,113,10000,circular_moving_block_percentile_bootstrap,percent_training_time,4.9312502398582643,5.5739503169347335,0.16431625666958952,4.5757660124750492,6.3615108965299667,0.45158770592934039,4.3368378902400142,6.187672918430021,0.47335175615444586
regression,double_secretary|ln_n,double_secretary,ln_n,exploratory,10,equal_dataset_weight_time_saved_centroid,28.835029556058487,0.94999999999999996,113,10000,circular_moving_block_percentile_bootstrap,percent_training_time,28.430766563907078,29.022917555781071,0.15102003067570149,26.360053046447618,31.398370947286175,1.2827070998284724,26.222978091411552,31.316721543239932,1.2967726880517554
regression,double_secretary|sqrt_n,double_secretary,sqrt_n,exploratory,10,equal_dataset_weight_time_saved_centroid,27.595181813241496,0.94999999999999996,113,10000,circular_moving_block_percentile_bootstrap,percent_training_time,27.128926132347431,27.743017828049211,0.15772575407419892,24.90747310555464,30.27405361352881,1.365362382088505,24.722563179438609,30.178567467688978,1.3873377423373729
regression,extra_tree|max_features=1,extra_tree,max_features=1,confirmatory,10,equal_dataset_weight_time_saved_centroid,71.047654256661033,0.94999999999999996,113,10000,circular_moving_block_percentile_bootstrap,percent_training_time,70.665533571001831,71.060072440554336,0.1008946220731731,66.05638297329223,75.770582984713357,2.4836058607850529,65.829788985411739,75.65728689498323,2.5052562462574239
regression,extra_tree|max_features=1over3,extra_tree,max_features=1over3,confirmatory,10,equal_dataset_weight_time_saved_centroid,66.591070889566041,0.94999999999999996,113,10000,circular_moving_block_percentile_bootstrap,percent_training_time,66.189018439213001,66.657568243108358,0.12038419337238176,61.86120247683553,71.087567995085195,2.3509975607310944,61.637451511499847,70.965405830082744,2.3726353000875795
regression,extra_tree|max_features=2over3,extra_tree,max_features=2over3,confirmatory,10,equal_dataset_weight_time_saved_centroid,60.50315030317195,0.94999999999999996,113,10000,circular_moving_block_percentile_bootstrap,percent_training_time,60.139271901662944,60.595294191351279,0.11651749564207534,55.938540196629468,64.805968934923996,2.2542382175714177,55.784610935624244,64.735419363906928,2.2679035662883273
regression,extra_tree|max_features=all,extra_tree,max_features=all,confirmatory,10,equal_dataset_weight_time_saved_centroid,54.043074671597438,0.94999999999999996,113,10000,circular_moving_block_percentile_bootstrap,percent_training_time,53.567891402136915,54.119081792194422,0.14156828404261074,49.66804278485489,58.217628938632423,2.1715969718682611,49.446950403633238,58.094396525484164,2.1982135951822026
regression,prophet_1sample|,prophet_1sample,,confirmatory,10,equal_dataset_weight_time_saved_centroid,30.127447608756331,0.94999999999999996,113,10000,circular_moving_block_percentile_bootstrap,percent_training_time,29.732307432518642,30.266145201695615,0.13800575513011606,26.757762676530938,33.318104838013006,1.6614094667519688,26.632249441908765,33.218112463824895,1.679071178710259
regression,secretary_all|0.1n,secretary_all,0.1n,exploratory,10,equal_dataset_weight_time_saved_centroid,37.530336536538307,0.94999999999999996,113,10000,circular_moving_block_percentile_bootstrap,percent_training_time,36.998822330094455,37.611445055305396,0.15579656032772077,34.482905370645938,40.48972055473962,1.5381273183040041,34.191127238925318,40.327281588343425,1.5648993968378908
regression,secretary_all|1overe,secretary_all,1overe,confirmatory,10,equal_dataset_weight_time_saved_centroid,16.437828923734251,0.94999999999999996,113,10000,circular_moving_block_percentile_bootstrap,percent_training_time,15.941638480929473,16.561217643847765,0.15864224990556824,15.619755418177508,17.253112186868591,0.41474429855876183,15.329077485139379,17.13498163663381,0.45757598397751903
regression,secretary_all|ln_n,secretary_all,ln_n,exploratory,10,equal_dataset_weight_time_saved_centroid,33.861462521203137,0.94999999999999996,113,10000,circular_moving_block_percentile_bootstrap,percent_training_time,33.401979755135642,33.9996619361265,0.15227722937124849,31.25198107733144,36.478596291861415,1.3335003906500782,31.059280597987073,36.366761559005909,1.3541057688957947
regression,secretary_all|sqrt_n,secretary_all,sqrt_n,exploratory,10,equal_dataset_weight_time_saved_centroid,34.517436776365429,0.94999999999999996,113,10000,circular_moving_block_percentile_bootstrap,percent_training_time,34.029191722861555,34.614555450440264,0.15017795255496547,31.679811691514416,37.324068618140217,1.4339923647686901,31.452890462502715,37.135942223133959,1.4545837099372132
regression,secretary|0.1n,secretary,0.1n,exploratory,10,equal_dataset_weight_time_saved_centroid,45.211995492869761,0.94999999999999996,113,10000,circular_moving_block_percentile_bootstrap,percent_training_time,44.752116461845709,45.296210745580581,0.13816582808829631,41.774272538953291,48.539861642007992,1.7413637857381417,41.559052054011637,48.442251767837327,1.7622678507722402
regression,secretary|1overe,secretary,1overe,confirmatory,10,equal_dataset_weight_time_saved_centroid,15.672231163751228,0.94999999999999996,113,10000,circular_moving_block_percentile_bootstrap,percent_training_time,15.118251787906475,15.80122153718027,0.17491626608074559,14.276978682766925,17.032869961190858,0.70585277810959723,13.964640422134032,16.912845032642345,0.75116009349638613
regression,secretary|ln_n,secretary,ln_n,exploratory,10,equal_dataset_weight_time_saved_centroid,40.024672114762424,0.94999999999999996,113,10000,circular_moving_block_percentile_bootstrap,percent_training_time,39.547353203751257,40.120654250503911,0.14692846997522674,36.904778057908402,43.092381261317044,1.573854347402533,36.697589259952473,42.982607833158355,1.5995960018799111
regression,secretary|sqrt_n,secretary,sqrt_n,exploratory,10,equal_dataset_weight_time_saved_centroid,39.201957360637692,0.94999999999999996,113,10000,circular_moving_block_percentile_bootstrap,percent_training_time,38.719829336952365,39.311214658614304,0.15067639199716557,35.882108208032783,42.48626423967989,1.6944904711247484,35.633606187549248,42.330172877771808,1.7202331911504967
classification_gini,best|,best,,confirmatory,5,equal_dataset_weight_time_saved_centroid,0,0.94999999999999996,122,10000,circular_moving_block_percentile_bootstrap,percent_training_time,0,0,0,0,0,0,0,0,0
classification_gini,block_rank|,block_rank,,confirmatory,5,equal_dataset_weight_time_saved_centroid,45.890914991279395,0.94999999999999996,122,10000,circular_moving_block_percentile_bootstrap,percent_training_time,45.356989919948717,46.076499359074901,0.18443079458421952,40.587607007180353,51.340612081398653,2.769650933577481,40.32217161261417,51.220712833342574,2.7874991826750901
classification_gini,double_secretary|0.1n,double_secretary,0.1n,exploratory,5,equal_dataset_weight_time_saved_centroid,29.932906674292354,0.94999999999999996,122,10000,circular_moving_block_percentile_bootstrap,percent_training_time,29.492746368762088,30.317559278119962,0.20739858846334913,26.245652053318832,33.620030390884232,1.8699888390467199,26.20016584931901,33.570410423893293,1.8836928287380699
classification_gini,double_secretary|1overe,double_secretary,1overe,confirmatory,5,equal_dataset_weight_time_saved_centroid,6.1320173248617147,0.94999999999999996,122,10000,circular_moving_block_percentile_bootstrap,percent_training_time,5.6088442411303978,6.43770523518522,0.21037922027479988,5.1739407739007204,7.1053302865589441,0.49348381077283854,4.9819568433304342,7.0834772456128334,0.53675173753701266
classification_gini,double_secretary|ln_n,double_secretary,ln_n,exploratory,5,equal_dataset_weight_time_saved_centroid,26.888924317731913,0.94999999999999996,122,10000,circular_moving_block_percentile_bootstrap,percent_training_time,26.477554817251445,27.229465500181167,0.19180547333450257,23.519937988519192,30.243475081185537,1.7284287958698519,23.440485580234498,30.275060076169986,1.7428467716251643
classification_gini,double_secretary|sqrt_n,double_secretary,sqrt_n,exploratory,5,equal_dataset_weight_time_saved_centroid,30.633250841093314,0.94999999999999996,122,10000,circular_moving_block_percentile_bootstrap,percent_training_time,30.234528672685272,31.051341383481148,0.20762399506017498,26.442449475607397,34.874360735037946,2.1472140906789576,26.42025660650431,34.923118171988541,2.1528869553709047
classification_gini,extra_tree|max_features=1,extra_tree,max_features=1,confirmatory,5,equal_dataset_weight_time_saved_centroid,54.190186265826313,0.94999999999999996,122,10000,circular_moving_block_percentile_bootstrap,percent_training_time,53.768292874783164,54.490026984253873,0.18367847058157585,48.203037968094769,60.137751290714071,3.0675329871619312,48.132019982261184,60.123364193088477,3.0793778398663787
classification_gini,extra_tree|max_features=1over3,extra_tree,max_features=1over3,confirmatory,5,equal_dataset_weight_time_saved_centroid,49.036692878776499,0.94999999999999996,122,10000,circular_moving_block_percentile_bootstrap,percent_training_time,48.54447479697118,49.308711975629286,0.19288512557201762,43.347670417331528,54.799240803949431,2.9350822466913349,43.248907662667278,54.683947126886153,2.9474660671437101
classification_gini,extra_tree|max_features=2over3,extra_tree,max_features=2over3,confirmatory,5,equal_dataset_weight_time_saved_centroid,43.692607892158421,0.94999999999999996,122,10000,circular_moving_block_percentile_bootstrap,percent_training_time,43.229715628051508,43.979824119630642,0.19251314458216809,38.1882898235949,49.414171984407467,2.884560098716773,38.078183974416902,49.405701333191615,2.8974735390384474
classification_gini,extra_tree|max_features=all,extra_tree,max_features=all,confirmatory,5,equal_dataset_weight_time_saved_centroid,38.14239030061713,0.94999999999999996,122,10000,circular_moving_block_percentile_bootstrap,percent_training_time,37.652314637535646,38.396002198845615,0.18681498128931392,32.464503727382407,43.95323832013306,2.9295873131957242,32.303270923702364,43.906026948525074,2.9412682880308307
classification_gini,prophet_1sample|,prophet_1sample,,confirmatory,5,equal_dataset_weight_time_saved_centroid,16.640562023321365,0.94999999999999996,122,10000,circular_moving_block_percentile_bootstrap,percent_training_time,16.170337979913054,16.987451079067487,0.20898746794765743,10.324818598137446,23.068580722124135,3.255011528150578,10.254584064296463,22.987275539584456,3.2597277254136459
classification_gini,secretary_all|0.1n,secretary_all,0.1n,exploratory,5,equal_dataset_weight_time_saved_centroid,32.515638651206025,0.94999999999999996,122,10000,circular_moving_block_percentile_bootstrap,percent_training_time,32.009104576980747,32.769980717046522,0.19310221581915599,28.810004609265217,36.194572460654612,1.8917974508009698,28.6350636507795,36.126318447690345,1.9101877668776428
classification_gini,secretary_all|1overe,secretary_all,1overe,confirmatory,5,equal_dataset_weight_time_saved_centroid,12.735024693875406,0.94999999999999996,122,10000,circular_moving_block_percentile_bootstrap,percent_training_time,12.27546619624586,13.074650145920424,0.20347266035264705,11.400978357921808,14.046586707344753,0.67555731551615916,11.308039690903859,14.074023533899988,0.70775766471284773
classification_gini,secretary_all|ln_n,secretary_all,ln_n,exploratory,5,equal_dataset_weight_time_saved_centroid,29.348337599951712,0.94999999999999996,122,10000,circular_moving_block_percentile_bootstrap,percent_training_time,28.881457794067199,29.689821461564733,0.20540156825001812,25.725580362538029,32.95894456410425,1.8536527777716403,25.614485725705265,32.939904796302251,1.8680180490129628
classification_gini,secretary_all|sqrt_n,secretary_all,sqrt_n,exploratory,5,equal_dataset_weight_time_saved_centroid,33.688694041576326,0.94999999999999996,122,10000,circular_moving_block_percentile_bootstrap,percent_training_time,33.218540032350333,33.978261620439731,0.19208955045230636,29.442568055408234,37.979933748877535,2.1810345347348457,29.352960795928837,37.910081547960417,2.1919473460524967
classification_gini,secretary|0.1n,secretary,0.1n,exploratory,5,equal_dataset_weight_time_saved_centroid,35.801054378306148,0.94999999999999996,122,10000,circular_moving_block_percentile_bootstrap,percent_training_time,35.316609485745467,36.174240276480816,0.21655273198561154,31.210897589439448,40.419640922394727,2.348574422744746,31.203474396892194,40.412713532304238,2.3632332145849766
classification_gini,secretary|1overe,secretary,1overe,confirmatory,5,equal_dataset_weight_time_saved_centroid,10.891204911274185,0.94999999999999996,122,10000,circular_moving_block_percentile_bootstrap,percent_training_time,10.504907913621429,11.405058942209667,0.23098692199642321,8.2785420072838871,13.499085654042954,1.3259972811378882,8.3599793329425616,13.590282702352225,1.332723918808816
classification_gini,secretary|ln_n,secretary,ln_n,exploratory,5,equal_dataset_weight_time_saved_centroid,33.130275971305672,0.94999999999999996,122,10000,circular_moving_block_percentile_bootstrap,percent_training_time,32.698642654409539,33.483985297445741,0.19831288345944531,28.806164296770678,37.487542467283617,2.2120280619439479,28.775732439737173,37.457152236013911,2.2214462501880075
classification_gini,secretary|sqrt_n,secretary,sqrt_n,exploratory,5,equal_dataset_weight_time_saved_centroid,37.049772010941972,0.94999999999999996,122,10000,circular_moving_block_percentile_bootstrap,percent_training_time,36.712426004507179,37.359172287795182,0.16435152038037565,32.26402530473603,41.846030874130626,2.4508377594999922,32.235652508449739,41.834323058915203,2.4567931226322952
classification_gini,best|,best,,confirmatory,10,equal_dataset_weight_time_saved_centroid,0,0.94999999999999996,122,10000,circular_moving_block_percentile_bootstrap,percent_training_time,0,0,0,0,0,0,0,0,0
classification_gini,block_rank|,block_rank,,confirmatory,10,equal_dataset_weight_time_saved_centroid,45.890914991279395,0.94999999999999996,122,10000,circular_moving_block_percentile_bootstrap,percent_training_time,45.371155651586164,46.097792130301521,0.18356338122126339,40.448034731450321,51.3273951987046,2.7539124059672537,40.248964993313308,51.225410968157455,2.773512594308094
classification_gini,double_secretary|0.1n,double_secretary,0.1n,exploratory,10,equal_dataset_weight_time_saved_centroid,29.932906674292354,0.94999999999999996,122,10000,circular_moving_block_percentile_bootstrap,percent_training_time,29.508596311810077,30.298049324231805,0.20067588878540818,26.235817175277251,33.591012828369493,1.860311785857764,26.198014801995626,33.598806703769753,1.8760550922820327
classification_gini,double_secretary|1overe,double_secretary,1overe,confirmatory,10,equal_dataset_weight_time_saved_centroid,6.1320173248617147,0.94999999999999996,122,10000,circular_moving_block_percentile_bootstrap,percent_training_time,5.6259807781288353,6.446396321983066,0.20743743645459625,5.1859160921141463,7.0883720880341681,0.48408019833786176,5.0102198137405294,7.0662665474227904,0.52901239920950804
classification_gini,double_secretary|ln_n,double_secretary,ln_n,exploratory,10,equal_dataset_weight_time_saved_centroid,26.888924317731913,0.94999999999999996,122,10000,circular_moving_block_percentile_bootstrap,percent_training_time,26.47379028456783,27.217633541759902,0.18922297601184171,23.561094713036017,30.256183063045359,1.7109507460224067,23.495647741678226,30.265872234869651,1.7287998891913099
classification_gini,double_secretary|sqrt_n,double_secretary,sqrt_n,exploratory,10,equal_dataset_weight_time_saved_centroid,30.633250841093314,0.94999999999999996,122,10000,circular_moving_block_percentile_bootstrap,percent_training_time,30.234977719928231,31.04284562443733,0.2050792196462134,26.497073384601403,34.8631992004903,2.1357192367032978,26.499419527660926,34.84327001610589,2.1434337622083754
classification_gini,extra_tree|max_features=1,extra_tree,max_features=1,confirmatory,10,equal_dataset_weight_time_saved_centroid,54.190186265826313,0.94999999999999996,122,10000,circular_moving_block_percentile_bootstrap,percent_training_time,53.781815157215441,54.485723467768949,0.18145849451330881,48.096173143811569,60.091841909929379,3.0746055474875704,47.983354340677238,60.044048143350814,3.0828054718065636
classification_gini,extra_tree|max_features=1over3,extra_tree,max_features=1over3,confirmatory,10,equal_dataset_weight_time_saved_centroid,49.036692878776499,0.94999999999999996,122,10000,circular_moving_block_percentile_bootstrap,percent_training_time,48.555357297440082,49.304219558348464,0.1922704287183814,43.179855750305364,54.736984560920639,2.941408789086867,43.009050649330014,54.706031690344204,2.9574585873227806
classification_gini,extra_tree|max_features=2over3,extra_tree,max_features=2over3,confirmatory,10,equal_dataset_weight_time_saved_centroid,43.692607892158421,0.94999999999999996,122,10000,circular_moving_block_percentile_bootstrap,percent_training_time,43.247703638477937,43.988421415295647,0.18883832832920769,37.962137950757523,49.338731394327318,2.8892034631259791,37.851488513490402,49.267648499614538,2.8995655038602366
classification_gini,extra_tree|max_features=all,extra_tree,max_features=all,confirmatory,10,equal_dataset_weight_time_saved_centroid,38.14239030061713,0.94999999999999996,122,10000,circular_moving_block_percentile_bootstrap,percent_training_time,37.669655848019374,38.384535582718399,0.18397475164838223,32.369391187075443,43.949726058712088,2.9258955345769349,32.191436384153576,43.833111377005494,2.9387821387970408
classification_gini,prophet_1sample|,prophet_1sample,,confirmatory,10,equal_dataset_weight_time_saved_centroid,16.640562023321365,0.94999999999999996,122,10000,circular_moving_block_percentile_bootstrap,percent_training_time,16.174067469302287,16.983132292979992,0.20679646388113612,10.147769768903263,22.933800883269669,3.2472602876873733,10.08114355322966,22.891648505790432,3.2505233971141267
classification_gini,secretary_all|0.1n,secretary_all,0.1n,exploratory,10,equal_dataset_weight_time_saved_centroid,32.515638651206025,0.94999999999999996,122,10000,circular_moving_block_percentile_bootstrap,percent_training_time,32.015089770947867,32.764189341358609,0.19229494457046417,28.834851473623175,36.195117593139976,1.8862801927905808,28.650493423330403,36.125070667260715,1.9076344354561541
classification_gini,secretary_all|1overe,secretary_all,1overe,confirmatory,10,equal_dataset_weight_time_saved_centroid,12.735024693875406,0.94999999999999996,122,10000,circular_moving_block_percentile_bootstrap,percent_training_time,12.287854457910296,13.054480350784875,0.19808376582486178,11.416022026496332,14.034637360841645,0.67083282286001289,11.285557524467567,14.056137553944728,0.70781976632400279
classification_gini,secretary_all|ln_n,secretary_all,ln_n,exploratory,10,equal_dataset_weight_time_saved_centroid,29.348337599951712,0.94999999999999996,122,10000,circular_moving_block_percentile_bootstrap,percent_training_time,28.89269541020948,29.676375815153925,0.20161291895362907,25.732254504101288,32.977125824340128,1.8426458470291793,25.604749149962409,32.932841167029551,1.8612644640741263
classification_gini,secretary_all|sqrt_n,secretary_all,sqrt_n,exploratory,10,equal_dataset_weight_time_saved_centroid,33.688694041576326,0.94999999999999996,122,10000,circular_moving_block_percentile_bootstrap,percent_training_time,33.222170324690332,33.985380006448295,0.19015837791090118,29.464928173728847,37.982272628735728,2.1711039458231847,29.372164385215008,37.882707412324088,2.1873781004470936
classification_gini,secretary|0.1n,secretary,0.1n,exploratory,10,equal_dataset_weight_time_saved_centroid,35.801054378306148,0.94999999999999996,122,10000,circular_moving_block_percentile_bootstrap,percent_training_time,35.323268053202916,36.166767647858499,0.21606357178012287,31.237050285354183,40.380251166101779,2.3420941801097244,31.125843852308869,40.35885836809183,2.3610556335167554
classification_gini,secretary|1overe,secretary,1overe,confirmatory,10,equal_dataset_weight_time_saved_centroid,10.891204911274185,0.94999999999999996,122,10000,circular_moving_block_percentile_bootstrap,percent_training_time,10.491688783078706,11.396525783195298,0.23131627758872431,8.2975012193370681,13.502162568826201,1.3186570069993031,8.2748784595598277,13.555008106100372,1.3330509227548268
classification_gini,secretary|ln_n,secretary,ln_n,exploratory,10,equal_dataset_weight_time_saved_centroid,33.130275971305672,0.94999999999999996,122,10000,circular_moving_block_percentile_bootstrap,percent_training_time,32.715193607120881,33.475946526669759,0.19503690459358042,28.839277318790081,37.4542781795762,2.1967668788133303,28.787210859581343,37.425336262283508,2.2103818285289871
classification_gini,secretary|sqrt_n,secretary,sqrt_n,exploratory,10,equal_dataset_weight_time_saved_centroid,37.049772010941972,0.94999999999999996,122,10000,circular_moving_block_percentile_bootstrap,percent_training_time,36.729439800744416,37.362025541493601,0.16146054276867008,32.269673101523281,41.848743749699487,2.4480206345654567,32.258152145457139,41.855588016456892,2.4555849725118115
classification_entropy,best|,best,,confirmatory,5,equal_dataset_weight_time_saved_centroid,0,0.94999999999999996,122,10000,circular_moving_block_percentile_bootstrap,percent_training_time,0,0,0,0,0,0,0,0,0
classification_entropy,block_rank|,block_rank,,confirmatory,5,equal_dataset_weight_time_saved_centroid,45.076776515837011,0.94999999999999996,122,10000,circular_moving_block_percentile_bootstrap,percent_training_time,44.621762031422236,45.387470367074577,0.1967461739557812,39.585194443031106,50.582816323419721,2.7894174823282611,39.515827196314078,50.545685153908806,2.7999115967986552
classification_entropy,double_secretary|0.1n,double_secretary,0.1n,exploratory,5,equal_dataset_weight_time_saved_centroid,28.673871797126409,0.94999999999999996,122,10000,circular_moving_block_percentile_bootstrap,percent_training_time,28.183966983042808,28.999683478317078,0.20916858462635365,25.139788422207026,32.16499900946301,1.7811527000763605,25.0163269199839,32.131360554285408,1.7968992411894917
classification_entropy,double_secretary|1overe,double_secretary,1overe,confirmatory,5,equal_dataset_weight_time_saved_centroid,4.9500829939525408,0.94999999999999996,122,10000,circular_moving_block_percentile_bootstrap,percent_training_time,4.4402042936984678,5.2617763321735316,0.20920785512785225,4.0691365976022151,5.8280374748620458,0.44634304272604841,3.8867062401039312,5.8128060195199085,0.49016193922359502
classification_entropy,double_secretary|ln_n,double_secretary,ln_n,exploratory,5,equal_dataset_weight_time_saved_centroid,25.175072611346241,0.94999999999999996,122,10000,circular_moving_block_percentile_bootstrap,percent_training_time,24.745691980184546,25.513953913617023,0.1927794050100245,21.887927927092267,28.475913428575385,1.6692891875656797,21.821512146442583,28.443852105073081,1.6799454504607976
classification_entropy,double_secretary|sqrt_n,double_secretary,sqrt_n,exploratory,5,equal_dataset_weight_time_saved_centroid,28.529004624345738,0.94999999999999996,122,10000,circular_moving_block_percentile_bootstrap,percent_training_time,28.009031040472163,28.835764729803589,0.21158668431747685,24.549066676216697,32.552790008611503,2.0338676382034562,24.397849329866997,32.463290793296188,2.0496793155305255
classification_entropy,extra_tree|max_features=1,extra_tree,max_features=1,confirmatory,5,equal_dataset_weight_time_saved_centroid,54.729075520935247,0.94999999999999996,122,10000,circular_moving_block_percentile_bootstrap,percent_training_time,54.25913022175412,54.95636684871706,0.17882161492164036,48.719007527058245,60.728305077382757,3.0385654151587582,48.498414735133331,60.610567445272757,3.053712714041704
classification_entropy,extra_tree|max_features=1over3,extra_tree,max_features=1over3,confirmatory,5,equal_dataset_weight_time_saved_centroid,49.266057772195438,0.94999999999999996,122,10000,circular_moving_block_percentile_bootstrap,percent_training_time,48.817569508250763,49.531101720049044,0.18118775183432245,43.411050294460452,55.063347773165376,2.9442586428083697,43.331856036302398,54.979621438000855,2.9553676410447363
classification_entropy,extra_tree|max_features=2over3,extra_tree,max_features=2over3,confirmatory,5,equal_dataset_weight_time_saved_centroid,43.907800274157459,0.94999999999999996,122,10000,circular_moving_block_percentile_bootstrap,percent_training_time,43.470893301437741,44.18769660377599,0.18445181661570226,38.176042620055739,49.642716987540268,2.8978404920654861,38.117654642535896,49.582349540157267,2.9055565769907772
classification_entropy,extra_tree|max_features=all,extra_tree,max_features=all,confirmatory,5,equal_dataset_weight_time_saved_centroid,38.614447409202924,0.94999999999999996,122,10000,circular_moving_block_percentile_bootstrap,percent_training_time,38.147005154338771,38.86288430030379,0.18102216436040697,32.864257193191399,44.363432040832421,2.9209903073203152,32.737175050832079,44.284260184557411,2.935006517748052
classification_entropy,prophet_1sample|,prophet_1sample,,confirmatory,5,equal_dataset_weight_time_saved_centroid,17.225130512889304,0.94999999999999996,122,10000,circular_moving_block_percentile_bootstrap,percent_training_time,16.751027321043001,17.551814112914137,0.20505499826811605,10.921239686390185,23.440393767524711,3.1812914591941865,10.85101228008333,23.36417652829369,3.1887591650324345
classification_entropy,secretary_all|0.1n,secretary_all,0.1n,exploratory,5,equal_dataset_weight_time_saved_centroid,31.524811635922585,0.94999999999999996,122,10000,circular_moving_block_percentile_bootstrap,percent_training_time,30.982422904461664,31.812301382966989,0.21002264236263304,27.873980380478898,35.154319968241722,1.8468441462829772,27.725751032397604,35.045419108734222,1.8622466521023089
classification_entropy,secretary_all|1overe,secretary_all,1overe,confirmatory,5,equal_dataset_weight_time_saved_centroid,12.590728754327429,0.94999999999999996,122,10000,circular_moving_block_percentile_bootstrap,percent_training_time,12.113872742795055,12.960290895061538,0.21366434088458428,11.276944948059333,13.870456907565368,0.6627050250649219,11.135301742448815,13.883653701152788,0.69254766753854768
classification_entropy,secretary_all|ln_n,secretary_all,ln_n,exploratory,5,equal_dataset_weight_time_saved_centroid,28.676224392632456,0.94999999999999996,122,10000,circular_moving_block_percentile_bootstrap,percent_training_time,28.179785788673168,29.004880132385352,0.21039695023096705,25.22618674321113,32.115535752102389,1.7510990977899434,25.106448530001636,32.081255486176119,1.7734646435137458
classification_entropy,secretary_all|sqrt_n,secretary_all,sqrt_n,exploratory,5,equal_dataset_weight_time_saved_centroid,32.204772149764672,0.94999999999999996,122,10000,circular_moving_block_percentile_bootstrap,percent_training_time,31.798780835970813,32.579204736522691,0.20074710685857164,28.099822315410503,36.299065014722707,2.0796007573508843,28.101001927658842,36.30365049430123,2.0852473056375067
classification_entropy,secretary|0.1n,secretary,0.1n,exploratory,5,equal_dataset_weight_time_saved_centroid,35.931773251452327,0.94999999999999996,122,10000,circular_moving_block_percentile_bootstrap,percent_training_time,35.467565479337431,36.27639753590249,0.20707186430788524,31.330670427309588,40.491059437358977,2.318165279813476,31.211211322991364,40.40860457888256,2.3299943794209539
classification_entropy,secretary|1overe,secretary,1overe,confirmatory,5,equal_dataset_weight_time_saved_centroid,12.58724539881112,0.94999999999999996,122,10000,circular_moving_block_percentile_bootstrap,percent_training_time,12.050420730356802,12.967890904105388,0.23681953880029666,9.8145016481098217,15.291343677664313,1.4042785968654454,9.6828063303461516,15.268765332265515,1.4217193314591232
classification_entropy,secretary|ln_n,secretary,ln_n,exploratory,5,equal_dataset_weight_time_saved_centroid,33.497676202467908,0.94999999999999996,122,10000,circular_moving_block_percentile_bootstrap,percent_training_time,33.035021593066418,33.768859624451615,0.18822542703635703,29.226018351724353,37.740073384916641,2.1636379220695314,29.089570299031099,37.676283690784189,2.1771963265641241
classification_entropy,secretary|sqrt_n,secretary,sqrt_n,exploratory,5,equal_dataset_weight_time_saved_centroid,36.777654252606268,0.94999999999999996,122,10000,circular_moving_block_percentile_bootstrap,percent_training_time,36.336156257677594,36.974210544899613,0.16423182840722439,32.138702459542131,41.454449016092511,2.3693561848365201,31.988664004479546,41.353014195386017,2.379124713286636
classification_entropy,best|,best,,confirmatory,10,equal_dataset_weight_time_saved_centroid,0,0.94999999999999996,122,10000,circular_moving_block_percentile_bootstrap,percent_training_time,0,0,0,0,0,0,0,0,0
classification_entropy,block_rank|,block_rank,,confirmatory,10,equal_dataset_weight_time_saved_centroid,45.076776515837011,0.94999999999999996,122,10000,circular_moving_block_percentile_bootstrap,percent_training_time,44.624134469978884,45.387390857960696,0.19479043906043042,39.577081598368714,50.410127146556029,2.7772747925900361,39.476047665506556,50.357786967213862,2.7886780644198597
classification_entropy,double_secretary|0.1n,double_secretary,0.1n,exploratory,10,equal_dataset_weight_time_saved_centroid,28.673871797126409,0.94999999999999996,122,10000,circular_moving_block_percentile_bootstrap,percent_training_time,28.208872912156611,29.024794642049397,0.20708982527398609,25.191668031363609,32.091544756650485,1.7722111503863467,25.08812180022311,32.057390260585159,1.7903173302362012
classification_entropy,double_secretary|1overe,double_secretary,1overe,confirmatory,10,equal_dataset_weight_time_saved_centroid,4.9500829939525408,0.94999999999999996,122,10000,circular_moving_block_percentile_bootstrap,percent_training_time,4.4435347448213989,5.2516095510181948,0.20633813845334359,4.0550607588480858,5.8441196074858404,0.45019706544133242,3.8745952898082501,5.8200750355105066,0.4944040700517055
classification_entropy,double_secretary|ln_n,double_secretary,ln_n,exploratory,10,equal_dataset_weight_time_saved_centroid,25.175072611346241,0.94999999999999996,122,10000,circular_moving_block_percentile_bootstrap,percent_training_time,24.734873942724249,25.503358181640742,0.1968004431228341,21.924450239245015,28.410170178039223,1.6609361262356599,21.853481428620782,28.393224577443696,1.6751040221690296
classification_entropy,double_secretary|sqrt_n,double_secretary,sqrt_n,exploratory,10,equal_dataset_weight_time_saved_centroid,28.529004624345738,0.94999999999999996,122,10000,circular_moving_block_percentile_bootstrap,percent_training_time,28.016867662920085,28.830516362804193,0.20857790626869793,24.578437131474505,32.525508207900792,2.0254500668998321,24.442150252750537,32.476192215993834,2.042180877379046
classification_entropy,extra_tree|max_features=1,extra_tree,max_features=1,confirmatory,10,equal_dataset_weight_time_saved_centroid,54.729075520935247,0.94999999999999996,122,10000,circular_moving_block_percentile_bootstrap,percent_training_time,54.258482063299837,54.96340755212465,0.17936828957696097,48.716446782651246,60.501304142031017,3.0304829356622394,48.600924301390634,60.46170272245481,3.0478289272532586
classification_entropy,extra_tree|max_features=1over3,extra_tree,max_features=1over3,confirmatory,10,equal_dataset_weight_time_saved_centroid,49.266057772195438,0.94999999999999996,122,10000,circular_moving_block_percentile_bootstrap,percent_training_time,48.833562793939777,49.536465127332363,0.17883791705172489,43.531977732174091,54.871410994458778,2.9362653150646634,43.413518655113855,54.806899979789215,2.9487544397052425
classification_entropy,extra_tree|max_features=2over3,extra_tree,max_features=2over3,confirmatory,10,equal_dataset_weight_time_saved_centroid,43.907800274157459,0.94999999999999996,122,10000,circular_moving_block_percentile_bootstrap,percent_training_time,43.474848668112003,44.200217585266373,0.18365698153842713,38.223381298149093,49.508063018721955,2.894368422034121,38.178891881672648,49.496577854847295,2.9077653478821817
classification_entropy,extra_tree|max_features=all,extra_tree,max_features=all,confirmatory,10,equal_dataset_weight_time_saved_centroid,38.614447409202924,0.94999999999999996,122,10000,circular_moving_block_percentile_bootstrap,percent_training_time,38.156272031931834,38.861606408151843,0.17823355685505476,33.007329937239462,44.411411454724295,2.9247233182952259,32.880485616739868,44.316531159770562,2.9374043799023282
classification_entropy,prophet_1sample|,prophet_1sample,,confirmatory,10,equal_dataset_weight_time_saved_centroid,17.225130512889304,0.94999999999999996,122,10000,circular_moving_block_percentile_bootstrap,percent_training_time,16.754440284291338,17.552780407336652,0.20266100182267424,11.024252788908573,23.556603760870996,3.1932099031520669,10.896228049396601,23.524483793861556,3.200852961539872
classification_entropy,secretary_all|0.1n,secretary_all,0.1n,exploratory,10,equal_dataset_weight_time_saved_centroid,31.524811635922585,0.94999999999999996,122,10000,circular_moving_block_percentile_bootstrap,percent_training_time,30.989615931573329,31.82132283141285,0.21115222074006221,27.853275721856438,35.109055112477236,1.8414284554129963,27.718148579524687,35.038915486703722,1.8600664030526497
classification_entropy,secretary_all|1overe,secretary_all,1overe,confirmatory,10,equal_dataset_weight_time_saved_centroid,12.590728754327429,0.94999999999999996,122,10000,circular_moving_block_percentile_bootstrap,percent_training_time,12.118474123324408,12.957285695766696,0.21611321705360886,11.290543218323792,13.863841449308147,0.65837192022240676,11.18626987764984,13.886447739844682,0.68935859051396453
classification_entropy,secretary_all|ln_n,secretary_all,ln_n,exploratory,10,equal_dataset_weight_time_saved_centroid,28.676224392632456,0.94999999999999996,122,10000,circular_moving_block_percentile_bootstrap,percent_training_time,28.186806018820896,29.011791213356936,0.20914093366406786,25.2418577150519,32.074676962005405,1.7376622557892951,25.133470680970664,32.015037082074123,1.7606156876321815
classification_entropy,secretary_all|sqrt_n,secretary_all,sqrt_n,exploratory,10,equal_dataset_weight_time_saved_centroid,32.204772149764672,0.94999999999999996,122,10000,circular_moving_block_percentile_bootstrap,percent_training_time,31.799797481584481,32.582693467294654,0.20039228092040753,28.107651399012926,36.277375315250744,2.0760858885931004,28.110213424580003,36.251309529605905,2.0833879549420322
classification_entropy,secretary|0.1n,secretary,0.1n,exploratory,10,equal_dataset_weight_time_saved_centroid,35.931773251452327,0.94999999999999996,122,10000,circular_moving_block_percentile_bootstrap,percent_training_time,35.453391369067425,36.27714283503127,0.20935878145863182,31.386202642314252,40.374289891461061,2.3168557310877156,31.244440205560945,40.413648516883342,2.3298034935312519
classification_entropy,secretary|1overe,secretary,1overe,confirmatory,10,equal_dataset_weight_time_saved_centroid,12.58724539881112,0.94999999999999996,122,10000,circular_moving_block_percentile_bootstrap,percent_training_time,12.05523139073839,12.997415407540037,0.24167989410117666,9.8799919221048871,15.323849076409026,1.4004195023240931,9.7658439476749788,15.280953482001255,1.417083467407064
classification_entropy,secretary|ln_n,secretary,ln_n,exploratory,10,equal_dataset_weight_time_saved_centroid,33.497676202467908,0.94999999999999996,122,10000,circular_moving_block_percentile_bootstrap,percent_training_time,33.040115037054804,33.773989582475366,0.18744087009379015,29.27200557478611,37.740227986536752,2.1540744202770985,29.15626284466704,37.681753823287785,2.1677390370846714
classification_entropy,secretary|sqrt_n,secretary,sqrt_n,exploratory,10,equal_dataset_weight_time_saved_centroid,36.777654252606268,0.94999999999999996,122,10000,circular_moving_block_percentile_bootstrap,percent_training_time,36.36177223833338,36.994919214560099,0.16054511446811862,32.123350013258261,41.430333770807955,2.3682798172381023,32.032123630301889,41.380628339239138,2.3789756653253473
